Time,Ciudad Vieja,Punta Carretas,Curva de Maroñas,La Blanqueada,Prado,Lezica,Casavalle,Carrasco,Manga,Cerro,Malvín,La Esperanza,Santiago Vázquez,Colón,Paso de la Arena
2024-11-17 04:54:25,,,,,,,,,,,0.00,,,,
2024-11-17 04:54:46,,,0.00,,,,,,,,,,,,
2024-11-17 04:54:55,,,,,,,,,,,,,,0.00,
2024-11-17 04:55:02,,,,,,,,,,,,,,,0.00
2024-11-17 04:55:04,,0.00,,,,,,,,,,,,,
2024-11-17 04:55:29,,,,0.00,,,,,,,,,,,
2024-11-17 04:55:40,,,,,,0.00,,,,,,,,,
2024-11-17 04:55:43,0.00,,,,,,,,,,,,,,
2024-11-17 04:56:36,,,,,,,,,,0.00,,,,,
2024-11-17 04:56:48,,,,,,,1.00,,,,,,,,
2024-11-17 04:57:30,,,,,,,,0.00,,,,,,,
2024-11-17 04:58:34,,,,,0.00,,,,,,,,,,
2024-11-17 04:58:34,,,,,,,,,,,,,0.00,,
2024-11-17 04:58:38,,,,,,,,,,,,0.00,,,
2024-11-17 04:59:00,,,,,,,,,0.00,,,,,,
2024-11-17 04:59:25,,,,,,,,,,,0.00,,,,
2024-11-17 04:59:46,,,0.00,,,,,,,,,,,,
2024-11-17 04:59:55,,,,,,,,,,,,,,0.00,
2024-11-17 05:00:02,,,,,,,,,,,,,,,0.00
2024-11-17 05:00:04,,0.00,,,,,,,,,,,,,
2024-11-17 05:00:29,,,,0.00,,,,,,,,,,,
2024-11-17 05:00:40,,,,,,0.00,,,,,,,,,
2024-11-17 05:00:42,0.00,,,,,,,,,,,,,,
2024-11-17 05:01:37,,,,,,,,,,0.00,,,,,
2024-11-17 05:01:48,,,,,,,2.00,,,,,,,,
2024-11-17 05:02:30,,,,,,,,0.00,,,,,,,
2024-11-17 05:03:34,,,,,0.00,,,,,,,,,,
2024-11-17 05:03:34,,,,,,,,,,,,,0.51,,
2024-11-17 05:03:38,,,,,,,,,,,,0.00,,,
2024-11-17 05:04:00,,,,,,,,,0.00,,,,,,
2024-11-17 05:04:25,,,,,,,,,,,0.00,,,,
2024-11-17 05:04:46,,,0.00,,,,,,,,,,,,
2024-11-17 05:04:55,,,,,,,,,,,,,,0.00,
2024-11-17 05:05:02,,,,,,,,,,,,,,,0.00
2024-11-17 05:05:04,,0.00,,,,,,,,,,,,,
2024-11-17 05:05:29,,,,0.00,,,,,,,,,,,
2024-11-17 05:05:40,,,,,,0.00,,,,,,,,,
2024-11-17 05:05:44,0.00,,,,,,,,,,,,,,
2024-11-17 05:06:37,,,,,,,,,,0.00,,,,,
2024-11-17 05:06:48,,,,,,,0.00,,,,,,,,
2024-11-17 05:07:30,,,,,,,,0.00,,,,,,,
2024-11-17 05:08:34,,,,,0.00,,,,,,,,,,
2024-11-17 05:08:34,,,,,,,,,,,,,0.51,,
2024-11-17 05:08:38,,,,,,,,,,,,0.00,,,
2024-11-17 05:09:00,,,,,,,,,0.00,,,,,,
2024-11-17 05:09:25,,,,,,,,,,,0.00,,,,
2024-11-17 05:09:46,,,0.00,,,,,,,,,,,,
2024-11-17 05:09:55,,,,,,,,,,,,,,0.00,
2024-11-17 05:10:02,,,,,,,,,,,,,,,0.00
2024-11-17 05:10:04,,0.00,,,,,,,,,,,,,
2024-11-17 05:10:29,,,,0.00,,,,,,,,,,,
2024-11-17 05:10:40,,,,,,0.00,,,,,,,,,
2024-11-17 05:10:42,0.00,,,,,,,,,,,,,,
2024-11-17 05:11:37,,,,,,,,,,0.00,,,,,
2024-11-17 05:11:48,,,,,,,0.00,,,,,,,,
2024-11-17 05:12:30,,,,,,,,0.00,,,,,,,
2024-11-17 05:13:34,,,,,0.00,,,,,,,,,,
2024-11-17 05:13:34,,,,,,,,,,,,,1.02,,
2024-11-17 05:13:38,,,,,,,,,,,,0.00,,,
2024-11-17 05:14:00,,,,,,,,,0.00,,,,,,
2024-11-17 05:14:25,,,,,,,,,,,0.00,,,,
2024-11-17 05:14:46,,,0.00,,,,,,,,,,,,
2024-11-17 05:14:55,,,,,,,,,,,,,,0.00,
2024-11-17 05:15:02,,,,,,,,,,,,,,,0.76
2024-11-17 05:15:04,,0.00,,,,,,,,,,,,,
2024-11-17 05:15:29,,,,0.00,,,,,,,,,,,
2024-11-17 05:15:40,,,,,,0.00,,,,,,,,,
2024-11-17 05:15:42,0.00,,,,,,,,,,,,,,
2024-11-17 05:16:37,,,,,,,,,,0.76,,,,,
2024-11-17 05:16:48,,,,,,,0.00,,,,,,,,
2024-11-17 05:17:30,,,,,,,,0.00,,,,,,,
2024-11-17 05:18:34,,,,,0.00,,,,,,,,,,
2024-11-17 05:18:34,,,,,,,,,,,,,1.27,,
2024-11-17 05:18:38,,,,,,,,,,,,0.00,,,
2024-11-17 05:19:00,,,,,,,,,0.00,,,,,,
2024-11-17 05:19:25,,,,,,,,,,,0.00,,,,
2024-11-17 05:19:46,,,0.00,,,,,,,,,,,,
2024-11-17 05:19:55,,,,,,,,,,,,,,0.00,
2024-11-17 05:20:02,,,,,,,,,,,,,,,0.76
2024-11-17 05:20:04,,0.00,,,,,,,,,,,,,
2024-11-17 05:20:29,,,,0.00,,,,,,,,,,,
2024-11-17 05:20:40,,,,,,0.00,,,,,,,,,
2024-11-17 05:20:42,0.20,,,,,,,,,,,,,,
2024-11-17 05:21:37,,,,,,,,,,1.27,,,,,
2024-11-17 05:21:48,,,,,,,0.00,,,,,,,,
2024-11-17 05:22:30,,,,,,,,0.00,,,,,,,
2024-11-17 05:23:34,,,,,0.00,,,,,,,,,,
2024-11-17 05:23:34,,,,,,,,,,,,,2.54,,
2024-11-17 05:23:38,,,,,,,,,,,,0.00,,,
2024-11-17 05:24:00,,,,,,,,,0.00,,,,,,
2024-11-17 05:24:25,,,,,,,,,,,0.00,,,,
2024-11-17 05:24:46,,,0.00,,,,,,,,,,,,
2024-11-17 05:24:55,,,,,,,,,,,,,,0.00,
2024-11-17 05:25:02,,,,,,,,,,,,,,,0.76
2024-11-17 05:25:04,,0.00,,,,,,,,,,,,,
2024-11-17 05:25:29,,,,0.25,,,,,,,,,,,
2024-11-17 05:25:40,,,,,,0.00,,,,,,,,,
2024-11-17 05:25:43,0.80,,,,,,,,,,,,,,
2024-11-17 05:26:37,,,,,,,,,,1.27,,,,,
2024-11-17 05:26:48,,,,,,,0.00,,,,,,,,
2024-11-17 05:27:30,,,,,,,,0.00,,,,,,,
2024-11-17 05:28:34,,,,,0.00,,,,,,,,,,
2024-11-17 05:28:34,,,,,,,,,,,,,3.30,,
2024-11-17 05:28:38,,,,,,,,,,,,0.00,,,
2024-11-17 05:29:00,,,,,,,,,0.00,,,,,,
2024-11-17 05:29:25,,,,,,,,,,,0.00,,,,
2024-11-17 05:29:46,,,0.00,,,,,,,,,,,,
2024-11-17 05:29:55,,,,,,,,,,,,,,0.00,
2024-11-17 05:30:03,,,,,,,,,,,,,,,0.76
2024-11-17 05:30:04,,1.27,,,,,,,,,,,,,
2024-11-17 05:30:29,,,,0.25,,,,,,,,,,,
2024-11-17 05:30:40,,,,,,1.02,,,,,,,,,
2024-11-17 05:30:43,1.00,,,,,,,,,,,,,,
2024-11-17 05:31:37,,,,,,,,,,1.27,,,,,
2024-11-17 05:31:48,,,,,,,0.00,,,,,,,,
2024-11-17 05:32:30,,,,,,,,0.00,,,,,,,
2024-11-17 05:33:34,,,,,0.00,,,,,,,,,,
2024-11-17 05:33:34,,,,,,,,,,,,,4.83,,
2024-11-17 05:33:38,,,,,,,,,,,,0.00,,,
2024-11-17 05:34:00,,,,,,,,,0.00,,,,,,
2024-11-17 05:34:25,,,,,,,,,,,0.00,,,,
2024-11-17 05:34:46,,,0.00,,,,,,,,,,,,
2024-11-17 05:34:55,,,,,,,,,,,,,,0.00,
2024-11-17 05:35:04,,1.52,,,,,,,,,,,,,0.00
2024-11-17 05:35:29,,,,0.25,,,,,,,,,,,
2024-11-17 05:35:40,,,,,,5.84,,,,,,,,,
2024-11-17 05:35:43,1.00,,,,,,,,,,,,,,
2024-11-17 05:36:37,,,,,,,,,,1.27,,,,,
2024-11-17 05:36:48,,,,,,,0.00,,,,,,,,
2024-11-17 05:37:30,,,,,,,,0.00,,,,,,,
2024-11-17 05:38:34,,,,,0.00,,,,,,,,,,
2024-11-17 05:38:34,,,,,,,,,,,,,4.83,,
2024-11-17 05:38:38,,,,,,,,,,,,0.00,,,
2024-11-17 05:39:00,,,,,,,,,0.00,,,,,,
2024-11-17 05:39:25,,,,,,,,,,,0.00,,,,
2024-11-17 05:39:47,,,0.00,,,,,,,,,,,,
2024-11-17 05:39:55,,,,,,,,,,,,,,0.00,
2024-11-17 05:40:04,,1.52,,,,,,,,,,,,,
2024-11-17 05:40:05,,,,,,,,,,,,,,,0.25
2024-11-17 05:40:29,,,,0.25,,,,,,,,,,,
2024-11-17 05:40:40,,,,,,8.13,,,,,,,,,
2024-11-17 05:40:43,1.00,,,,,,,,,,,,,,
2024-11-17 05:41:37,,,,,,,,,,1.27,,,,,
2024-11-17 05:41:48,,,,,,,0.00,,,,,,,,
2024-11-17 05:42:30,,,,,,,,0.00,,,,,,,
2024-11-17 05:43:34,,,,,2.29,,,,,,,,,,
2024-11-17 05:43:34,,,,,,,,,,,,,4.83,,
2024-11-17 05:43:38,,,,,,,,,,,,0.00,,,
2024-11-17 05:44:00,,,,,,,,,0.00,,,,,,
2024-11-17 05:44:25,,,,,,,,,,,0.00,,,,
2024-11-17 05:44:47,,,0.51,,,,,,,,,,,,
2024-11-17 05:44:55,,,,,,,,,,,,,,0.00,
2024-11-17 05:45:04,,1.52,,,,,,,,,,,,,
2024-11-17 05:45:05,,,,,,,,,,,,,,,0.25
2024-11-17 05:45:29,,,,2.29,,,,,,,,,,,
2024-11-17 05:45:40,,,,,,8.13,,,,,,,,,
2024-11-17 05:45:43,1.00,,,,,,,,,,,,,,
2024-11-17 05:46:37,,,,,,,,,,1.27,,,,,
2024-11-17 05:46:48,,,,,,,0.00,,,,,,,,
2024-11-17 05:47:32,,,,,,,,0.51,,,,,,,
2024-11-17 05:48:34,,,,,2.79,,,,,,,,,,
2024-11-17 05:48:34,,,,,,,,,,,,,5.59,,
2024-11-17 05:48:38,,,,,,,,,,,,0.51,,,
2024-11-17 05:49:00,,,,,,,,,0.00,,,,,,
2024-11-17 05:49:25,,,,,,,,,,,0.00,,,,
2024-11-17 05:49:47,,,1.78,,,,,,,,,,,,
2024-11-17 05:49:55,,,,,,,,,,,,,,0.00,
2024-11-17 05:50:05,,1.52,,,,,,,,,,,,,0.25
2024-11-17 05:50:29,,,,3.30,,,,,,,,,,,
2024-11-17 05:50:40,,,,,,8.13,,,,,,,,,
2024-11-17 05:50:43,1.00,,,,,,,,,,,,,,
2024-11-17 05:51:37,,,,,,,,,,1.27,,,,,
2024-11-17 05:51:48,,,,,,,0.00,,,,,,,,
2024-11-17 05:52:32,,,,,,,,5.84,,,,,,,
2024-11-17 05:53:34,,,,,2.79,,,,,,,,,,
2024-11-17 05:53:34,,,,,,,,,,,,,5.84,,
2024-11-17 05:53:38,,,,,,,,,,,,1.27,,,
2024-11-17 05:54:00,,,,,,,,,0.00,,,,,,
2024-11-17 05:54:25,,,,,,,,,,,0.51,,,,
2024-11-17 05:54:47,,,2.03,,,,,,,,,,,,
2024-11-17 05:54:55,,,,,,,,,,,,,,0.00,
2024-11-17 05:55:05,,2.54,,,,,,,,,,,,,0.25
2024-11-17 05:55:29,,,,3.56,,,,,,,,,,,
2024-11-17 05:55:40,,,,,,8.13,,,,,,,,,
2024-11-17 05:55:44,1.00,,,,,,,,,,,,,,
2024-11-17 05:56:37,,,,,,,,,,1.27,,,,,
2024-11-17 05:56:48,,,,,,,0.00,,,,,,,,
2024-11-17 05:57:32,,,,,,,,9.40,,,,,,,
2024-11-17 05:58:34,,,,,2.79,,,,,,,,,,
2024-11-17 05:58:34,,,,,,,,,,,,,6.35,,
2024-11-17 05:58:38,,,,,,,,,,,,1.78,,,
2024-11-17 05:59:00,,,,,,,,,0.00,,,,,,
2024-11-17 05:59:25,,,,,,,,,,,0.51,,,,
2024-11-17 05:59:47,,,2.03,,,,,,,,,,,,
2024-11-17 05:59:55,,,,,,,,,,,,,,0.00,
2024-11-17 06:00:05,,2.54,,,,,,,,,,,,,0.51
2024-11-17 06:00:29,,,,3.81,,,,,,,,,,,
2024-11-17 06:00:40,,,,,,8.13,,,,,,,,,
2024-11-17 06:00:43,1.00,,,,,,,,,,,,,,
2024-11-17 06:01:37,,,,,,,,,,1.27,,,,,
2024-11-17 06:01:48,,,,,,,0.00,,,,,,,,
2024-11-17 06:02:32,,,,,,,,10.16,,,,,,,
2024-11-17 06:03:34,,,,,2.79,,,,,,,,,,
2024-11-17 06:03:34,,,,,,,,,,,,,6.35,,
2024-11-17 06:04:00,,,,,,,,,0.00,,,,,,
2024-11-17 06:04:25,,,,,,,,,,,0.51,,,,
2024-11-17 06:04:47,,,2.03,,,,,,,,,,,,
2024-11-17 06:04:56,,,,,,,,,,,,,,0.00,
2024-11-17 06:05:05,,2.54,,,,,,,,,,,,,0.51
2024-11-17 06:05:29,,,,3.81,,,,,,,,,,,
2024-11-17 06:05:40,,,,,,8.13,,,,,,,,,
2024-11-17 06:05:44,1.00,,,,,,,,,,,,,,
2024-11-17 06:06:37,,,,,,,,,,1.27,,,,,
2024-11-17 06:06:48,,,,,,,0.00,,,,,,,,
2024-11-17 06:07:32,,,,,,,,10.16,,,,,,,
2024-11-17 06:08:34,,,,,2.79,,,,,,,,,,
2024-11-17 06:08:34,,,,,,,,,,,,,6.35,,
2024-11-17 06:09:00,,,,,,,,,0.00,,,,,,
2024-11-17 06:09:25,,,,,,,,,,,1.02,,,,
2024-11-17 06:09:56,,,,,,,,,,,,,,0.00,
2024-11-17 06:10:05,,2.54,,,,,,,,,,,,,0.51
2024-11-17 06:10:06,,,0.00,,,,,,,,,,,,
2024-11-17 06:10:29,,,,3.81,,,,,,,,,,,
2024-11-17 06:10:40,,,,,,8.13,,,,,,,,,
2024-11-17 06:10:43,1.00,,,,,,,,,,,,,,
2024-11-17 06:11:37,,,,,,,,,,1.27,,,,,
2024-11-17 06:11:48,,,,,,,0.00,,,,,,,,
2024-11-17 06:12:32,,,,,,,,10.16,,,,,,,
2024-11-17 06:13:34,,,,,2.79,,,,,,,,,,
2024-11-17 06:13:34,,,,,,,,,,,,,6.35,,
2024-11-17 06:14:00,,,,,,,,,0.00,,,,,,
2024-11-17 06:14:25,,,,,,,,,,,1.02,,,,
2024-11-17 06:14:56,,,,,,,,,,,,,,0.00,
2024-11-17 06:15:05,,2.54,,,,,,,,,,,,,0.51
2024-11-17 06:15:06,,,0.00,,,,,,,,,,,,
2024-11-17 06:15:29,,,,3.81,,,,,,,,,,,
2024-11-17 06:15:40,,,,,,8.38,,,,,,,,,
2024-11-17 06:15:43,1.00,,,,,,,,,,,,,,
2024-11-17 06:16:37,,,,,,,,,,1.27,,,,,
2024-11-17 06:16:48,,,,,,,0.00,,,,,,,,
2024-11-17 06:17:32,,,,,,,,10.16,,,,,,,
2024-11-17 06:18:34,,,,,2.79,,,,,,,,,,
2024-11-17 06:18:34,,,,,,,,,,,,,6.35,,
2024-11-17 06:19:00,,,,,,,,,0.00,,,,,,
2024-11-17 06:19:25,,,,,,,,,,,1.02,,,,
2024-11-17 06:19:56,,,,,,,,,,,,,,0.00,
2024-11-17 06:20:05,,2.54,,,,,,,,,,,,,0.51
2024-11-17 06:20:06,,,0.00,,,,,,,,,,,,
2024-11-17 06:20:29,,,,3.81,,,,,,,,,,,
2024-11-17 06:20:40,,,,,,8.38,,,,,,,,,
2024-11-17 06:20:43,1.00,,,,,,,,,,,,,,
2024-11-17 06:21:37,,,,,,,,,,1.27,,,,,
2024-11-17 06:21:48,,,,,,,0.00,,,,,,,,
2024-11-17 06:22:32,,,,,,,,10.16,,,,,,,
2024-11-17 06:23:34,,,,,2.79,,,,,,,,,,
2024-11-17 06:23:34,,,,,,,,,,,,,6.35,,
2024-11-17 06:24:01,,,,,,,,,0.00,,,,,,
2024-11-17 06:24:25,,,,,,,,,,,1.02,,,,
2024-11-17 06:24:56,,,,,,,,,,,,,,0.00,
2024-11-17 06:25:05,,2.54,,,,,,,,,,,,,0.51
2024-11-17 06:25:06,,,0.00,,,,,,,,,,,,
2024-11-17 06:25:29,,,,3.81,,,,,,,,,,,
2024-11-17 06:25:40,,,,,,8.38,,,,,,,,,
2024-11-17 06:25:43,1.00,,,,,,,,,,,,,,
2024-11-17 06:26:39,,,,,,,,,,1.27,,,,,
2024-11-17 06:26:48,,,,,,,0.00,,,,,,,,
2024-11-17 06:27:32,,,,,,,,10.16,,,,,,,
2024-11-17 06:28:34,,,,,2.79,,,,,,,,,,
2024-11-17 06:28:34,,,,,,,,,,,,,6.35,,
2024-11-17 06:29:01,,,,,,,,,0.00,,,,,,
2024-11-17 06:29:25,,,,,,,,,,,1.02,,,,
2024-11-17 06:29:56,,,,,,,,,,,,,,0.00,
2024-11-17 06:30:05,,2.54,,,,,,,,,,,,,0.51
2024-11-17 06:30:06,,,0.00,,,,,,,,,,,,
2024-11-17 06:30:29,,,,3.81,,,,,,,,,,,
2024-11-17 06:30:40,,,,,,8.38,,,,,,,,,
2024-11-17 06:30:43,1.00,,,,,,,,,,,,,,
2024-11-17 06:31:39,,,,,,,,,,1.27,,,,,
2024-11-17 06:31:48,,,,,,,0.00,,,,,,,,
2024-11-17 06:32:32,,,,,,,,10.16,,,,,,,
2024-11-17 06:33:34,,,,,2.79,,,,,,,,,,
2024-11-17 06:33:34,,,,,,,,,,,,,6.35,,
2024-11-17 06:34:01,,,,,,,,,0.00,,,,,,
2024-11-17 06:34:25,,,,,,,,,,,1.02,,,,
2024-11-17 06:34:56,,,,,,,,,,,,,,0.00,
2024-11-17 06:35:05,,2.54,,,,,,,,,,,,,0.51
2024-11-17 06:35:06,,,0.00,,,,,,,,,,,,
2024-11-17 06:35:29,,,,3.81,,,,,,,,,,,
2024-11-17 06:35:40,,,,,,8.38,,,,,,,,,
2024-11-17 06:35:43,1.00,,,,,,,,,,,,,,
2024-11-17 06:36:39,,,,,,,,,,1.27,,,,,
2024-11-17 06:36:48,,,,,,,0.00,,,,,,,,
2024-11-17 06:37:32,,,,,,,,10.16,,,,,,,
2024-11-17 06:38:34,,,,,2.79,,,,,,,,,,
2024-11-17 06:38:34,,,,,,,,,,,,,6.35,,
2024-11-17 06:39:01,,,,,,,,,0.00,,,,,,
2024-11-17 06:39:25,,,,,,,,,,,1.02,,,,
2024-11-17 06:39:56,,,,,,,,,,,,,,0.00,
2024-11-17 06:40:05,,2.54,,,,,,,,,,,,,0.51
2024-11-17 06:40:06,,,0.00,,,,,,,,,,,,
2024-11-17 06:40:29,,,,3.81,,,,,,,,,,,
2024-11-17 06:40:40,,,,,,8.38,,,,,,,,,
2024-11-17 06:40:46,1.00,,,,,,,,,,,,,,
2024-11-17 06:41:39,,,,,,,,,,1.27,,,,,
2024-11-17 06:41:48,,,,,,,0.00,,,,,,,,
2024-11-17 06:42:32,,,,,,,,10.16,,,,,,,
2024-11-17 06:43:34,,,,,2.79,,,,,,,,,,
2024-11-17 06:43:34,,,,,,,,,,,,,6.35,,
2024-11-17 06:44:01,,,,,,,,,0.00,,,,,,
2024-11-17 06:44:25,,,,,,,,,,,1.02,,,,
2024-11-17 06:44:56,,,,,,,,,,,,,,0.00,
2024-11-17 06:45:05,,2.54,,,,,,,,,,,,,
2024-11-17 06:45:06,,,0.00,,,,,,,,,,,,0.51
2024-11-17 06:45:29,,,,3.81,,,,,,,,,,,
2024-11-17 06:45:40,,,,,,8.38,,,,,,,,,
2024-11-17 06:45:43,1.00,,,,,,,,,,,,,,
2024-11-17 06:46:39,,,,,,,,,,1.27,,,,,
2024-11-17 06:46:48,,,,,,,0.00,,,,,,,,
2024-11-17 06:47:32,,,,,,,,10.16,,,,,,,
2024-11-17 06:48:34,,,,,2.79,,,,,,,,,,
2024-11-17 06:48:34,,,,,,,,,,,,,6.35,,
2024-11-17 06:49:01,,,,,,,,,0.00,,,,,,
2024-11-17 06:49:25,,,,,,,,,,,1.02,,,,
2024-11-17 06:49:56,,,,,,,,,,,,,,0.00,
2024-11-17 06:50:06,,2.54,0.00,,,,,,,,,,,,0.51
2024-11-17 06:50:29,,,,3.81,,,,,,,,,,,
2024-11-17 06:50:40,,,,,,8.38,,,,,,,,,
2024-11-17 06:50:44,1.00,,,,,,,,,,,,,,
2024-11-17 06:51:39,,,,,,,,,,1.27,,,,,
2024-11-17 06:51:48,,,,,,,0.00,,,,,,,,
2024-11-17 06:52:32,,,,,,,,10.16,,,,,,,
2024-11-17 06:53:34,,,,,2.79,,,,,,,,,,
2024-11-17 06:53:34,,,,,,,,,,,,,6.35,,
2024-11-17 06:54:01,,,,,,,,,0.00,,,,,,
2024-11-17 06:54:25,,,,,,,,,,,1.02,,,,
2024-11-17 06:54:57,,,,,,,,,,,,,,0.00,
2024-11-17 06:55:06,,2.54,0.00,,,,,,,,,,,,0.00
2024-11-17 06:55:30,,,,3.81,,,,,,,,,,,
2024-11-17 06:55:40,,,,,,8.38,,,,,,,,,
2024-11-17 06:55:43,1.00,,,,,,,,,,,,,,
2024-11-17 06:56:39,,,,,,,,,,1.27,,,,,
2024-11-17 06:56:48,,,,,,,0.00,,,,,,,,
2024-11-17 06:57:32,,,,,,,,10.16,,,,,,,
2024-11-17 06:58:34,,,,,2.79,,,,,,,,,,
2024-11-17 06:58:34,,,,,,,,,,,,,6.35,,
2024-11-17 06:59:01,,,,,,,,,0.00,,,,,,
2024-11-17 06:59:25,,,,,,,,,,,1.02,,,,
2024-11-17 06:59:56,,,,,,,,,,,,,,0.00,
2024-11-17 07:00:06,,2.54,0.00,,,,,,,,,,,,0.00
2024-11-17 07:00:30,,,,3.81,,,,,,,,,,,
2024-11-17 07:00:40,,,,,,8.38,,,,,,,,,
2024-11-17 07:00:44,1.00,,,,,,,,,,,,,,
2024-11-17 07:01:39,,,,,,,,,,1.27,,,,,
2024-11-17 07:01:48,,,,,,,0.00,,,,,,,,
2024-11-17 07:02:32,,,,,,,,10.16,,,,,,,
2024-11-17 07:03:34,,,,,3.05,,,,,,,,,,
2024-11-17 07:03:34,,,,,,,,,,,,,6.35,,
2024-11-17 07:04:01,,,,,,,,,0.00,,,,,,
2024-11-17 07:04:25,,,,,,,,,,,1.02,,,,
2024-11-17 07:04:56,,,,,,,,,,,,,,0.00,
2024-11-17 07:05:06,,2.54,0.00,,,,,,,,,,,,0.00
2024-11-17 07:05:30,,,,3.81,,,,,,,,,,,
2024-11-17 07:05:40,,,,,,8.38,,,,,,,,,
2024-11-17 07:05:48,1.00,,,,,,,,,,,,,,
2024-11-17 07:06:39,,,,,,,,,,1.27,,,,,
2024-11-17 07:06:48,,,,,,,0.00,,,,,,,,
2024-11-17 07:07:32,,,,,,,,10.16,,,,,,,
2024-11-17 07:08:34,,,,,3.05,,,,,,,,,,
2024-11-17 07:08:34,,,,,,,,,,,,,6.35,,
2024-11-17 07:09:04,,,,,,,,,0.00,,,,,,
2024-11-17 07:09:25,,,,,,,,,,,1.02,,,,
2024-11-17 07:09:56,,,,,,,,,,,,,,0.00,
2024-11-17 07:10:06,,2.54,0.00,,,,,,,,,,,,0.00
2024-11-17 07:10:30,,,,3.81,,,,,,,,,,,
2024-11-17 07:10:40,,,,,,8.38,,,,,,,,,
2024-11-17 07:10:48,1.00,,,,,,,,,,,,,,
2024-11-17 07:11:39,,,,,,,,,,1.27,,,,,
2024-11-17 07:11:48,,,,,,,0.00,,,,,,,,
2024-11-17 07:12:32,,,,,,,,10.16,,,,,,,
2024-11-17 07:13:34,,,,,3.05,,,,,,,,,,
2024-11-17 07:13:34,,,,,,,,,,,,,6.35,,
2024-11-17 07:14:04,,,,,,,,,0.00,,,,,,
2024-11-17 07:14:25,,,,,,,,,,,1.02,,,,
2024-11-17 07:14:56,,,,,,,,,,,,,,0.00,
2024-11-17 07:15:06,,2.54,0.00,,,,,,,,,,,,0.00
2024-11-17 07:15:30,,,,3.81,,,,,,,,,,,
2024-11-17 07:15:40,,,,,,8.38,,,,,,,,,
2024-11-17 07:15:45,1.00,,,,,,,,,,,,,,
2024-11-17 07:16:39,,,,,,,,,,1.27,,,,,
2024-11-17 07:16:48,,,,,,,0.00,,,,,,,,
2024-11-17 07:17:32,,,,,,,,10.16,,,,,,,
2024-11-17 07:18:34,,,,,,,,,,,,,6.35,,
2024-11-17 07:18:34,,,,,3.05,,,,,,,,,,
2024-11-17 07:19:04,,,,,,,,,0.00,,,,,,
2024-11-17 07:19:25,,,,,,,,,,,1.02,,,,
2024-11-17 07:19:57,,,,,,,,,,,,,,0.00,
2024-11-17 07:20:06,,,,,,,,,,,,,,,0.00
2024-11-17 07:20:07,,2.54,0.00,,,,,,,,,,,,
2024-11-17 07:20:30,,,,3.81,,,,,,,,,,,
2024-11-17 07:20:40,,,,,,8.38,,,,,,,,,
2024-11-17 07:20:44,1.00,,,,,,,,,,,,,,
2024-11-17 07:21:39,,,,,,,,,,1.27,,,,,
2024-11-17 07:21:48,,,,,,,0.00,,,,,,,,
2024-11-17 07:22:32,,,,,,,,10.16,,,,,,,
2024-11-17 07:23:34,,,,,3.05,,,,,,,,6.35,,
2024-11-17 07:24:04,,,,,,,,,0.00,,,,,,
2024-11-17 07:24:25,,,,,,,,,,,1.02,,,,
2024-11-17 07:24:57,,,,,,,,,,,,,,0.00,
2024-11-17 07:25:06,,2.54,,,,,,,,,,,,,0.00
2024-11-17 07:25:07,,,0.00,,,,,,,,,,,,
2024-11-17 07:25:30,,,,3.81,,,,,,,,,,,
2024-11-17 07:25:40,,,,,,8.38,,,,,,,,,
2024-11-17 07:25:44,1.00,,,,,,,,,,,,,,
2024-11-17 07:26:39,,,,,,,,,,1.27,,,,,
2024-11-17 07:26:48,,,,,,,0.00,,,,,,,,
2024-11-17 07:27:32,,,,,,,,10.16,,,,,,,
2024-11-17 07:28:34,,,,,,,,,,,,,6.35,,
2024-11-17 07:28:34,,,,,3.05,,,,,,,,,,
2024-11-17 07:29:04,,,,,,,,,0.00,,,,,,
2024-11-17 07:29:25,,,,,,,,,,,1.02,,,,
2024-11-17 07:29:57,,,,,,,,,,,,,,0.00,
2024-11-17 07:30:06,,2.54,,,,,,,,,,,,,0.00
2024-11-17 07:30:07,,,0.00,,,,,,,,,,,,
2024-11-17 07:30:30,,,,3.81,,,,,,,,,,,
2024-11-17 07:30:40,,,,,,8.38,,,,,,,,,
2024-11-17 07:30:44,1.00,,,,,,,,,,,,,,
2024-11-17 07:31:39,,,,,,,,,,1.27,,,,,
2024-11-17 07:31:48,,,,,,,0.00,,,,,,,,
2024-11-17 07:32:32,,,,,,,,10.16,,,,,,,
2024-11-17 07:33:34,,,,,,,,,,,,,6.35,,
2024-11-17 07:33:34,,,,,3.05,,,,,,,,,,
2024-11-17 07:34:04,,,,,,,,,0.00,,,,,,
2024-11-17 07:34:25,,,,,,,,,,,1.02,,,,
2024-11-17 07:34:57,,,,,,,,,,,,,,0.00,
2024-11-17 07:35:06,,2.54,,,,,,,,,,,,,
2024-11-17 07:35:07,,,0.00,,,,,,,,,,,,0.00
2024-11-17 07:35:30,,,,3.81,,,,,,,,,,,
2024-11-17 07:35:40,,,,,,8.38,,,,,,,,,
2024-11-17 07:35:45,1.00,,,,,,,,,,,,,,
2024-11-17 07:36:39,,,,,,,,,,1.27,,,,,
2024-11-17 07:36:48,,,,,,,0.00,,,,,,,,
2024-11-17 07:37:32,,,,,,,,10.16,,,,,,,
2024-11-17 07:38:35,,,,,,,,,,,,,6.35,,
2024-11-17 07:38:35,,,,,3.05,,,,,,,,,,
2024-11-17 07:39:04,,,,,,,,,0.00,,,,,,
2024-11-17 07:39:26,,,,,,,,,,,1.02,,,,
2024-11-17 07:39:57,,,,,,,,,,,,,,0.00,
2024-11-17 07:40:06,,2.54,,,,,,,,,,,,,
2024-11-17 07:40:07,,,0.00,,,,,,,,,,,,0.00
2024-11-17 07:40:30,,,,3.81,,,,,,,,,,,
2024-11-17 07:40:40,,,,,,8.38,,,,,,,,,
2024-11-17 07:40:44,1.00,,,,,,,,,,,,,,
2024-11-17 07:41:39,,,,,,,,,,1.27,,,,,
2024-11-17 07:41:48,,,,,,,0.00,,,,,,,,
2024-11-17 07:42:32,,,,,,,,10.16,,,,,,,
2024-11-17 07:43:35,,,,,,,,,,,,,6.35,,
2024-11-17 07:43:35,,,,,3.05,,,,,,,,,,
2024-11-17 07:44:04,,,,,,,,,0.00,,,,,,
2024-11-17 07:44:26,,,,,,,,,,,1.02,,,,
2024-11-17 07:44:57,,,,,,,,,,,,,,0.00,
2024-11-17 07:45:06,,2.54,,,,,,,,,,,,,
2024-11-17 07:45:07,,,0.00,,,,,,,,,,,,0.00
2024-11-17 07:45:30,,,,3.81,,,,,,,,,,,
2024-11-17 07:45:40,,,,,,8.38,,,,,,,,,
2024-11-17 07:45:45,1.00,,,,,,,,,,,,,,
2024-11-17 07:46:39,,,,,,,,,,1.27,,,,,
2024-11-17 07:46:49,,,,,,,0.00,,,,,,,,
2024-11-17 07:47:32,,,,,,,,10.16,,,,,,,
2024-11-17 07:48:35,,,,,,,,,,,,,6.35,,
2024-11-17 07:48:35,,,,,3.05,,,,,,,,,,
2024-11-17 07:49:04,,,,,,,,,0.00,,,,,,
2024-11-17 07:49:26,,,,,,,,,,,1.02,,,,
2024-11-17 07:49:57,,,,,,,,,,,,,,0.00,
2024-11-17 07:50:06,,2.54,,,,,,,,,,,,,
2024-11-17 07:50:07,,,0.00,,,,,,,,,,,,0.00
2024-11-17 07:50:30,,,,3.81,,,,,,,,,,,
2024-11-17 07:50:40,,,,,,8.38,,,,,,,,,
2024-11-17 07:50:44,1.00,,,,,,,,,,,,,,
2024-11-17 07:51:39,,,,,,,,,,1.27,,,,,
2024-11-17 07:51:49,,,,,,,0.00,,,,,,,,
2024-11-17 07:52:34,,,,,,,,10.16,,,,,,,
2024-11-17 07:53:35,,,,,,,,,,,,,6.35,,
2024-11-17 07:53:35,,,,,3.05,,,,,,,,,,
2024-11-17 07:54:04,,,,,,,,,0.00,,,,,,
2024-11-17 07:54:26,,,,,,,,,,,1.02,,,,
2024-11-17 07:54:57,,,,,,,,,,,,,,0.00,
2024-11-17 07:55:07,,2.54,0.00,,,,,,,,,,,,0.00
2024-11-17 07:55:30,,,,3.81,,,,,,,,,,,
2024-11-17 07:55:40,,,,,,8.38,,,,,,,,,
2024-11-17 07:55:45,1.00,,,,,,,,,,,,,,
2024-11-17 07:56:40,,,,,,,,,,1.27,,,,,
2024-11-17 07:56:49,,,,,,,0.00,,,,,,,,
2024-11-17 07:57:34,,,,,,,,10.16,,,,,,,
2024-11-17 07:58:35,,,,,,,,,,,,,6.35,,
2024-11-17 07:58:35,,,,,3.05,,,,,,,,,,
2024-11-17 07:59:04,,,,,,,,,0.00,,,,,,
2024-11-17 07:59:26,,,,,,,,,,,1.02,,,,
2024-11-17 07:59:57,,,,,,,,,,,,,,0.00,
2024-11-17 08:00:07,,2.54,0.00,,,,,,,,,,,,0.00
2024-11-17 08:00:30,,,,3.81,,,,,,,,,,,
2024-11-17 08:00:40,,,,,,8.38,,,,,,,,,
2024-11-17 08:00:44,1.00,,,,,,,,,,,,,,
2024-11-17 08:01:40,,,,,,,,,,1.27,,,,,
2024-11-17 08:01:49,,,,,,,0.00,,,,,,,,
2024-11-17 08:02:34,,,,,,,,10.16,,,,,,,
2024-11-17 08:03:35,,,,,3.05,,,,,,,,,,
2024-11-17 08:03:35,,,,,,,,,,,,,6.35,,
2024-11-17 08:04:04,,,,,,,,,0.00,,,,,,
2024-11-17 08:04:26,,,,,,,,,,,1.02,,,,
2024-11-17 08:04:57,,,,,,,,,,,,,,0.00,
2024-11-17 08:05:07,,2.54,0.00,,,,,,,,,,,,0.00
2024-11-17 08:05:30,,,,3.81,,,,,,,,,,,
2024-11-17 08:05:40,,,,,,8.38,,,,,,,,,
2024-11-17 08:05:45,1.00,,,,,,,,,,,,,,
2024-11-17 08:06:40,,,,,,,,,,1.27,,,,,
2024-11-17 08:06:49,,,,,,,0.00,,,,,,,,
2024-11-17 08:07:35,,,,,,,,10.16,,,,,,,
2024-11-17 08:08:35,,,,,3.05,,,,,,,,,,
2024-11-17 08:08:35,,,,,,,,,,,,,6.35,,
2024-11-17 08:09:04,,,,,,,,,0.00,,,,,,
2024-11-17 08:09:26,,,,,,,,,,,1.02,,,,
2024-11-17 08:09:57,,,,,,,,,,,,,,0.00,
2024-11-17 08:10:07,,2.54,0.00,,,,,,,,,,,,0.00
2024-11-17 08:10:30,,,,3.81,,,,,,,,,,,
2024-11-17 08:10:40,,,,,,8.38,,,,,,,,,
2024-11-17 08:10:45,1.00,,,,,,,,,,,,,,
2024-11-17 08:11:40,,,,,,,,,,1.27,,,,,
2024-11-17 08:11:49,,,,,,,0.00,,,,,,,,
2024-11-17 08:12:35,,,,,,,,10.16,,,,,,,
2024-11-17 08:13:35,,,,,3.05,,,,,,,,,,
2024-11-17 08:13:35,,,,,,,,,,,,,6.35,,
2024-11-17 08:14:04,,,,,,,,,0.00,,,,,,
2024-11-17 08:14:26,,,,,,,,,,,1.02,,,,
2024-11-17 08:14:58,,,,,,,,,,,,,,0.00,
2024-11-17 08:15:07,,2.54,0.00,,,,,,,,,,,,0.00
2024-11-17 08:15:30,,,,3.81,,,,,,,,,,,
2024-11-17 08:15:40,,,,,,8.38,,,,,,,,,
2024-11-17 08:15:46,1.00,,,,,,,,,,,,,,
2024-11-17 08:16:40,,,,,,,,,,1.27,,,,,
2024-11-17 08:16:49,,,,,,,0.00,,,,,,,,
2024-11-17 08:17:35,,,,,,,,10.16,,,,,,,
2024-11-17 08:18:35,,,,,3.05,,,,,,,,,,
2024-11-17 08:18:35,,,,,,,,,,,,,6.35,,
2024-11-17 08:19:04,,,,,,,,,0.00,,,,,,
2024-11-17 08:19:26,,,,,,,,,,,1.02,,,,
2024-11-17 08:19:58,,,,,,,,,,,,,,0.00,
2024-11-17 08:20:07,,2.54,0.25,,,,,,,,,,,,0.00
2024-11-17 08:20:30,,,,3.81,,,,,,,,,,,
2024-11-17 08:20:40,,,,,,8.38,,,,,,,,,
2024-11-17 08:20:45,1.00,,,,,,,,,,,,,,
2024-11-17 08:21:40,,,,,,,,,,1.27,,,,,
2024-11-17 08:21:49,,,,,,,0.00,,,,,,,,
2024-11-17 08:22:35,,,,,,,,10.16,,,,,,,
2024-11-17 08:23:35,,,,,,,,,,,,,6.35,,
2024-11-17 08:23:35,,,,,3.05,,,,,,,,,,
2024-11-17 08:24:04,,,,,,,,,0.00,,,,,,
2024-11-17 08:24:26,,,,,,,,,,,1.02,,,,
2024-11-17 08:24:58,,,,,,,,,,,,,,0.00,
2024-11-17 08:25:07,,2.54,0.25,,,,,,,,,,,,0.00
2024-11-17 08:25:30,,,,3.81,,,,,,,,,,,
2024-11-17 08:25:40,,,,,,8.38,,,,,,,,,
2024-11-17 08:25:46,1.00,,,,,,,,,,,,,,
2024-11-17 08:26:40,,,,,,,,,,1.27,,,,,
2024-11-17 08:26:49,,,,,,,0.00,,,,,,,,
2024-11-17 08:27:35,,,,,,,,10.16,,,,,,,
2024-11-17 08:28:35,,,,,,,,,,,,,6.35,,
2024-11-17 08:28:35,,,,,3.05,,,,,,,,,,
2024-11-17 08:29:04,,,,,,,,,0.00,,,,,,
2024-11-17 08:29:26,,,,,,,,,,,1.02,,,,
2024-11-17 08:29:58,,,,,,,,,,,,,,0.00,
2024-11-17 08:30:07,,2.54,,,,,,,,,,,,,0.00
2024-11-17 08:30:08,,,0.25,,,,,,,,,,,,
2024-11-17 08:30:30,,,,3.81,,,,,,,,,,,
2024-11-17 08:30:40,,,,,,8.38,,,,,,,,,
2024-11-17 08:30:45,1.00,,,,,,,,,,,,,,
2024-11-17 08:31:40,,,,,,,,,,1.27,,,,,
2024-11-17 08:31:49,,,,,,,0.00,,,,,,,,
2024-11-17 08:32:35,,,,,,,,10.16,,,,,,,
2024-11-17 08:33:35,,,,,3.05,,,,,,,,6.60,,
2024-11-17 08:34:04,,,,,,,,,0.00,,,,,,
2024-11-17 08:34:26,,,,,,,,,,,1.02,,,,
2024-11-17 08:34:58,,,,,,,,,,,,,,0.00,
2024-11-17 08:35:07,,2.54,,,,,,,,,,,,,
2024-11-17 08:35:08,,,0.25,,,,,,,,,,,,0.00
2024-11-17 08:35:30,,,,3.81,,,,,,,,,,,
2024-11-17 08:35:41,,,,,,8.38,,,,,,,,,
2024-11-17 08:35:46,1.00,,,,,,,,,,,,,,
2024-11-17 08:36:40,,,,,,,,,,1.27,,,,,
2024-11-17 08:36:49,,,,,,,0.00,,,,,,,,
2024-11-17 08:37:35,,,,,,,,10.16,,,,,,,
2024-11-17 08:38:35,,,,,,,,,,,,,6.86,,
2024-11-17 08:38:35,,,,,3.05,,,,,,,,,,
2024-11-17 08:39:04,,,,,,,,,0.00,,,,,,
2024-11-17 08:39:26,,,,,,,,,,,1.02,,,,
2024-11-17 08:39:58,,,,,,,,,,,,,,0.00,
2024-11-17 08:40:07,,2.54,,,,,,,,,,,,,
2024-11-17 08:40:08,,,0.25,,,,,,,,,,,,0.00
2024-11-17 08:40:30,,,,3.81,,,,,,,,,,,
2024-11-17 08:40:41,,,,,,8.38,,,,,,,,,
2024-11-17 08:40:45,1.00,,,,,,,,,,,,,,
2024-11-17 08:41:40,,,,,,,,,,1.27,,,,,
2024-11-17 08:41:49,,,,,,,0.00,,,,,,,,
2024-11-17 08:42:35,,,,,,,,10.16,,,,,,,
2024-11-17 08:43:35,,,,,3.05,,,,,,,,,,
2024-11-17 08:43:35,,,,,,,,,,,,,7.62,,
2024-11-17 08:44:04,,,,,,,,,0.00,,,,,,
2024-11-17 08:44:26,,,,,,,,,,,1.02,,,,
2024-11-17 08:44:58,,,,,,,,,,,,,,0.00,
2024-11-17 08:45:07,,2.54,,,,,,,,,,,,,
2024-11-17 08:45:08,,,0.25,,,,,,,,,,,,0.00
2024-11-17 08:45:30,,,,3.81,,,,,,,,,,,
2024-11-17 08:45:41,,,,,,8.38,,,,,,,,,
2024-11-17 08:45:45,1.00,,,,,,,,,,,,,,
2024-11-17 08:46:40,,,,,,,,,,1.27,,,,,
2024-11-17 08:46:49,,,,,,,0.00,,,,,,,,
2024-11-17 08:47:35,,,,,,,,10.16,,,,,,,
2024-11-17 08:48:35,,,,,3.05,,,,,,,,10.41,,
2024-11-17 08:49:04,,,,,,,,,0.00,,,,,,
2024-11-17 08:49:26,,,,,,,,,,,1.02,,,,
2024-11-17 08:49:58,,,,,,,,,,,,,,0.00,
2024-11-17 08:50:07,,2.54,,,,,,,,,,,,,
2024-11-17 08:50:08,,,0.25,,,,,,,,,,,,0.25
2024-11-17 08:50:30,,,,3.81,,,,,,,,,,,
2024-11-17 08:50:41,,,,,,8.38,,,,,,,,,
2024-11-17 08:50:45,1.00,,,,,,,,,,,,,,
2024-11-17 08:51:40,,,,,,,,,,1.52,,,,,
2024-11-17 08:51:49,,,,,,,0.00,,,,,,,,
2024-11-17 08:52:35,,,,,,,,10.16,,,,,,,
2024-11-17 08:53:35,,,,,,,,,,,,,11.18,,
2024-11-17 08:53:35,,,,,3.05,,,,,,,,,,
2024-11-17 08:54:04,,,,,,,,,0.00,,,,,,
2024-11-17 08:54:26,,,,,,,,,,,1.02,,,,
2024-11-17 08:54:58,,,,,,,,,,,,,,0.00,
2024-11-17 08:55:08,,2.54,0.25,,,,,,,,,,,,1.27
2024-11-17 08:55:30,,,,3.81,,,,,,,,,,,
2024-11-17 08:55:41,,,,,,8.38,,,,,,,,,
2024-11-17 08:55:46,1.40,,,,,,,,,,,,,,
2024-11-17 08:56:40,,,,,,,,,,3.30,,,,,
2024-11-17 08:56:49,,,,,,,0.00,,,,,,,,
2024-11-17 08:57:35,,,,,,,,10.16,,,,,,,
2024-11-17 08:58:35,,,,,,,,,,,,,11.43,,
2024-11-17 08:58:35,,,,,3.05,,,,,,,,,,
2024-11-17 08:59:04,,,,,,,,,0.00,,,,,,
2024-11-17 08:59:26,,,,,,,,,,,1.02,,,,
2024-11-17 08:59:58,,,,,,,,,,,,,,0.00,
2024-11-17 09:00:08,,2.79,0.25,,,,,,,,,,,,2.29
2024-11-17 09:00:30,,,,4.06,,,,,,,,,,,
2024-11-17 09:00:41,,,,,,11.43,,,,,,,,,
2024-11-17 09:00:45,2.40,,,,,,,,,,,,,,
2024-11-17 09:01:40,,,,,,,,,,8.64,,,,,
2024-11-17 09:01:49,,,,,,,0.00,,,,,,,,
2024-11-17 09:02:35,,,,,,,,10.16,,,,,,,
2024-11-17 09:03:35,,,,,,,,,,,,,11.94,,
2024-11-17 09:03:35,,,,,4.32,,,,,,,,,,
2024-11-17 09:04:04,,,,,,,,,0.00,,,,,,
2024-11-17 09:04:26,,,,,,,,,,,1.27,,,,
2024-11-17 09:04:58,,,,,,,,,,,,,,0.00,
2024-11-17 09:05:08,,3.56,0.25,,,,,,,,,,,,2.54
2024-11-17 09:05:30,,,,5.08,,,,,,,,,,,
2024-11-17 09:05:41,,,,,,16.76,,,,,,,,,
2024-11-17 09:05:46,3.00,,,,,,,,,,,,,,
2024-11-17 09:06:40,,,,,,,,,,9.40,,,,,
2024-11-17 09:06:49,,,,,,,0.00,,,,,,,,
2024-11-17 09:07:35,,,,,,,,10.16,,,,,,,
2024-11-17 09:08:35,,,,,,,,,,,,,11.94,,
2024-11-17 09:08:35,,,,,7.62,,,,,,,,,,
2024-11-17 09:09:06,,,,,,,,,0.00,,,,,,
2024-11-17 09:09:26,,,,,,,,,,,1.78,,,,
2024-11-17 09:09:58,,,,,,,,,,,,,,0.00,
2024-11-17 09:10:08,,3.81,0.76,,,,,,,,,,,,3.30
2024-11-17 09:10:30,,,,5.59,,,,,,,,,,,
2024-11-17 09:10:41,,,,,,20.57,,,,,,,,,
2024-11-17 09:10:46,3.60,,,,,,,,,,,,,,
2024-11-17 09:11:40,,,,,,,,,,10.41,,,,,
2024-11-17 09:11:49,,,,,,,0.00,,,,,,,,
2024-11-17 09:12:35,,,,,,,,10.16,,,,,,,
2024-11-17 09:13:35,,,,,,,,,,,,,11.94,,
2024-11-17 09:13:35,,,,,9.14,,,,,,,,,,
2024-11-17 09:14:06,,,,,,,,,0.00,,,,,,
2024-11-17 09:14:26,,,,,,,,,,,2.03,,,,
2024-11-17 09:14:58,,,,,,,,,,,,,,0.00,
2024-11-17 09:15:08,,4.06,2.54,,,,,,,,,,,,4.06
2024-11-17 09:15:30,,,,7.37,,,,,,,,,,,
2024-11-17 09:15:41,,,,,,22.61,,,,,,,,,
2024-11-17 09:15:46,3.80,,,,,,,,,,,,,,
2024-11-17 09:16:40,,,,,,,,,,10.67,,,,,
2024-11-17 09:16:49,,,,,,,0.00,,,,,,,,
2024-11-17 09:17:35,,,,,,,,10.16,,,,,,,
2024-11-17 09:18:35,,,,,12.19,,,,,,,,,,
2024-11-17 09:18:35,,,,,,,,,,,,,11.94,,
2024-11-17 09:19:06,,,,,,,,,0.00,,,,,,
2024-11-17 09:19:26,,,,,,,,,,,2.79,,,,
2024-11-17 09:19:58,,,,,,,,,,,,,,0.00,
2024-11-17 09:20:08,,4.06,3.56,,,,,,,,,,,,4.32
2024-11-17 09:20:30,,,,9.14,,,,,,,,,,,
2024-11-17 09:20:41,,,,,,26.42,,,,,,,,,
2024-11-17 09:20:45,4.00,,,,,,,,,,,,,,
2024-11-17 09:21:40,,,,,,,,,,13.72,,,,,
2024-11-17 09:21:49,,,,,,,0.00,,,,,,,,
2024-11-17 09:22:35,,,,,,,,10.92,,,,,,,
2024-11-17 09:23:35,,,,,,,,,,,,,12.19,,
2024-11-17 09:23:35,,,,,18.03,,,,,,,,,,
2024-11-17 09:24:06,,,,,,,,,0.00,,,,,,
2024-11-17 09:24:27,,,,,,,,,,,4.06,,,,
2024-11-17 09:24:59,,,,,,,,,,,,,,0.00,
2024-11-17 09:25:08,,4.32,5.08,,,,,,,,,,,,4.32
2024-11-17 09:25:30,,,,12.70,,,,,,,,,,,
2024-11-17 09:25:41,,,,,,26.67,,,,,,,,,
2024-11-17 09:25:46,4.20,,,,,,,,,,,,,,
2024-11-17 09:26:40,,,,,,,,,,15.75,,,,,
2024-11-17 09:26:49,,,,,,,0.00,,,,,,,,
2024-11-17 09:27:35,,,,,,,,11.43,,,,,,,
2024-11-17 09:28:35,,,,,19.56,,,,,,,,,,
2024-11-17 09:28:35,,,,,,,,,,,,,12.19,,
2024-11-17 09:29:06,,,,,,,,,0.00,,,,,,
2024-11-17 09:29:27,,,,,,,,,,,7.11,,,,
2024-11-17 09:29:59,,,,,,,,,,,,,,0.00,
2024-11-17 09:30:08,,4.83,8.64,,,,,,,,,,,,4.32
2024-11-17 09:30:30,,,,15.49,,,,,,,,,,,
2024-11-17 09:30:41,,,,,,26.92,,,,,,,,,
2024-11-17 09:30:46,4.20,,,,,,,,,,,,,,
2024-11-17 09:31:40,,,,,,,,,,20.07,,,,,
2024-11-17 09:31:49,,,,,,,0.00,,,,,,,,
2024-11-17 09:32:35,,,,,,,,13.21,,,,,,,
2024-11-17 09:33:35,,,,,19.56,,,,,,,,,,
2024-11-17 09:33:35,,,,,,,,,,,,,12.19,,
2024-11-17 09:34:06,,,,,,,,,0.00,,,,,,
2024-11-17 09:34:27,,,,,,,,,,,7.87,,,,
2024-11-17 09:34:59,,,,,,,,,,,,,,0.00,
2024-11-17 09:35:08,,5.08,,,,,,,,,,,,,
2024-11-17 09:35:09,,,10.92,,,,,,,,,,,,4.32
2024-11-17 09:35:30,,,,15.75,,,,,,,,,,,
2024-11-17 09:35:41,,,,,,26.92,,,,,,,,,
2024-11-17 09:35:47,4.20,,,,,,,,,,,,,,
2024-11-17 09:36:40,,,,,,,,,,20.07,,,,,
2024-11-17 09:36:49,,,,,,,0.00,,,,,,,,
2024-11-17 09:37:35,,,,,,,,17.53,,,,,,,
2024-11-17 09:38:35,,,,,19.56,,,,,,,,,,
2024-11-17 09:38:35,,,,,,,,,,,,,12.19,,
2024-11-17 09:39:06,,,,,,,,,0.00,,,,,,
2024-11-17 09:39:27,,,,,,,,,,,7.87,,,,
2024-11-17 09:39:59,,,,,,,,,,,,,,0.00,
2024-11-17 09:40:08,,5.08,,,,,,,,,,,,,
2024-11-17 09:40:09,,,11.43,,,,,,,,,,,,4.32
2024-11-17 09:40:30,,,,16.00,,,,,,,,,,,
2024-11-17 09:40:41,,,,,,26.92,,,,,,,,,
2024-11-17 09:40:46,4.20,,,,,,,,,,,,,,
2024-11-17 09:41:40,,,,,,,,,,21.34,,,,,
2024-11-17 09:41:49,,,,,,,0.00,,,,,,,,
2024-11-17 09:42:35,,,,,,,,24.38,,,,,,,
2024-11-17 09:43:35,,,,,,,,,,,,,12.19,,
2024-11-17 09:43:35,,,,,19.56,,,,,,,,,,
2024-11-17 09:44:06,,,,,,,,,0.00,,,,,,
2024-11-17 09:44:27,,,,,,,,,,,7.87,,,,
2024-11-17 09:44:59,,,,,,,,,,,,,,0.00,
2024-11-17 09:45:08,,5.08,,,,,,,,,,,,,
2024-11-17 09:45:09,,,11.68,,,,,,,,,,,,4.32
2024-11-17 09:45:30,,,,16.00,,,,,,,,,,,
2024-11-17 09:45:41,,,,,,26.92,,,,,,,,,
2024-11-17 09:45:46,4.20,,,,,,,,,,,,,,
2024-11-17 09:46:40,,,,,,,,,,21.84,,,,,
2024-11-17 09:46:50,,,,,,,0.00,,,,,,,,
2024-11-17 09:47:35,,,,,,,,27.69,,,,,,,
2024-11-17 09:48:35,,,,,19.81,,,,,,,,,,
2024-11-17 09:48:35,,,,,,,,,,,,,12.19,,
2024-11-17 09:49:06,,,,,,,,,0.00,,,,,,
2024-11-17 09:49:27,,,,,,,,,,,8.13,,,,
2024-11-17 09:49:59,,,,,,,,,,,,,,0.00,
2024-11-17 09:50:09,,5.08,11.68,,,,,,,,,,,,4.32
2024-11-17 09:50:30,,,,16.00,,,,,,,,,,,
2024-11-17 09:50:41,,,,,,26.92,,,,,,,,,
2024-11-17 09:50:46,4.20,,,,,,,,,,,,,,
2024-11-17 09:51:40,,,,,,,,,,22.10,,,,,
2024-11-17 09:51:50,,,,,,,0.00,,,,,,,,
2024-11-17 09:52:35,,,,,,,,28.45,,,,,,,
2024-11-17 09:53:35,,,,,19.81,,,,,,,,,,
2024-11-17 09:53:35,,,,,,,,,,,,,12.19,,
2024-11-17 09:54:06,,,,,,,,,0.00,,,,,,
2024-11-17 09:54:27,,,,,,,,,,,8.38,,,,
2024-11-17 09:54:59,,,,,,,,,,,,,,0.00,
2024-11-17 09:55:09,,5.08,11.68,,,,,,,,,,,,4.32
2024-11-17 09:55:30,,,,16.26,,,,,,,,,,,
2024-11-17 09:55:41,,,,,,26.92,,,,,,,,,
2024-11-17 09:55:46,4.20,,,,,,,,,,,,,,
2024-11-17 09:56:40,,,,,,,,,,22.10,,,,,
2024-11-17 09:56:50,,,,,,,0.00,,,,,,,,
2024-11-17 09:57:35,,,,,,,,28.45,,,,,,,
2024-11-17 09:58:35,,,,,19.81,,,,,,,,,,
2024-11-17 09:58:35,,,,,,,,,,,,,12.19,,
2024-11-17 09:59:06,,,,,,,,,0.00,,,,,,
2024-11-17 09:59:28,,,,,,,,,,,8.89,,,,
2024-11-17 09:59:59,,,,,,,,,,,,,,0.00,
2024-11-17 10:00:09,,5.08,11.94,,,,,,,,,,,,4.32
2024-11-17 10:00:30,,,,16.26,,,,,,,,,,,
2024-11-17 10:00:41,,,,,,27.43,,,,,,,,,
2024-11-17 10:00:46,4.20,,,,,,,,,,,,,,
2024-11-17 10:01:40,,,,,,,,,,22.10,,,,,
2024-11-17 10:01:50,,,,,,,0.00,,,,,,,,
2024-11-17 10:02:35,,,,,,,,28.45,,,,,,,
2024-11-17 10:03:35,,,,,19.81,,,,,,,,,,
2024-11-17 10:03:35,,,,,,,,,,,,,12.19,,
2024-11-17 10:04:06,,,,,,,,,0.00,,,,,,
2024-11-17 10:04:28,,,,,,,,,,,9.14,,,,
2024-11-17 10:04:59,,,,,,,,,,,,,,0.00,
2024-11-17 10:05:09,,5.08,11.94,,,,,,,,,,,,4.32
2024-11-17 10:05:30,,,,16.26,,,,,,,,,,,
2024-11-17 10:05:41,,,,,,27.43,,,,,,,,,
2024-11-17 10:05:46,4.20,,,,,,,,,,,,,,
2024-11-17 10:06:40,,,,,,,,,,22.10,,,,,
2024-11-17 10:06:50,,,,,,,0.00,,,,,,,,
2024-11-17 10:07:35,,,,,,,,28.70,,,,,,,
2024-11-17 10:08:35,,,,,19.81,,,,,,,,,,
2024-11-17 10:08:35,,,,,,,,,,,,,12.19,,
2024-11-17 10:09:06,,,,,,,,,0.00,,,,,,
2024-11-17 10:09:28,,,,,,,,,,,9.65,,,,
2024-11-17 10:09:59,,,,,,,,,,,,,,0.00,
2024-11-17 10:10:09,,5.08,12.45,,,,,,,,,,,,4.32
2024-11-17 10:10:30,,,,16.26,,,,,,,,,,,
2024-11-17 10:10:41,,,,,,27.43,,,,,,,,,
2024-11-17 10:10:47,4.20,,,,,,,,,,,,,,
2024-11-17 10:11:40,,,,,,,,,,22.10,,,,,
2024-11-17 10:11:50,,,,,,,0.00,,,,,,,,
2024-11-17 10:12:35,,,,,,,,29.46,,,,,,,
2024-11-17 10:13:35,,,,,19.81,,,,,,,,,,
2024-11-17 10:13:35,,,,,,,,,,,,,12.19,,
2024-11-17 10:14:06,,,,,,,,,0.00,,,,,,
2024-11-17 10:14:30,,,,,,,,,,,9.91,,,,
2024-11-17 10:14:59,,,,,,,,,,,,,,0.00,
2024-11-17 10:15:09,,5.08,12.45,,,,,,,,,,,,4.32
2024-11-17 10:15:30,,,,16.26,,,,,,,,,,,
2024-11-17 10:15:41,,,,,,27.94,,,,,,,,,
2024-11-17 10:15:47,4.20,,,,,,,,,,,,,,
2024-11-17 10:16:40,,,,,,,,,,22.10,,,,,
2024-11-17 10:16:50,,,,,,,0.00,,,,,,,,
2024-11-17 10:17:35,,,,,,,,30.23,,,,,,,
2024-11-17 10:18:35,,,,,19.81,,,,,,,,,,
2024-11-17 10:18:35,,,,,,,,,,,,,12.19,,
2024-11-17 10:19:06,,,,,,,,,0.00,,,,,,
2024-11-17 10:19:30,,,,,,,,,,,9.91,,,,
2024-11-17 10:19:59,,,,,,,,,,,,,,0.00,
2024-11-17 10:20:09,,5.08,12.45,,,,,,,,,,,,4.32
2024-11-17 10:20:30,,,,16.26,,,,,,,,,,,
2024-11-17 10:20:41,,,,,,27.94,,,,,,,,,
2024-11-17 10:21:40,,,,,,,,,,23.11,,,,,
2024-11-17 10:21:50,,,,,,,0.00,,,,,,,,
2024-11-17 10:22:35,,,,,,,,30.48,,,,,,,
2024-11-17 10:23:35,,,,,19.81,,,,,,,,,,
2024-11-17 10:23:35,,,,,,,,,,,,,12.19,,
2024-11-17 10:24:06,,,,,,,,,0.00,,,,,,
2024-11-17 10:24:30,,,,,,,,,,,9.91,,,,
2024-11-17 10:24:59,,,,,,,,,,,,,,0.00,
2024-11-17 10:25:09,,5.59,12.45,,,,,,,,,,,,4.32
2024-11-17 10:25:30,,,,16.26,,,,,,,,,,,
2024-11-17 10:25:41,,,,,,27.94,,,,,,,,,
2024-11-17 10:26:40,,,,,,,,,,25.65,,,,,
2024-11-17 10:26:50,,,,,,,0.00,,,,,,,,
2024-11-17 10:27:35,,,,,,,,30.99,,,,,,,
2024-11-17 10:28:35,,,,,19.81,,,,,,,,,,
2024-11-17 10:28:35,,,,,,,,,,,,,12.19,,
2024-11-17 10:29:06,,,,,,,,,0.00,,,,,,
2024-11-17 10:29:30,,,,,,,,,,,9.91,,,,
2024-11-17 10:30:00,,,,,,,,,,,,,,0.00,
2024-11-17 10:30:09,,5.84,12.70,,,,,,,,,,,,4.32
2024-11-17 10:30:30,,,,16.51,,,,,,,,,,,
2024-11-17 10:30:41,,,,,,27.94,,,,,,,,,
2024-11-17 10:31:40,,,,,,,,,,28.70,,,,,
2024-11-17 10:31:50,,,,,,,0.00,,,,,,,,
2024-11-17 10:32:35,,,,,,,,31.24,,,,,,,
2024-11-17 10:33:35,,,,,19.81,,,,,,,,,,
2024-11-17 10:33:35,,,,,,,,,,,,,13.72,,
2024-11-17 10:34:06,,,,,,,,,0.00,,,,,,
2024-11-17 10:34:30,,,,,,,,,,,9.91,,,,
2024-11-17 10:35:00,,,,,,,,,,,,,,0.00,
2024-11-17 10:35:09,,8.38,12.95,,,,,,,,,,,,4.57
2024-11-17 10:35:30,,,,16.76,,,,,,,,,,,
2024-11-17 10:35:41,,,,,,27.94,,,,,,,,,
2024-11-17 10:35:47,6.20,,,,,,,,,,,,,,
2024-11-17 10:36:40,,,,,,,,,,31.24,,,,,
2024-11-17 10:36:50,,,,,,,0.00,,,,,,,,
2024-11-17 10:37:35,,,,,,,,32.26,,,,,,,
2024-11-17 10:38:35,,,,,19.81,,,,,,,,,,
2024-11-17 10:38:35,,,,,,,,,,,,,14.22,,
2024-11-17 10:39:06,,,,,,,,,0.00,,,,,,
2024-11-17 10:39:30,,,,,,,,,,,9.91,,,,
2024-11-17 10:40:00,,,,,,,,,,,,,,0.00,
2024-11-17 10:40:09,,9.91,12.95,,,,,,,,,,,,
2024-11-17 10:40:10,,,,,,,,,,,,,,,5.33
2024-11-17 10:40:30,,,,16.76,,,,,,,,,,,
2024-11-17 10:40:41,,,,,,28.70,,,,,,,,,
2024-11-17 10:40:47,6.60,,,,,,,,,,,,,,
2024-11-17 10:41:40,,,,,,,,,,35.81,,,,,
2024-11-17 10:41:51,,,,,,,0.00,,,,,,,,
2024-11-17 10:42:35,,,,,,,,32.77,,,,,,,
2024-11-17 10:43:35,,,,,21.34,,,,,,,,,,
2024-11-17 10:43:35,,,,,,,,,,,,,14.48,,
2024-11-17 10:44:06,,,,,,,,,0.00,,,,,,
2024-11-17 10:44:30,,,,,,,,,,,9.91,,,,
2024-11-17 10:45:00,,,,,,,,,,,,,,0.00,
2024-11-17 10:45:09,,11.18,,,,,,,,,,,,,
2024-11-17 10:45:10,,,13.46,,,,,,,,,,,,6.60
2024-11-17 10:45:30,,,,18.80,,,,,,,,,,,
2024-11-17 10:45:41,,,,,,33.78,,,,,,,,,
2024-11-17 10:45:47,7.40,,,,,,,,,,,,,,
2024-11-17 10:46:40,,,,,,,,,,39.62,,,,,
2024-11-17 10:46:51,,,,,,,0.00,,,,,,,,
2024-11-17 10:47:35,,,,,,,,33.02,,,,,,,
2024-11-17 10:48:35,,,,,23.37,,,,,,,,,,
2024-11-17 10:48:35,,,,,,,,,,,,,14.73,,
2024-11-17 10:49:06,,,,,,,,,0.00,,,,,,
2024-11-17 10:49:30,,,,,,,,,,,9.91,,,,
2024-11-17 10:50:00,,,,,,,,,,,,,,0.00,
2024-11-17 10:50:10,,12.19,14.99,,,,,,,,,,,,7.11
2024-11-17 10:50:30,,,,20.57,,,,,,,,,,,
2024-11-17 10:50:41,,,,,,34.04,,,,,,,,,
2024-11-17 10:50:47,8.40,,,,,,,,,,,,,,
2024-11-17 10:51:40,,,,,,,,,,44.96,,,,,
2024-11-17 10:51:51,,,,,,,0.00,,,,,,,,
2024-11-17 10:52:38,,,,,,,,33.53,,,,,,,
2024-11-17 10:53:35,,,,,24.13,,,,,,,,14.99,,
2024-11-17 10:54:07,,,,,,,,,0.00,,,,,,
2024-11-17 10:54:30,,,,,,,,,,,9.91,,,,
2024-11-17 10:55:00,,,,,,,,,,,,,,0.00,
2024-11-17 10:55:10,,13.46,16.26,,,,,,,,,,,,7.11
2024-11-17 10:55:30,,,,21.34,,,,,,,,,,,
2024-11-17 10:55:41,,,,,,34.54,,,,,,,,,
2024-11-17 10:55:47,9.00,,,,,,,,,,,,,,
2024-11-17 10:56:40,,,,,,,,,,46.74,,,,,
2024-11-17 10:56:51,,,,,,,0.00,,,,,,,,
2024-11-17 10:57:38,,,,,,,,35.81,,,,,,,
2024-11-17 10:58:35,,,,,,,,,,,,,14.99,,
2024-11-17 10:58:35,,,,,24.38,,,,,,,,,,
2024-11-17 10:59:07,,,,,,,,,0.00,,,,,,
2024-11-17 10:59:30,,,,,,,,,,,10.41,,,,
2024-11-17 11:00:00,,,,,,,,,,,,,,0.00,
2024-11-17 11:00:10,,14.22,16.51,,,,,,,,,,,,7.87
2024-11-17 11:00:30,,,,21.59,,,,,,,,,,,
2024-11-17 11:00:41,,,,,,34.80,,,,,,,,,
2024-11-17 11:00:47,9.40,,,,,,,,,,,,,,
2024-11-17 11:01:40,,,,,,,,,,47.24,,,,,
2024-11-17 11:01:51,,,,,,,0.00,,,,,,,,
2024-11-17 11:02:38,,,,,,,,37.08,,,,,,,
2024-11-17 11:03:35,,,,,,,,,,,,,14.99,,
2024-11-17 11:03:35,,,,,24.38,,,,,,,,,,
2024-11-17 11:04:07,,,,,,,,,0.00,,,,,,
2024-11-17 11:04:30,,,,,,,,,,,10.41,,,,
2024-11-17 11:05:00,,,,,,,,,,,,,,0.00,
2024-11-17 11:05:10,,14.48,16.76,,,,,,,,,,,,8.13
2024-11-17 11:05:30,,,,21.84,,,,,,,,,,,
2024-11-17 11:05:41,,,,,,35.05,,,,,,,,,
2024-11-17 11:05:48,9.40,,,,,,,,,,,,,,
2024-11-17 11:06:40,,,,,,,,,,47.50,,,,,
2024-11-17 11:06:51,,,,,,,0.00,,,,,,,,
2024-11-17 11:07:38,,,,,,,,37.34,,,,,,,
2024-11-17 11:08:35,,,,,,,,,,,,,15.24,,
2024-11-17 11:08:35,,,,,24.89,,,,,,,,,,
2024-11-17 11:09:07,,,,,,,,,0.00,,,,,,
2024-11-17 11:09:30,,,,,,,,,,,10.41,,,,
2024-11-17 11:10:00,,,,,,,,,,,,,,0.00,
2024-11-17 11:10:10,,14.48,17.02,,,,,,,,,,,,8.13
2024-11-17 11:10:30,,,,22.10,,,,,,,,,,,
2024-11-17 11:10:41,,,,,,35.31,,,,,,,,,
2024-11-17 11:10:47,9.40,,,,,,,,,,,,,,
2024-11-17 11:11:40,,,,,,,,,,47.50,,,,,
2024-11-17 11:11:51,,,,,,,0.00,,,,,,,,
2024-11-17 11:12:38,,,,,,,,37.59,,,,,,,
2024-11-17 11:13:35,,,,,24.89,,,,,,,,15.24,,
2024-11-17 11:14:07,,,,,,,,,0.00,,,,,,
2024-11-17 11:14:30,,,,,,,,,,,10.67,,,,
2024-11-17 11:15:00,,,,,,,,,,,,,,0.00,
2024-11-17 11:15:10,,14.48,17.27,,,,,,,,,,,,8.13
2024-11-17 11:15:30,,,,22.10,,,,,,,,,,,
2024-11-17 11:15:41,,,,,,36.07,,,,,,,,,
2024-11-17 11:15:47,9.40,,,,,,,,,,,,,,
2024-11-17 11:16:40,,,,,,,,,,47.75,,,,,
2024-11-17 11:16:51,,,,,,,0.00,,,,,,,,
2024-11-17 11:17:38,,,,,,,,37.59,,,,,,,
2024-11-17 11:18:35,,,,,,,,,,,,,15.24,,
2024-11-17 11:18:35,,,,,25.15,,,,,,,,,,
2024-11-17 11:19:07,,,,,,,,,0.00,,,,,,
2024-11-17 11:19:30,,,,,,,,,,,10.92,,,,
2024-11-17 11:20:00,,,,,,,,,,,,,,0.00,
2024-11-17 11:20:10,,14.48,17.27,,,,,,,,,,,,8.64
2024-11-17 11:20:30,,,,22.10,,,,,,,,,,,
2024-11-17 11:20:41,,,,,,37.08,,,,,,,,,
2024-11-17 11:20:47,9.40,,,,,,,,,,,,,,
2024-11-17 11:21:41,,,,,,,,,,47.75,,,,,
2024-11-17 11:21:51,,,,,,,0.00,,,,,,,,
2024-11-17 11:22:38,,,,,,,,37.59,,,,,,,
2024-11-17 11:23:35,,,,,,,,,,,,,15.49,,
2024-11-17 11:23:35,,,,,25.15,,,,,,,,,,
2024-11-17 11:24:07,,,,,,,,,0.00,,,,,,
2024-11-17 11:24:30,,,,,,,,,,,10.92,,,,
2024-11-17 11:25:00,,,,,,,,,,,,,,0.00,
2024-11-17 11:25:10,,14.48,17.53,,,,,,,,,,,,8.64
2024-11-17 11:25:30,,,,22.35,,,,,,,,,,,
2024-11-17 11:25:41,,,,,,38.86,,,,,,,,,
2024-11-17 11:25:47,9.40,,,,,,,,,,,,,,
2024-11-17 11:26:41,,,,,,,,,,48.26,,,,,
2024-11-17 11:26:51,,,,,,,0.00,,,,,,,,
2024-11-17 11:27:38,,,,,,,,37.85,,,,,,,
2024-11-17 11:28:35,,,,,25.65,,,,,,,,15.75,,
2024-11-17 11:29:07,,,,,,,,,0.00,,,,,,
2024-11-17 11:29:30,,,,,,,,,,,10.92,,,,
2024-11-17 11:30:00,,,,,,,,,,,,,,0.00,
2024-11-17 11:30:10,,,17.53,,,,,,,,,,,,8.89
2024-11-17 11:30:13,,14.99,,,,,,,,,,,,,
2024-11-17 11:30:30,,,,22.35,,,,,,,,,,,
2024-11-17 11:30:42,,,,,,39.37,,,,,,,,,
2024-11-17 11:30:47,9.40,,,,,,,,,,,,,,
2024-11-17 11:31:41,,,,,,,,,,48.26,,,,,
2024-11-17 11:31:51,,,,,,,0.00,,,,,,,,
2024-11-17 11:32:38,,,,,,,,38.10,,,,,,,
2024-11-17 11:33:35,,,,,,,,,,,,,16.00,,
2024-11-17 11:33:35,,,,,25.91,,,,,,,,,,
2024-11-17 11:34:07,,,,,,,,,0.00,,,,,,
2024-11-17 11:34:30,,,,,,,,,,,10.92,,,,
2024-11-17 11:35:01,,,,,,,,,,,,,,0.00,
2024-11-17 11:35:10,,14.99,17.53,,,,,,,,,,,,8.89
2024-11-17 11:35:30,,,,23.11,,,,,,,,,,,
2024-11-17 11:35:42,,,,,,39.62,,,,,,,,,
2024-11-17 11:35:48,9.40,,,,,,,,,,,,,,
2024-11-17 11:36:41,,,,,,,,,,48.26,,,,,
2024-11-17 11:36:51,,,,,,,0.00,,,,,,,,
2024-11-17 11:37:38,,,,,,,,40.39,,,,,,,
2024-11-17 11:38:35,,,,,,,,,,,,,16.00,,
2024-11-17 11:38:35,,,,,26.42,,,,,,,,,,
2024-11-17 11:39:07,,,,,,,,,0.00,,,,,,
2024-11-17 11:39:30,,,,,,,,,,,10.92,,,,
2024-11-17 11:40:01,,,,,,,,,,,,,,0.00,
2024-11-17 11:40:10,,14.99,,,,,,,,,,,,,8.89
2024-11-17 11:40:11,,,17.78,,,,,,,,,,,,
2024-11-17 11:40:30,,,,23.37,,,,,,,,,,,
2024-11-17 11:40:42,,,,,,39.62,,,,,,,,,
2024-11-17 11:40:48,9.40,,,,,,,,,,,,,,
2024-11-17 11:41:41,,,,,,,,,,48.26,,,,,
2024-11-17 11:41:51,,,,,,,0.00,,,,,,,,
2024-11-17 11:42:38,,,,,,,,41.15,,,,,,,
2024-11-17 11:43:35,,,,,,,,,,,,,16.00,,
2024-11-17 11:43:35,,,,,26.42,,,,,,,,,,
2024-11-17 11:44:07,,,,,,,,,0.00,,,,,,
2024-11-17 11:44:30,,,,,,,,,,,10.92,,,,
2024-11-17 11:45:01,,,,,,,,,,,,,,0.00,
2024-11-17 11:45:10,,14.99,17.78,,,,,,,,,,,,
2024-11-17 11:45:30,,,,23.37,,,,,,,,,,,
2024-11-17 11:45:42,,,,,,40.13,,,,,,,,,
2024-11-17 11:45:48,9.40,,,,,,,,,,,,,,
2024-11-17 11:46:41,,,,,,,,,,48.51,,,,,
2024-11-17 11:46:51,,,,,,,0.00,,,,,,,,
2024-11-17 11:47:38,,,,,,,,43.18,,,,,,,
2024-11-17 11:48:35,,,,,,,,,,,,,16.00,,
2024-11-17 11:48:35,,,,,26.42,,,,,,,,,,
2024-11-17 11:49:07,,,,,,,,,0.00,,,,,,
2024-11-17 11:49:30,,,,,,,,,,,10.92,,,,
2024-11-17 11:50:01,,,,,,,,,,,,,,0.00,
2024-11-17 11:50:10,,,17.78,,,,,,,,,,,,
2024-11-17 11:50:11,,14.99,,,,,,,,,,,,,0.00
2024-11-17 11:50:30,,,,23.37,,,,,,,,,,,
2024-11-17 11:50:42,,,,,,40.64,,,,,,,,,
2024-11-17 11:50:47,9.40,,,,,,,,,,,,,,
2024-11-17 11:51:41,,,,,,,,,,49.02,,,,,
2024-11-17 11:51:51,,,,,,,0.00,,,,,,,,
2024-11-17 11:52:38,,,,,,,,43.43,,,,,,,
2024-11-17 11:53:35,,,,,,,,,,,,,16.00,,
2024-11-17 11:53:35,,,,,26.42,,,,,,,,,,
2024-11-17 11:54:07,,,,,,,,,0.00,,,,,,
2024-11-17 11:54:30,,,,,,,,,,,10.92,,,,
2024-11-17 11:55:01,,,,,,,,,,,,,,0.00,
2024-11-17 11:55:10,,,18.03,,,,,,,,,,,,
2024-11-17 11:55:11,,14.99,,,,,,,,,,,,,0.00
2024-11-17 11:55:30,,,,23.37,,,,,,,,,,,
2024-11-17 11:55:42,,,,,,40.64,,,,,,,,,
2024-11-17 11:55:48,9.60,,,,,,,,,,,,,,
2024-11-17 11:56:41,,,,,,,,,,49.28,,,,,
2024-11-17 11:56:51,,,,,,,0.00,,,,,,,,
2024-11-17 11:57:38,,,,,,,,43.43,,,,,,,
2024-11-17 11:58:35,,,,,,,,,,,,,16.00,,
2024-11-17 11:58:35,,,,,26.42,,,,,,,,,,
2024-11-17 11:59:07,,,,,,,,,0.00,,,,,,
2024-11-17 11:59:30,,,,,,,,,,,10.92,,,,
2024-11-17 12:00:01,,,,,,,,,,,,,,0.00,
2024-11-17 12:00:11,,15.24,18.03,,,,,,,,,,,,
2024-11-17 12:00:12,,,,,,,,,,,,,,,0.00
2024-11-17 12:00:30,,,,23.37,,,,,,,,,,,
2024-11-17 12:00:42,,,,,,40.64,,,,,,,,,
2024-11-17 12:00:48,9.60,,,,,,,,,,,,,,
2024-11-17 12:01:42,,,,,,,,,,49.28,,,,,
2024-11-17 12:01:52,,,,,,,0.00,,,,,,,,
2024-11-17 12:02:38,,,,,,,,43.94,,,,,,,
2024-11-17 12:03:35,,,,,,,,,,,,,16.00,,
2024-11-17 12:03:35,,,,,26.42,,,,,,,,,,
2024-11-17 12:04:07,,,,,,,,,0.00,,,,,,
2024-11-17 12:04:30,,,,,,,,,,,10.92,,,,
2024-11-17 12:05:01,,,,,,,,,,,,,,0.00,
2024-11-17 12:05:11,,15.24,18.03,,,,,,,,,,,,0.00
2024-11-17 12:05:30,,,,23.37,,,,,,,,,,,
2024-11-17 12:05:42,,,,,,40.64,,,,,,,,,
2024-11-17 12:05:48,9.60,,,,,,,,,,,,,,
2024-11-17 12:06:42,,,,,,,,,,49.28,,,,,
2024-11-17 12:06:52,,,,,,,0.00,,,,,,,,
2024-11-17 12:07:38,,,,,,,,44.20,,,,,,,
2024-11-17 12:08:35,,,,,,,,,,,,,16.00,,
2024-11-17 12:08:35,,,,,26.42,,,,,,,,,,
2024-11-17 12:09:07,,,,,,,,,0.00,,,,,,
2024-11-17 12:09:30,,,,,,,,,,,11.18,,,,
2024-11-17 12:10:01,,,,,,,,,,,,,,0.00,
2024-11-17 12:10:11,,15.24,18.03,,,,,,,,,,,,0.00
2024-11-17 12:10:30,,,,23.37,,,,,,,,,,,
2024-11-17 12:10:42,,,,,,40.64,,,,,,,,,
2024-11-17 12:10:48,9.60,,,,,,,,,,,,,,
2024-11-17 12:11:42,,,,,,,,,,49.28,,,,,
2024-11-17 12:11:52,,,,,,,0.00,,,,,,,,
2024-11-17 12:12:38,,,,,,,,44.20,,,,,,,
2024-11-17 12:13:35,,,,,,,,,,,,,16.00,,
2024-11-17 12:13:35,,,,,26.42,,,,,,,,,,
2024-11-17 12:14:07,,,,,,,,,0.00,,,,,,
2024-11-17 12:14:30,,,,,,,,,,,11.18,,,,
2024-11-17 12:15:01,,,,,,,,,,,,,,0.00,
2024-11-17 12:15:11,,15.24,18.03,,,,,,,,,,,,
2024-11-17 12:15:12,,,,,,,,,,,,,,,0.00
2024-11-17 12:15:30,,,,23.37,,,,,,,,,,,
2024-11-17 12:15:42,,,,,,40.64,,,,,,,,,
2024-11-17 12:15:48,9.60,,,,,,,,,,,,,,
2024-11-17 12:16:42,,,,,,,,,,49.28,,,,,
2024-11-17 12:16:52,,,,,,,0.00,,,,,,,,
2024-11-17 12:17:38,,,,,,,,44.20,,,,,,,
2024-11-17 12:18:35,,,,,,,,,,,,,16.00,,
2024-11-17 12:18:35,,,,,26.42,,,,,,,,,,
2024-11-17 12:19:07,,,,,,,,,0.00,,,,,,
2024-11-17 12:19:30,,,,,,,,,,,11.18,,,,
2024-11-17 12:20:01,,,,,,,,,,,,,,0.00,
2024-11-17 12:20:11,,15.24,18.03,,,,,,,,,,,,
2024-11-17 12:20:12,,,,,,,,,,,,,,,0.00
2024-11-17 12:20:30,,,,23.37,,,,,,,,,,,
2024-11-17 12:20:42,,,,,,40.64,,,,,,,,,
2024-11-17 12:20:48,9.60,,,,,,,,,,,,,,
2024-11-17 12:21:42,,,,,,,,,,49.28,,,,,
2024-11-17 12:21:52,,,,,,,0.00,,,,,,,,
2024-11-17 12:22:38,,,,,,,,44.20,,,,,,,
2024-11-17 12:23:35,,,,,26.42,,,,,,,,16.00,,
2024-11-17 12:24:07,,,,,,,,,0.00,,,,,,
2024-11-17 12:24:30,,,,,,,,,,,11.18,,,,
2024-11-17 12:25:01,,,,,,,,,,,,,,0.00,
2024-11-17 12:25:11,,15.24,18.03,,,,,,,,,,,,
2024-11-17 12:25:12,,,,,,,,,,,,,,,0.00
2024-11-17 12:25:30,,,,23.37,,,,,,,,,,,
2024-11-17 12:25:42,,,,,,40.64,,,,,,,,,
2024-11-17 12:25:48,9.60,,,,,,,,,,,,,,
2024-11-17 12:26:42,,,,,,,,,,49.28,,,,,
2024-11-17 12:26:52,,,,,,,0.00,,,,,,,,
2024-11-17 12:27:38,,,,,,,,44.20,,,,,,,
2024-11-17 12:28:35,,,,,26.42,,,,,,,,16.00,,
2024-11-17 12:29:07,,,,,,,,,0.00,,,,,,
2024-11-17 12:29:30,,,,,,,,,,,11.18,,,,
2024-11-17 12:30:01,,,,,,,,,,,,,,0.00,
2024-11-17 12:30:11,,15.24,18.03,,,,,,,,,,,,
2024-11-17 12:30:12,,,,,,,,,,,,,,,0.00
2024-11-17 12:30:30,,,,23.37,,,,,,,,,,,
2024-11-17 12:30:42,,,,,,41.40,,,,,,,,,
2024-11-17 12:30:48,9.60,,,,,,,,,,,,,,
2024-11-17 12:31:42,,,,,,,,,,49.28,,,,,
2024-11-17 12:31:52,,,,,,,0.00,,,,,,,,
2024-11-17 12:32:38,,,,,,,,44.20,,,,,,,
2024-11-17 12:33:35,,,,,26.42,,,,,,,,16.00,,
2024-11-17 12:34:07,,,,,,,,,0.00,,,,,,
2024-11-17 12:34:30,,,,,,,,,,,11.18,,,,
2024-11-17 12:35:01,,,,,,,,,,,,,,0.00,
2024-11-17 12:35:11,,15.24,18.03,,,,,,,,,,,,
2024-11-17 12:35:12,,,,,,,,,,,,,,,0.00
2024-11-17 12:35:30,,,,23.37,,,,,,,,,,,
2024-11-17 12:35:42,,,,,,41.40,,,,,,,,,
2024-11-17 12:35:49,9.60,,,,,,,,,,,,,,
2024-11-17 12:36:42,,,,,,,,,,49.28,,,,,
2024-11-17 12:36:52,,,,,,,0.00,,,,,,,,
2024-11-17 12:37:38,,,,,,,,44.20,,,,,,,
2024-11-17 12:38:35,,,,,26.42,,,,,,,,,,
2024-11-17 12:38:35,,,,,,,,,,,,,16.00,,
2024-11-17 12:39:07,,,,,,,,,0.00,,,,,,
2024-11-17 12:39:30,,,,,,,,,,,11.18,,,,
2024-11-17 12:40:01,,,,,,,,,,,,,,0.00,
2024-11-17 12:40:11,,15.24,18.03,,,,,,,,,,,,
2024-11-17 12:40:12,,,,,,,,,,,,,,,0.00
2024-11-17 12:40:30,,,,23.62,,,,,,,,,,,
2024-11-17 12:40:42,,,,,,41.66,,,,,,,,,
2024-11-17 12:40:48,9.60,,,,,,,,,,,,,,
2024-11-17 12:41:42,,,,,,,,,,49.28,,,,,
2024-11-17 12:41:52,,,,,,,0.00,,,,,,,,
2024-11-17 12:42:38,,,,,,,,44.20,,,,,,,
2024-11-17 12:43:35,,,,,,,,,,,,,16.00,,
2024-11-17 12:43:35,,,,,26.42,,,,,,,,,,
2024-11-17 12:44:07,,,,,,,,,0.00,,,,,,
2024-11-17 12:44:30,,,,,,,,,,,11.18,,,,
2024-11-17 12:45:02,,,,,,,,,,,,,,0.00,
2024-11-17 12:45:11,,15.24,18.03,,,,,,,,,,,,
2024-11-17 12:45:12,,,,,,,,,,,,,,,0.00
2024-11-17 12:45:30,,,,23.62,,,,,,,,,,,
2024-11-17 12:45:42,,,,,,41.66,,,,,,,,,
2024-11-17 12:45:48,9.60,,,,,,,,,,,,,,
2024-11-17 12:46:42,,,,,,,,,,49.28,,,,,
2024-11-17 12:46:52,,,,,,,0.00,,,,,,,,
2024-11-17 12:47:38,,,,,,,,44.20,,,,,,,
2024-11-17 12:48:35,,,,,,,,,,,,,16.00,,
2024-11-17 12:48:35,,,,,26.42,,,,,,,,,,
2024-11-17 12:49:07,,,,,,,,,0.00,,,,,,
2024-11-17 12:49:30,,,,,,,,,,,11.18,,,,
2024-11-17 12:50:02,,,,,,,,,,,,,,0.00,
2024-11-17 12:50:11,,15.24,18.03,,,,,,,,,,,,
2024-11-17 12:50:12,,,,,,,,,,,,,,,0.00
2024-11-17 12:50:30,,,,23.62,,,,,,,,,,,
2024-11-17 12:50:42,,,,,,41.66,,,,,,,,,
2024-11-17 12:50:50,9.60,,,,,,,,,,,,,,
2024-11-17 12:51:42,,,,,,,,,,49.28,,,,,
2024-11-17 12:51:52,,,,,,,0.00,,,,,,,,
2024-11-17 12:52:38,,,,,,,,44.20,,,,,,,
2024-11-17 12:53:35,,,,,,,,,,,,,16.00,,
2024-11-17 12:53:35,,,,,26.42,,,,,,,,,,
2024-11-17 12:54:07,,,,,,,,,0.00,,,,,,
2024-11-17 12:54:30,,,,,,,,,,,11.18,,,,
2024-11-17 12:55:02,,,,,,,,,,,,,,0.00,
2024-11-17 12:55:11,,15.24,18.03,,,,,,,,,,,,
2024-11-17 12:55:12,,,,,,,,,,,,,,,0.00
2024-11-17 12:55:30,,,,23.62,,,,,,,,,,,
2024-11-17 12:55:42,,,,,,41.66,,,,,,,,,
2024-11-17 12:55:48,9.60,,,,,,,,,,,,,,
2024-11-17 12:56:42,,,,,,,,,,49.28,,,,,
2024-11-17 12:56:52,,,,,,,0.00,,,,,,,,
2024-11-17 12:57:38,,,,,,,,44.20,,,,,,,
2024-11-17 12:58:35,,,,,,,,,,,,,16.26,,
2024-11-17 12:58:35,,,,,26.42,,,,,,,,,,
2024-11-17 12:59:07,,,,,,,,,0.00,,,,,,
2024-11-17 12:59:30,,,,,,,,,,,11.18,,,,
2024-11-17 13:00:02,,,,,,,,,,,,,,0.00,
2024-11-17 13:00:11,,,18.03,,,,,,,,,,,,
2024-11-17 13:00:12,,,,,,,,,,,,,,,0.00
2024-11-17 13:00:15,,15.24,,,,,,,,,,,,,
2024-11-17 13:00:30,,,,23.62,,,,,,,,,,,
2024-11-17 13:00:42,,,,,,41.66,,,,,,,,,
2024-11-17 13:00:49,9.60,,,,,,,,,,,,,,
2024-11-17 13:01:42,,,,,,,,,,49.28,,,,,
2024-11-17 13:01:52,,,,,,,0.00,,,,,,,,
2024-11-17 13:02:39,,,,,,,,44.20,,,,,,,
2024-11-17 13:03:36,,,,,26.42,,,,,,,,,,
2024-11-17 13:03:36,,,,,,,,,,,,,16.26,,
2024-11-17 13:04:07,,,,,,,,,0.00,,,,,,
2024-11-17 13:04:31,,,,,,,,,,,11.18,,,,
2024-11-17 13:05:02,,,,,,,,,,,,,,0.00,
2024-11-17 13:05:11,,,18.03,,,,,,,,,,,,
2024-11-17 13:05:12,,15.24,,,,,,,,,,,,,0.00
2024-11-17 13:05:30,,,,23.62,,,,,,,,,,,
2024-11-17 13:05:42,,,,,,41.66,,,,,,,,,
2024-11-17 13:06:42,,,,,,,,,,49.28,,,,,
2024-11-17 13:06:52,,,,,,,0.00,,,,,,,,
2024-11-17 13:07:39,,,,,,,,44.20,,,,,,,
2024-11-17 13:08:36,,,,,26.42,,,,,,,,,,
2024-11-17 13:08:36,,,,,,,,,,,,,16.26,,
2024-11-17 13:09:07,,,,,,,,,0.00,,,,,,
2024-11-17 13:09:31,,,,,,,,,,,11.18,,,,
2024-11-17 13:10:02,,,,,,,,,,,,,,0.00,
2024-11-17 13:10:11,,,18.03,,,,,,,,,,,,
2024-11-17 13:10:12,,15.24,,,,,,,,,,,,,0.00
2024-11-17 13:10:30,,,,23.62,,,,,,,,,,,
2024-11-17 13:10:42,,,,,,41.66,,,,,,,,,
2024-11-17 13:10:48,9.60,,,,,,,,,,,,,,
2024-11-17 13:11:42,,,,,,,,,,49.28,,,,,
2024-11-17 13:11:52,,,,,,,0.00,,,,,,,,
2024-11-17 13:12:39,,,,,,,,44.20,,,,,,,
2024-11-17 13:13:36,,,,,26.67,,,,,,,,,,
2024-11-17 13:13:36,,,,,,,,,,,,,16.26,,
2024-11-17 13:14:07,,,,,,,,,0.00,,,,,,
2024-11-17 13:14:31,,,,,,,,,,,11.18,,,,
2024-11-17 13:15:02,,,,,,,,,,,,,,0.00,
2024-11-17 13:15:12,,15.24,18.03,,,,,,,,,,,,0.25
2024-11-17 13:15:30,,,,23.62,,,,,,,,,,,
2024-11-17 13:15:42,,,,,,41.66,,,,,,,,,
2024-11-17 13:15:49,9.60,,,,,,,,,,,,,,
2024-11-17 13:16:42,,,,,,,,,,49.28,,,,,
2024-11-17 13:16:52,,,,,,,0.00,,,,,,,,
2024-11-17 13:17:40,,,,,,,,44.20,,,,,,,
2024-11-17 13:18:36,,,,,27.43,,,,,,,,,,
2024-11-17 13:18:36,,,,,,,,,,,,,16.26,,
2024-11-17 13:19:07,,,,,,,,,0.00,,,,,,
2024-11-17 13:19:31,,,,,,,,,,,11.18,,,,
2024-11-17 13:20:02,,,,,,,,,,,,,,0.00,
2024-11-17 13:20:12,,15.24,18.29,,,,,,,,,,,,
2024-11-17 13:20:13,,,,,,,,,,,,,,,0.51
2024-11-17 13:20:30,,,,23.62,,,,,,,,,,,
2024-11-17 13:20:42,,,,,,41.66,,,,,,,,,
2024-11-17 13:20:48,9.60,,,,,,,,,,,,,,
2024-11-17 13:21:42,,,,,,,,,,49.28,,,,,
2024-11-17 13:21:52,,,,,,,0.00,,,,,,,,
2024-11-17 13:22:40,,,,,,,,44.20,,,,,,,
2024-11-17 13:23:36,,,,,27.94,,,,,,,,,,
2024-11-17 13:23:36,,,,,,,,,,,,,16.76,,
2024-11-17 13:24:07,,,,,,,,,0.00,,,,,,
2024-11-17 13:24:31,,,,,,,,,,,11.18,,,,
2024-11-17 13:25:02,,,,,,,,,,,,,,0.00,
2024-11-17 13:25:12,,15.24,18.54,,,,,,,,,,,,
2024-11-17 13:25:13,,,,,,,,,,,,,,,0.51
2024-11-17 13:25:30,,,,23.62,,,,,,,,,,,
2024-11-17 13:25:42,,,,,,41.66,,,,,,,,,
2024-11-17 13:25:49,9.60,,,,,,,,,,,,,,
2024-11-17 13:26:42,,,,,,,,,,49.28,,,,,
2024-11-17 13:26:52,,,,,,,0.00,,,,,,,,
2024-11-17 13:27:40,,,,,,,,44.45,,,,,,,
2024-11-17 13:28:36,,,,,28.19,,,,,,,,,,
2024-11-17 13:28:36,,,,,,,,,,,,,17.27,,
2024-11-17 13:29:07,,,,,,,,,0.00,,,,,,
2024-11-17 13:29:31,,,,,,,,,,,11.18,,,,
2024-11-17 13:30:02,,,,,,,,,,,,,,0.00,
2024-11-17 13:30:12,,15.24,19.05,,,,,,,,,,,,
2024-11-17 13:30:13,,,,,,,,,,,,,,,0.51
2024-11-17 13:30:30,,,,23.62,,,,,,,,,,,
2024-11-17 13:30:42,,,,,,41.66,,,,,,,,,
2024-11-17 13:30:49,9.60,,,,,,,,,,,,,,
2024-11-17 13:31:42,,,,,,,,,,49.28,,,,,
2024-11-17 13:31:52,,,,,,,0.00,,,,,,,,
2024-11-17 13:32:40,,,,,,,,44.45,,,,,,,
2024-11-17 13:33:36,,,,,28.19,,,,,,,,,,
2024-11-17 13:33:36,,,,,,,,,,,,,17.78,,
2024-11-17 13:34:07,,,,,,,,,0.00,,,,,,
2024-11-17 13:34:31,,,,,,,,,,,11.18,,,,
2024-11-17 13:35:02,,,,,,,,,,,,,,0.00,
2024-11-17 13:35:12,,15.24,19.56,,,,,,,,,,,,
2024-11-17 13:35:13,,,,,,,,,,,,,,,0.51
2024-11-17 13:35:30,,,,23.62,,,,,,,,,,,
2024-11-17 13:35:42,,,,,,42.16,,,,,,,,,
2024-11-17 13:35:49,9.60,,,,,,,,,,,,,,
2024-11-17 13:36:42,,,,,,,,,,49.28,,,,,
2024-11-17 13:36:52,,,,,,,0.00,,,,,,,,
2024-11-17 13:37:40,,,,,,,,44.70,,,,,,,
2024-11-17 13:38:36,,,,,28.19,,,,,,,,,,
2024-11-17 13:38:36,,,,,,,,,,,,,18.03,,
2024-11-17 13:39:07,,,,,,,,,0.00,,,,,,
2024-11-17 13:39:31,,,,,,,,,,,11.18,,,,
2024-11-17 13:40:02,,,,,,,,,,,,,,0.00,
2024-11-17 13:40:12,,15.24,19.56,,,,,,,,,,,,
2024-11-17 13:40:13,,,,,,,,,,,,,,,0.51
2024-11-17 13:40:30,,,,23.62,,,,,,,,,,,
2024-11-17 13:40:42,,,,,,42.67,,,,,,,,,
2024-11-17 13:40:56,9.60,,,,,,,,,,,,,,
2024-11-17 13:41:42,,,,,,,,,,49.28,,,,,
2024-11-17 13:41:52,,,,,,,0.00,,,,,,,,
2024-11-17 13:42:40,,,,,,,,44.96,,,,,,,
2024-11-17 13:43:36,,,,,28.19,,,,,,,,,,
2024-11-17 13:43:36,,,,,,,,,,,,,18.29,,
2024-11-17 13:44:07,,,,,,,,,0.00,,,,,,
2024-11-17 13:44:31,,,,,,,,,,,11.18,,,,
2024-11-17 13:45:02,,,,,,,,,,,,,,0.00,
2024-11-17 13:45:12,,15.24,19.81,,,,,,,,,,,,
2024-11-17 13:45:13,,,,,,,,,,,,,,,0.51
2024-11-17 13:45:30,,,,23.62,,,,,,,,,,,
2024-11-17 13:45:42,,,,,,42.93,,,,,,,,,
2024-11-17 13:45:49,9.60,,,,,,,,,,,,,,
2024-11-17 13:46:42,,,,,,,,,,49.28,,,,,
2024-11-17 13:46:52,,,,,,,0.00,,,,,,,,
2024-11-17 13:47:40,,,,,,,,44.96,,,,,,,
2024-11-17 13:48:36,,,,,28.19,,,,,,,,,,
2024-11-17 13:48:36,,,,,,,,,,,,,18.29,,
2024-11-17 13:49:07,,,,,,,,,0.00,,,,,,
2024-11-17 13:49:31,,,,,,,,,,,11.18,,,,
2024-11-17 13:50:02,,,,,,,,,,,,,,0.00,
2024-11-17 13:50:12,,15.24,20.07,,,,,,,,,,,,
2024-11-17 13:50:13,,,,,,,,,,,,,,,0.51
2024-11-17 13:50:30,,,,23.62,,,,,,,,,,,
2024-11-17 13:50:42,,,,,,42.93,,,,,,,,,
2024-11-17 13:50:49,9.60,,,,,,,,,,,,,,
2024-11-17 13:51:42,,,,,,,,,,49.28,,,,,
2024-11-17 13:51:52,,,,,,,0.00,,,,,,,,
2024-11-17 13:52:40,,,,,,,,45.47,,,,,,,
2024-11-17 13:53:36,,,,,,,,,,,,,18.29,,
2024-11-17 13:53:36,,,,,28.19,,,,,,,,,,
2024-11-17 13:54:07,,,,,,,,,0.00,,,,,,
2024-11-17 13:54:31,,,,,,,,,,,11.18,,,,
2024-11-17 13:55:02,,,,,,,,,,,,,,0.00,
2024-11-17 13:55:12,,15.24,20.07,,,,,,,,,,,,
2024-11-17 13:55:13,,,,,,,,,,,,,,,0.51
2024-11-17 13:55:30,,,,23.62,,,,,,,,,,,
2024-11-17 13:55:42,,,,,,42.93,,,,,,,,,
2024-11-17 13:56:42,,,,,,,,,,49.28,,,,,
2024-11-17 13:56:52,,,,,,,0.00,,,,,,,,
2024-11-17 13:57:40,,,,,,,,45.97,,,,,,,
2024-11-17 13:58:36,,,,,,,,,,,,,18.29,,
2024-11-17 13:58:36,,,,,28.19,,,,,,,,,,
2024-11-17 13:59:07,,,,,,,,,0.00,,,,,,
2024-11-17 13:59:31,,,,,,,,,,,11.18,,,,
2024-11-17 14:00:03,,,,,,,,,,,,,,0.00,
2024-11-17 14:00:12,,15.24,20.07,,,,,,,,,,,,
2024-11-17 14:00:13,,,,,,,,,,,,,,,0.51
2024-11-17 14:00:30,,,,23.62,,,,,,,,,,,
2024-11-17 14:00:42,,,,,,42.93,,,,,,,,,
2024-11-17 14:01:42,,,,,,,,,,49.28,,,,,
2024-11-17 14:01:52,,,,,,,0.00,,,,,,,,
2024-11-17 14:02:40,,,,,,,,45.97,,,,,,,
2024-11-17 14:03:36,,,,,28.19,,,,,,,,,,
2024-11-17 14:03:36,,,,,,,,,,,,,18.29,,
2024-11-17 14:04:07,,,,,,,,,0.00,,,,,,
2024-11-17 14:04:31,,,,,,,,,,,11.18,,,,
2024-11-17 14:05:03,,,,,,,,,,,,,,0.00,
2024-11-17 14:05:12,,,20.07,,,,,,,,,,,,
2024-11-17 14:05:13,,15.24,,,,,,,,,,,,,0.51
2024-11-17 14:05:30,,,,23.62,,,,,,,,,,,
2024-11-17 14:05:42,,,,,,43.18,,,,,,,,,
2024-11-17 14:05:50,9.60,,,,,,,,,,,,,,
2024-11-17 14:06:42,,,,,,,,,,49.28,,,,,
2024-11-17 14:06:52,,,,,,,0.00,,,,,,,,
2024-11-17 14:07:40,,,,,,,,46.23,,,,,,,
2024-11-17 14:08:36,,,,,28.19,,,,,,,,,,
2024-11-17 14:08:36,,,,,,,,,,,,,18.29,,
2024-11-17 14:09:07,,,,,,,,,0.00,,,,,,
2024-11-17 14:09:31,,,,,,,,,,,11.18,,,,
2024-11-17 14:10:03,,,,,,,,,,,,,,0.00,
2024-11-17 14:10:12,,,20.07,,,,,,,,,,,,
2024-11-17 14:10:13,,15.24,,,,,,,,,,,,,0.51
2024-11-17 14:10:30,,,,23.62,,,,,,,,,,,
2024-11-17 14:10:42,,,,,,43.18,,,,,,,,,
2024-11-17 14:10:49,9.60,,,,,,,,,,,,,,
2024-11-17 14:11:42,,,,,,,,,,49.28,,,,,
2024-11-17 14:11:52,,,,,,,0.00,,,,,,,,
2024-11-17 14:12:40,,,,,,,,46.23,,,,,,,
2024-11-17 14:13:36,,,,,28.19,,,,,,,,18.29,,
2024-11-17 14:14:07,,,,,,,,,0.00,,,,,,
2024-11-17 14:14:31,,,,,,,,,,,11.18,,,,
2024-11-17 14:15:03,,,,,,,,,,,,,,0.00,
2024-11-17 14:15:12,,,20.07,,,,,,,,,,,,
2024-11-17 14:15:13,,15.24,,,,,,,,,,,,,0.51
2024-11-17 14:15:30,,,,23.62,,,,,,,,,,,
2024-11-17 14:15:42,,,,,,43.18,,,,,,,,,
2024-11-17 14:15:50,9.60,,,,,,,,,,,,,,
2024-11-17 14:16:42,,,,,,,,,,49.28,,,,,
2024-11-17 14:16:52,,,,,,,0.00,,,,,,,,
2024-11-17 14:17:40,,,,,,,,46.23,,,,,,,
2024-11-17 14:18:36,,,,,28.19,,,,,,,,18.29,,
2024-11-17 14:19:07,,,,,,,,,0.00,,,,,,
2024-11-17 14:19:31,,,,,,,,,,,11.18,,,,
2024-11-17 14:20:03,,,,,,,,,,,,,,0.00,
2024-11-17 14:20:12,,,20.07,,,,,,,,,,,,
2024-11-17 14:20:13,,15.24,,,,,,,,,,,,,0.51
2024-11-17 14:20:30,,,,23.62,,,,,,,,,,,
2024-11-17 14:20:43,,,,,,43.18,,,,,,,,,
2024-11-17 14:20:50,9.60,,,,,,,,,,,,,,
2024-11-17 14:21:42,,,,,,,,,,49.28,,,,,
2024-11-17 14:21:52,,,,,,,0.00,,,,,,,,
2024-11-17 14:22:40,,,,,,,,46.23,,,,,,,
2024-11-17 14:23:36,,,,,28.19,,,,,,,,18.54,,
2024-11-17 14:24:07,,,,,,,,,0.00,,,,,,
2024-11-17 14:24:31,,,,,,,,,,,11.18,,,,
2024-11-17 14:25:03,,,,,,,,,,,,,,0.00,
2024-11-17 14:25:12,,,20.07,,,,,,,,,,,,
2024-11-17 14:25:13,,15.24,,,,,,,,,,,,,0.51
2024-11-17 14:25:30,,,,23.62,,,,,,,,,,,
2024-11-17 14:25:43,,,,,,43.18,,,,,,,,,
2024-11-17 14:25:50,9.60,,,,,,,,,,,,,,
2024-11-17 14:26:42,,,,,,,,,,49.28,,,,,
2024-11-17 14:26:52,,,,,,,0.00,,,,,,,,
2024-11-17 14:27:40,,,,,,,,46.23,,,,,,,
2024-11-17 14:28:36,,,,,,,,,,,,,18.54,,
2024-11-17 14:28:36,,,,,28.19,,,,,,,,,,
2024-11-17 14:29:07,,,,,,,,,0.00,,,,,,
2024-11-17 14:29:31,,,,,,,,,,,11.18,,,,
2024-11-17 14:30:03,,,,,,,,,,,,,,0.00,
2024-11-17 14:30:12,,,20.07,,,,,,,,,,,,
2024-11-17 14:30:13,,15.24,,,,,,,,,,,,,
2024-11-17 14:30:14,,,,,,,,,,,,,,,0.51
2024-11-17 14:30:30,,,,23.62,,,,,,,,,,,
2024-11-17 14:30:43,,,,,,43.69,,,,,,,,,
2024-11-17 14:30:50,9.60,,,,,,,,,,,,,,
2024-11-17 14:31:42,,,,,,,,,,49.28,,,,,
2024-11-17 14:31:52,,,,,,,0.00,,,,,,,,
2024-11-17 14:32:40,,,,,,,,46.23,,,,,,,
2024-11-17 14:33:36,,,,,,,,,,,,,18.80,,
2024-11-17 14:33:36,,,,,28.19,,,,,,,,,,
2024-11-17 14:34:07,,,,,,,,,0.00,,,,,,
2024-11-17 14:34:31,,,,,,,,,,,11.18,,,,
2024-11-17 14:35:03,,,,,,,,,,,,,,0.00,
2024-11-17 14:35:13,,15.24,20.07,,,,,,,,,,,,
2024-11-17 14:35:14,,,,,,,,,,,,,,,0.76
2024-11-17 14:35:30,,,,23.62,,,,,,,,,,,
2024-11-17 14:35:43,,,,,,43.94,,,,,,,,,
2024-11-17 14:35:50,9.60,,,,,,,,,,,,,,
2024-11-17 14:36:42,,,,,,,,,,49.28,,,,,
2024-11-17 14:36:52,,,,,,,0.00,,,,,,,,
2024-11-17 14:37:40,,,,,,,,46.23,,,,,,,
2024-11-17 14:38:36,,,,,28.70,,,,,,,,18.80,,
2024-11-17 14:39:07,,,,,,,,,0.25,,,,,,
2024-11-17 14:39:31,,,,,,,,,,,11.18,,,,
2024-11-17 14:40:03,,,,,,,,,,,,,,0.00,
2024-11-17 14:40:13,,15.24,20.32,,,,,,,,,,,,
2024-11-17 14:40:14,,,,,,,,,,,,,,,1.02
2024-11-17 14:40:30,,,,23.62,,,,,,,,,,,
2024-11-17 14:40:43,,,,,,44.20,,,,,,,,,
2024-11-17 14:40:50,9.80,,,,,,,,,,,,,,
2024-11-17 14:41:42,,,,,,,,,,49.53,,,,,
2024-11-17 14:41:52,,,,,,,0.00,,,,,,,,
2024-11-17 14:42:40,,,,,,,,46.23,,,,,,,
2024-11-17 14:43:36,,,,,,,,,,,,,19.05,,
2024-11-17 14:43:36,,,,,28.96,,,,,,,,,,
2024-11-17 14:44:07,,,,,,,,,0.51,,,,,,
2024-11-17 14:44:31,,,,,,,,,,,11.18,,,,
2024-11-17 14:45:03,,,,,,,,,,,,,,0.00,
2024-11-17 14:45:13,,15.24,20.83,,,,,,,,,,,,
2024-11-17 14:45:14,,,,,,,,,,,,,,,1.02
2024-11-17 14:45:30,,,,23.88,,,,,,,,,,,
2024-11-17 14:45:43,,,,,,44.45,,,,,,,,,
2024-11-17 14:45:50,9.80,,,,,,,,,,,,,,
2024-11-17 14:46:42,,,,,,,,,,50.04,,,,,
2024-11-17 14:46:52,,,,,,,0.00,,,,,,,,
2024-11-17 14:47:40,,,,,,,,46.48,,,,,,,
2024-11-17 14:48:36,,,,,,,,,,,,,19.30,,
2024-11-17 14:48:36,,,,,29.46,,,,,,,,,,
2024-11-17 14:49:07,,,,,,,,,0.76,,,,,,
2024-11-17 14:49:31,,,,,,,,,,,11.18,,,,
2024-11-17 14:50:03,,,,,,,,,,,,,,0.00,
2024-11-17 14:50:13,,15.24,21.08,,,,,,,,,,,,
2024-11-17 14:50:14,,,,,,,,,,,,,,,1.27
2024-11-17 14:50:30,,,,23.88,,,,,,,,,,,
2024-11-17 14:50:43,,,,,,44.96,,,,,,,,,
2024-11-17 14:50:50,9.80,,,,,,,,,,,,,,
2024-11-17 14:51:44,,,,,,,,,,50.04,,,,,
2024-11-17 14:51:52,,,,,,,0.00,,,,,,,,
2024-11-17 14:52:40,,,,,,,,46.48,,,,,,,
2024-11-17 14:53:36,,,,,,,,,,,,,19.30,,
2024-11-17 14:53:36,,,,,29.46,,,,,,,,,,
2024-11-17 14:54:07,,,,,,,,,0.76,,,,,,
2024-11-17 14:54:31,,,,,,,,,,,11.18,,,,
2024-11-17 14:55:03,,,,,,,,,,,,,,0.00,
2024-11-17 14:55:13,,15.24,21.08,,,,,,,,,,,,
2024-11-17 14:55:14,,,,,,,,,,,,,,,1.27
2024-11-17 14:55:30,,,,24.13,,,,,,,,,,,
2024-11-17 14:55:43,,,,,,44.96,,,,,,,,,
2024-11-17 14:55:50,10.00,,,,,,,,,,,,,,
2024-11-17 14:56:44,,,,,,,,,,50.29,,,,,
2024-11-17 14:56:52,,,,,,,0.00,,,,,,,,
2024-11-17 14:57:40,,,,,,,,46.74,,,,,,,
2024-11-17 14:58:36,,,,,,,,,,,,,19.56,,
2024-11-17 14:58:36,,,,,29.46,,,,,,,,,,
2024-11-17 14:59:07,,,,,,,,,0.76,,,,,,
2024-11-17 14:59:31,,,,,,,,,,,11.18,,,,
2024-11-17 15:00:03,,,,,,,,,,,,,,0.00,
2024-11-17 15:00:13,,15.24,21.08,,,,,,,,,,,,
2024-11-17 15:00:14,,,,,,,,,,,,,,,1.52
2024-11-17 15:00:30,,,,24.13,,,,,,,,,,,
2024-11-17 15:00:43,,,,,,45.21,,,,,,,,,
2024-11-17 15:00:50,10.20,,,,,,,,,,,,,,
2024-11-17 15:01:44,,,,,,,,,,50.80,,,,,
2024-11-17 15:01:52,,,,,,,0.00,,,,,,,,
2024-11-17 15:02:40,,,,,,,,46.74,,,,,,,
2024-11-17 15:03:36,,,,,,,,,,,,,19.56,,
2024-11-17 15:03:36,,,,,29.72,,,,,,,,,,
2024-11-17 15:04:07,,,,,,,,,0.76,,,,,,
2024-11-17 15:04:31,,,,,,,,,,,11.18,,,,
2024-11-17 15:05:03,,,,,,,,,,,,,,0.00,
2024-11-17 15:05:13,,15.75,21.34,,,,,,,,,,,,
2024-11-17 15:05:14,,,,,,,,,,,,,,,1.52
2024-11-17 15:05:30,,,,24.13,,,,,,,,,,,
2024-11-17 15:05:43,,,,,,45.21,,,,,,,,,
2024-11-17 15:05:50,10.60,,,,,,,,,,,,,,
2024-11-17 15:06:44,,,,,,,,,,51.31,,,,,
2024-11-17 15:06:52,,,,,,,0.00,,,,,,,,
2024-11-17 15:07:40,,,,,,,,47.24,,,,,,,
2024-11-17 15:08:36,,,,,,,,,,,,,19.81,,
2024-11-17 15:08:36,,,,,29.72,,,,,,,,,,
2024-11-17 15:09:07,,,,,,,,,0.76,,,,,,
2024-11-17 15:09:31,,,,,,,,,,,11.18,,,,
2024-11-17 15:10:03,,,,,,,,,,,,,,0.00,
2024-11-17 15:10:13,,,21.34,,,,,,,,,,,,
2024-11-17 15:10:14,,16.51,,,,,,,,,,,,,1.52
2024-11-17 15:10:30,,,,24.38,,,,,,,,,,,
2024-11-17 15:10:43,,,,,,45.97,,,,,,,,,
2024-11-17 15:10:50,10.80,,,,,,,,,,,,,,
2024-11-17 15:11:44,,,,,,,,,,51.56,,,,,
2024-11-17 15:11:52,,,,,,,0.00,,,,,,,,
2024-11-17 15:12:40,,,,,,,,47.24,,,,,,,
2024-11-17 15:13:36,,,,,29.72,,,,,,,,,,
2024-11-17 15:13:36,,,,,,,,,,,,,20.07,,
2024-11-17 15:14:07,,,,,,,,,0.76,,,,,,
2024-11-17 15:14:31,,,,,,,,,,,11.18,,,,
2024-11-17 15:15:03,,,,,,,,,,,,,,0.00,
2024-11-17 15:15:13,,,21.34,,,,,,,,,,,,
2024-11-17 15:15:14,,17.27,,,,,,,,,,,,,1.78
2024-11-17 15:15:30,,,,24.38,,,,,,,,,,,
2024-11-17 15:15:43,,,,,,45.97,,,,,,,,,
2024-11-17 15:15:50,11.00,,,,,,,,,,,,,,
2024-11-17 15:16:44,,,,,,,,,,52.07,,,,,
2024-11-17 15:16:52,,,,,,,0.00,,,,,,,,
2024-11-17 15:17:40,,,,,,,,47.50,,,,,,,
2024-11-17 15:18:36,,,,,29.72,,,,,,,,,,
2024-11-17 15:18:36,,,,,,,,,,,,,20.07,,
2024-11-17 15:19:07,,,,,,,,,0.76,,,,,,
2024-11-17 15:19:31,,,,,,,,,,,11.18,,,,
2024-11-17 15:20:04,,,,,,,,,,,,,,0.00,
2024-11-17 15:20:13,,,21.34,,,,,,,,,,,,
2024-11-17 15:20:14,,17.53,,,,,,,,,,,,,2.03
2024-11-17 15:20:30,,,,24.64,,,,,,,,,,,
2024-11-17 15:20:43,,,,,,45.97,,,,,,,,,
2024-11-17 15:20:50,11.20,,,,,,,,,,,,,,
2024-11-17 15:21:44,,,,,,,,,,52.83,,,,,
2024-11-17 15:21:52,,,,,,,0.00,,,,,,,,
2024-11-17 15:22:40,,,,,,,,47.50,,,,,,,
2024-11-17 15:23:36,,,,,30.23,,,,,,,,,,
2024-11-17 15:23:36,,,,,,,,,,,,,20.32,,
2024-11-17 15:24:07,,,,,,,,,0.76,,,,,,
2024-11-17 15:24:31,,,,,,,,,,,11.18,,,,
2024-11-17 15:25:04,,,,,,,,,,,,,,0.00,
2024-11-17 15:25:13,,,21.59,,,,,,,,,,,,
2024-11-17 15:25:14,,17.53,,,,,,,,,,,,,2.03
2024-11-17 15:25:30,,,,24.64,,,,,,,,,,,
2024-11-17 15:25:43,,,,,,45.97,,,,,,,,,
2024-11-17 15:25:50,11.40,,,,,,,,,,,,,,
2024-11-17 15:26:44,,,,,,,,,,53.85,,,,,
2024-11-17 15:26:52,,,,,,,0.00,,,,,,,,
2024-11-17 15:27:40,,,,,,,,47.50,,,,,,,
2024-11-17 15:28:36,,,,,30.23,,,,,,,,,,
2024-11-17 15:28:36,,,,,,,,,,,,,20.32,,
2024-11-17 15:29:07,,,,,,,,,0.76,,,,,,
2024-11-17 15:29:31,,,,,,,,,,,11.18,,,,
2024-11-17 15:30:04,,,,,,,,,,,,,,0.00,
2024-11-17 15:30:13,,,21.59,,,,,,,,,,,,
2024-11-17 15:30:14,,18.29,,,,,,,,,,,,,2.03
2024-11-17 15:30:30,,,,24.89,,,,,,,,,,,
2024-11-17 15:30:43,,,,,,45.97,,,,,,,,,
2024-11-17 15:30:51,11.60,,,,,,,,,,,,,,
2024-11-17 15:31:44,,,,,,,,,,54.36,,,,,
2024-11-17 15:31:52,,,,,,,0.00,,,,,,,,
2024-11-17 15:32:40,,,,,,,,47.50,,,,,,,
2024-11-17 15:33:36,,,,,30.48,,,,,,,,,,
2024-11-17 15:33:36,,,,,,,,,,,,,20.32,,
2024-11-17 15:34:07,,,,,,,,,0.76,,,,,,
2024-11-17 15:34:31,,,,,,,,,,,11.18,,,,
2024-11-17 15:35:04,,,,,,,,,,,,,,0.00,
2024-11-17 15:35:13,,,21.59,,,,,,,,,,,,
2024-11-17 15:35:14,,0.00,,,,,,,,,,,,,2.29
2024-11-17 15:35:30,,,,24.89,,,,,,,,,,,
2024-11-17 15:35:43,,,,,,46.23,,,,,,,,,
2024-11-17 15:35:50,11.80,,,,,,,,,,,,,,
2024-11-17 15:36:44,,,,,,,,,,54.61,,,,,
2024-11-17 15:36:52,,,,,,,0.00,,,,,,,,
2024-11-17 15:37:40,,,,,,,,47.50,,,,,,,
2024-11-17 15:38:36,,,,,30.48,,,,,,,,,,
2024-11-17 15:38:36,,,,,,,,,,,,,20.57,,
2024-11-17 15:39:07,,,,,,,,,0.76,,,,,,
2024-11-17 15:39:31,,,,,,,,,,,11.18,,,,
2024-11-17 15:40:04,,,,,,,,,,,,,,0.00,
2024-11-17 15:40:13,,,21.84,,,,,,,,,,,,
2024-11-17 15:40:14,,0.51,,,,,,,,,,,,,
2024-11-17 15:40:15,,,,,,,,,,,,,,,2.29
2024-11-17 15:40:30,,,,24.89,,,,,,,,,,,
2024-11-17 15:40:43,,,,,,46.23,,,,,,,,,
2024-11-17 15:41:44,,,,,,,,,,54.61,,,,,
2024-11-17 15:41:52,,,,,,,0.00,,,,,,,,
2024-11-17 15:42:40,,,,,,,,47.75,,,,,,,
2024-11-17 15:43:36,,,,,30.48,,,,,,,,,,
2024-11-17 15:43:36,,,,,,,,,,,,,20.57,,
2024-11-17 15:44:07,,,,,,,,,0.76,,,,,,
2024-11-17 15:44:31,,,,,,,,,,,11.18,,,,
2024-11-17 15:45:04,,,,,,,,,,,,,,0.00,
2024-11-17 15:45:13,,,21.84,,,,,,,,,,,,
2024-11-17 15:45:14,,0.76,,,,,,,,,,,,,
2024-11-17 15:45:15,,,,,,,,,,,,,,,2.54
2024-11-17 15:45:31,,,,25.15,,,,,,,,,,,
2024-11-17 15:45:43,,,,,,46.23,,,,,,,,,
2024-11-17 15:45:51,12.00,,,,,,,,,,,,,,
2024-11-17 15:46:44,,,,,,,,,,54.86,,,,,
2024-11-17 15:46:52,,,,,,,0.00,,,,,,,,
2024-11-17 15:47:40,,,,,,,,47.75,,,,,,,
2024-11-17 15:48:36,,,,,30.48,,,,,,,,,,
2024-11-17 15:48:36,,,,,,,,,,,,,20.83,,
2024-11-17 15:49:07,,,,,,,,,0.76,,,,,,
2024-11-17 15:49:31,,,,,,,,,,,11.18,,,,
2024-11-17 15:50:04,,,,,,,,,,,,,,0.00,
2024-11-17 15:50:14,,0.76,21.84,,,,,,,,,,,,
2024-11-17 15:50:15,,,,,,,,,,,,,,,2.54
2024-11-17 15:50:31,,,,25.15,,,,,,,,,,,
2024-11-17 15:50:43,,,,,,46.48,,,,,,,,,
2024-11-17 15:51:44,,,,,,,,,,55.12,,,,,
2024-11-17 15:51:52,,,,,,,0.00,,,,,,,,
2024-11-17 15:52:40,,,,,,,,47.75,,,,,,,
2024-11-17 15:53:36,,,,,30.48,,,,,,,,,,
2024-11-17 15:53:36,,,,,,,,,,,,,20.83,,
2024-11-17 15:54:07,,,,,,,,,0.76,,,,,,
2024-11-17 15:54:31,,,,,,,,,,,11.18,,,,
2024-11-17 15:55:04,,,,,,,,,,,,,,0.00,
2024-11-17 15:55:14,,0.76,22.10,,,,,,,,,,,,
2024-11-17 15:55:15,,,,,,,,,,,,,,,2.54
2024-11-17 15:55:31,,,,25.15,,,,,,,,,,,
2024-11-17 15:55:43,,,,,,46.48,,,,,,,,,
2024-11-17 15:56:44,,,,,,,,,,55.12,,,,,
2024-11-17 15:56:52,,,,,,,0.00,,,,,,,,
2024-11-17 15:57:40,,,,,,,,48.01,,,,,,,
2024-11-17 15:58:36,,,,,30.99,,,,,,,,,,
2024-11-17 15:58:36,,,,,,,,,,,,,21.08,,
2024-11-17 15:59:07,,,,,,,,,0.76,,,,,,
2024-11-17 15:59:31,,,,,,,,,,,11.18,,,,
2024-11-17 16:00:04,,,,,,,,,,,,,,0.00,
2024-11-17 16:00:14,,0.76,22.10,,,,,,,,,,,,
2024-11-17 16:00:15,,,,,,,,,,,,,,,2.54
2024-11-17 16:00:31,,,,25.40,,,,,,,,,,,
2024-11-17 16:00:43,,,,,,46.74,,,,,,,,,
2024-11-17 16:00:51,12.20,,,,,,,,,,,,,,
2024-11-17 16:01:44,,,,,,,,,,55.12,,,,,
2024-11-17 16:01:52,,,,,,,0.00,,,,,,,,
2024-11-17 16:02:40,,,,,,,,48.01,,,,,,,
2024-11-17 16:03:36,,,,,30.99,,,,,,,,,,
2024-11-17 16:03:36,,,,,,,,,,,,,21.08,,
2024-11-17 16:04:07,,,,,,,,,0.76,,,,,,
2024-11-17 16:04:31,,,,,,,,,,,11.18,,,,
2024-11-17 16:05:04,,,,,,,,,,,,,,0.00,
2024-11-17 16:05:14,,1.27,22.10,,,,,,,,,,,,
2024-11-17 16:05:15,,,,,,,,,,,,,,,2.79
2024-11-17 16:05:31,,,,25.40,,,,,,,,,,,
2024-11-17 16:05:43,,,,,,46.74,,,,,,,,,
2024-11-17 16:06:44,,,,,,,,,,55.37,,,,,
2024-11-17 16:06:52,,,,,,,0.00,,,,,,,,
2024-11-17 16:07:40,,,,,,,,48.01,,,,,,,
2024-11-17 16:08:36,,,,,30.99,,,,,,,,,,
2024-11-17 16:08:36,,,,,,,,,,,,,21.08,,
2024-11-17 16:09:07,,,,,,,,,0.76,,,,,,
2024-11-17 16:09:31,,,,,,,,,,,11.18,,,,
2024-11-17 16:10:04,,,,,,,,,,,,,,0.00,
2024-11-17 16:10:14,,,22.10,,,,,,,,,,,,
2024-11-17 16:10:15,,1.27,,,,,,,,,,,,,3.05
2024-11-17 16:10:31,,,,25.40,,,,,,,,,,,
2024-11-17 16:10:43,,,,,,46.99,,,,,,,,,
2024-11-17 16:11:44,,,,,,,,,,55.37,,,,,
2024-11-17 16:11:53,,,,,,,0.00,,,,,,,,
2024-11-17 16:12:40,,,,,,,,48.01,,,,,,,
2024-11-17 16:13:36,,,,,30.99,,,,,,,,,,
2024-11-17 16:13:36,,,,,,,,,,,,,21.34,,
2024-11-17 16:14:07,,,,,,,,,0.76,,,,,,
2024-11-17 16:14:31,,,,,,,,,,,11.18,,,,
2024-11-17 16:15:04,,,,,,,,,,,,,,0.00,
2024-11-17 16:15:14,,,22.35,,,,,,,,,,,,
2024-11-17 16:15:15,,1.27,,,,,,,,,,,,,0.00
2024-11-17 16:15:31,,,,25.40,,,,,,,,,,,
2024-11-17 16:15:43,,,,,,46.99,,,,,,,,,
2024-11-17 16:16:44,,,,,,,,,,55.63,,,,,
2024-11-17 16:16:53,,,,,,,0.00,,,,,,,,
2024-11-17 16:17:40,,,,,,,,48.01,,,,,,,
2024-11-17 16:18:36,,,,,30.99,,,,,,,,,,
2024-11-17 16:18:36,,,,,,,,,,,,,21.34,,
2024-11-17 16:19:07,,,,,,,,,0.76,,,,,,
2024-11-17 16:19:31,,,,,,,,,,,11.18,,,,
2024-11-17 16:20:04,,,,,,,,,,,,,,0.00,
2024-11-17 16:20:14,,,22.35,,,,,,,,,,,,
2024-11-17 16:20:15,,1.27,,,,,,,,,,,,,0.00
2024-11-17 16:20:31,,,,25.40,,,,,,,,,,,
2024-11-17 16:20:43,,,,,,46.99,,,,,,,,,
2024-11-17 16:20:51,12.60,,,,,,,,,,,,,,
2024-11-17 16:21:44,,,,,,,,,,55.63,,,,,
2024-11-17 16:21:53,,,,,,,0.00,,,,,,,,
2024-11-17 16:22:40,,,,,,,,48.26,,,,,,,
2024-11-17 16:23:36,,,,,31.24,,,,,,,,,,
2024-11-17 16:23:36,,,,,,,,,,,,,21.59,,
2024-11-17 16:24:07,,,,,,,,,0.76,,,,,,
2024-11-17 16:24:31,,,,,,,,,,,11.18,,,,
2024-11-17 16:25:05,,,,,,,,,,,,,,0.00,
2024-11-17 16:25:14,,,22.35,,,,,,,,,,,,
2024-11-17 16:25:15,,1.52,,,,,,,,,,,,,0.25
2024-11-17 16:25:31,,,,25.65,,,,,,,,,,,
2024-11-17 16:25:43,,,,,,47.24,,,,,,,,,
2024-11-17 16:26:44,,,,,,,,,,55.88,,,,,
2024-11-17 16:26:53,,,,,,,0.00,,,,,,,,
2024-11-17 16:27:40,,,,,,,,48.26,,,,,,,
2024-11-17 16:28:36,,,,,31.24,,,,,,,,,,
2024-11-17 16:28:36,,,,,,,,,,,,,21.59,,
2024-11-17 16:29:07,,,,,,,,,0.76,,,,,,
2024-11-17 16:29:31,,,,,,,,,,,11.18,,,,
2024-11-17 16:30:05,,,,,,,,,,,,,,0.00,
2024-11-17 16:30:14,,,22.61,,,,,,,,,,,,
2024-11-17 16:30:15,,1.52,,,,,,,,,,,,,0.25
2024-11-17 16:30:31,,,,25.65,,,,,,,,,,,
2024-11-17 16:30:43,,,,,,47.24,,,,,,,,,
2024-11-17 16:31:45,,,,,,,,,,55.88,,,,,
2024-11-17 16:31:53,,,,,,,0.00,,,,,,,,
2024-11-17 16:32:40,,,,,,,,48.26,,,,,,,
2024-11-17 16:33:36,,,,,31.24,,,,,,,,,,
2024-11-17 16:33:36,,,,,,,,,,,,,21.84,,
2024-11-17 16:34:08,,,,,,,,,0.76,,,,,,
2024-11-17 16:34:31,,,,,,,,,,,11.18,,,,
2024-11-17 16:35:05,,,,,,,,,,,,,,0.00,
2024-11-17 16:35:14,,,22.61,,,,,,,,,,,,
2024-11-17 16:35:15,,1.52,,,,,,,,,,,,,0.51
2024-11-17 16:35:31,,,,25.91,,,,,,,,,,,
2024-11-17 16:35:43,,,,,,47.24,,,,,,,,,
2024-11-17 16:36:45,,,,,,,,,,56.13,,,,,
2024-11-17 16:36:53,,,,,,,0.00,,,,,,,,
2024-11-17 16:37:40,,,,,,,,48.26,,,,,,,
2024-11-17 16:38:36,,,,,,,,,,,,,21.84,,
2024-11-17 16:38:36,,,,,31.75,,,,,,,,,,
2024-11-17 16:39:08,,,,,,,,,0.76,,,,,,
2024-11-17 16:39:31,,,,,,,,,,,11.18,,,,
2024-11-17 16:40:05,,,,,,,,,,,,,,0.00,
2024-11-17 16:40:14,,,22.61,,,,,,,,,,,,
2024-11-17 16:40:15,,1.52,,,,,,,,,,,,,0.51
2024-11-17 16:40:31,,,,25.91,,,,,,,,,,,
2024-11-17 16:40:43,,,,,,47.24,,,,,,,,,
2024-11-17 16:41:45,,,,,,,,,,56.39,,,,,
2024-11-17 16:41:53,,,,,,,0.00,,,,,,,,
2024-11-17 16:42:40,,,,,,,,48.26,,,,,,,
2024-11-17 16:43:36,,,,,,,,,,,,,21.84,,
2024-11-17 16:43:36,,,,,31.75,,,,,,,,,,
2024-11-17 16:44:08,,,,,,,,,0.76,,,,,,
2024-11-17 16:44:31,,,,,,,,,,,11.18,,,,
2024-11-17 16:45:05,,,,,,,,,,,,,,0.00,
2024-11-17 16:45:14,,,22.61,,,,,,,,,,,,
2024-11-17 16:45:15,,1.52,,,,,,,,,,,,,0.51
2024-11-17 16:45:31,,,,25.91,,,,,,,,,,,
2024-11-17 16:45:43,,,,,,47.50,,,,,,,,,
2024-11-17 16:46:45,,,,,,,,,,56.39,,,,,
2024-11-17 16:46:53,,,,,,,0.00,,,,,,,,
2024-11-17 16:47:40,,,,,,,,48.51,,,,,,,
2024-11-17 16:48:36,,,,,,,,,,,,,21.84,,
2024-11-17 16:48:36,,,,,31.75,,,,,,,,,,
2024-11-17 16:49:08,,,,,,,,,0.76,,,,,,
2024-11-17 16:49:31,,,,,,,,,,,11.18,,,,
2024-11-17 16:50:05,,,,,,,,,,,,,,0.00,
2024-11-17 16:50:14,,,22.86,,,,,,,,,,,,
2024-11-17 16:50:15,,1.52,,,,,,,,,,,,,0.51
2024-11-17 16:50:31,,,,26.16,,,,,,,,,,,
2024-11-17 16:50:43,,,,,,47.50,,,,,,,,,
2024-11-17 16:51:45,,,,,,,,,,56.39,,,,,
2024-11-17 16:51:53,,,,,,,0.00,,,,,,,,
2024-11-17 16:52:40,,,,,,,,48.51,,,,,,,
2024-11-17 16:53:36,,,,,,,,,,,,,21.84,,
2024-11-17 16:53:36,,,,,31.75,,,,,,,,,,
2024-11-17 16:54:08,,,,,,,,,0.76,,,,,,
2024-11-17 16:54:31,,,,,,,,,,,11.18,,,,
2024-11-17 16:55:05,,,,,,,,,,,,,,0.00,
2024-11-17 16:55:14,,,22.86,,,,,,,,,,,,
2024-11-17 16:55:15,,1.52,,,,,,,,,,,,,0.51
2024-11-17 16:55:31,,,,26.16,,,,,,,,,,,
2024-11-17 16:55:43,,,,,,47.50,,,,,,,,,
2024-11-17 16:56:45,,,,,,,,,,56.39,,,,,
2024-11-17 16:56:53,,,,,,,0.00,,,,,,,,
2024-11-17 16:57:40,,,,,,,,48.51,,,,,,,
2024-11-17 16:58:36,,,,,,,,,,,,,21.84,,
2024-11-17 16:58:36,,,,,31.75,,,,,,,,,,
2024-11-17 16:59:08,,,,,,,,,0.76,,,,,,
2024-11-17 16:59:31,,,,,,,,,,,11.18,,,,
2024-11-17 17:00:05,,,,,,,,,,,,,,0.00,
2024-11-17 17:00:14,,,22.86,,,,,,,,,,,,
2024-11-17 17:00:15,,1.52,,,,,,,,,,,,,
2024-11-17 17:00:16,,,,,,,,,,,,,,,0.51
2024-11-17 17:00:31,,,,26.16,,,,,,,,,,,
2024-11-17 17:00:43,,,,,,47.50,,,,,,,,,
2024-11-17 17:01:45,,,,,,,,,,56.39,,,,,
2024-11-17 17:01:53,,,,,,,0.00,,,,,,,,
2024-11-17 17:02:40,,,,,,,,48.77,,,,,,,
2024-11-17 17:03:36,,,,,,,,,,,,,21.84,,
2024-11-17 17:03:36,,,,,31.75,,,,,,,,,,
2024-11-17 17:04:08,,,,,,,,,0.76,,,,,,
2024-11-17 17:04:31,,,,,,,,,,,11.18,,,,
2024-11-17 17:05:05,,,,,,,,,,,,,,0.00,
2024-11-17 17:05:15,,1.52,22.86,,,,,,,,,,,,
2024-11-17 17:05:16,,,,,,,,,,,,,,,0.51
2024-11-17 17:05:31,,,,26.16,,,,,,,,,,,
2024-11-17 17:05:43,,,,,,47.50,,,,,,,,,
2024-11-17 17:05:52,12.60,,,,,,,,,,,,,,
2024-11-17 17:06:45,,,,,,,,,,56.39,,,,,
2024-11-17 17:06:53,,,,,,,0.00,,,,,,,,
2024-11-17 17:07:40,,,,,,,,48.77,,,,,,,
2024-11-17 17:08:36,,,,,31.75,,,,,,,,,,
2024-11-17 17:08:36,,,,,,,,,,,,,21.84,,
2024-11-17 17:09:08,,,,,,,,,0.76,,,,,,
2024-11-17 17:09:31,,,,,,,,,,,11.18,,,,
2024-11-17 17:10:05,,,,,,,,,,,,,,0.00,
2024-11-17 17:10:15,,,22.86,,,,,,,,,,,,
2024-11-17 17:10:16,,1.52,,,,,,,,,,,,,0.51
2024-11-17 17:10:31,,,,26.16,,,,,,,,,,,
2024-11-17 17:10:43,,,,,,47.50,,,,,,,,,
2024-11-17 17:11:45,,,,,,,,,,56.39,,,,,
2024-11-17 17:11:53,,,,,,,0.00,,,,,,,,
2024-11-17 17:12:40,,,,,,,,48.77,,,,,,,
2024-11-17 17:13:36,,,,,,,,,,,,,21.84,,
2024-11-17 17:13:36,,,,,31.75,,,,,,,,,,
2024-11-17 17:14:08,,,,,,,,,0.76,,,,,,
2024-11-17 17:14:31,,,,,,,,,,,11.18,,,,
2024-11-17 17:15:05,,,,,,,,,,,,,,0.00,
2024-11-17 17:15:15,,,22.86,,,,,,,,,,,,
2024-11-17 17:15:16,,1.52,,,,,,,,,,,,,0.51
2024-11-17 17:15:31,,,,26.16,,,,,,,,,,,
2024-11-17 17:15:43,,,,,,47.50,,,,,,,,,
2024-11-17 17:15:52,12.60,,,,,,,,,,,,,,
2024-11-17 17:16:45,,,,,,,,,,56.39,,,,,
2024-11-17 17:16:53,,,,,,,0.00,,,,,,,,
2024-11-17 17:17:40,,,,,,,,48.77,,,,,,,
2024-11-17 17:18:36,,,,,31.75,,,,,,,,21.84,,
2024-11-17 17:19:08,,,,,,,,,0.76,,,,,,
2024-11-17 17:19:31,,,,,,,,,,,11.18,,,,
2024-11-17 17:20:05,,,,,,,,,,,,,,0.00,
2024-11-17 17:20:15,,,22.86,,,,,,,,,,,,
2024-11-17 17:20:16,,1.52,,,,,,,,,,,,,0.51
2024-11-17 17:20:31,,,,26.16,,,,,,,,,,,
2024-11-17 17:20:43,,,,,,47.50,,,,,,,,,
2024-11-17 17:20:53,12.60,,,,,,,,,,,,,,
2024-11-17 17:21:47,,,,,,,,,,56.39,,,,,
2024-11-17 17:21:53,,,,,,,0.00,,,,,,,,
2024-11-17 17:22:40,,,,,,,,48.77,,,,,,,
2024-11-17 17:23:36,,,,,,,,,,,,,21.84,,
2024-11-17 17:23:36,,,,,31.75,,,,,,,,,,
2024-11-17 17:24:08,,,,,,,,,0.76,,,,,,
2024-11-17 17:24:31,,,,,,,,,,,11.18,,,,
2024-11-17 17:25:05,,,,,,,,,,,,,,0.00,
2024-11-17 17:25:15,,,22.86,,,,,,,,,,,,
2024-11-17 17:25:16,,1.52,,,,,,,,,,,,,0.51
2024-11-17 17:25:31,,,,26.16,,,,,,,,,,,
2024-11-17 17:25:43,,,,,,47.50,,,,,,,,,
2024-11-17 17:25:52,12.60,,,,,,,,,,,,,,
2024-11-17 17:26:47,,,,,,,,,,56.39,,,,,
2024-11-17 17:26:53,,,,,,,0.00,,,,,,,,
2024-11-17 17:27:40,,,,,,,,48.77,,,,,,,
2024-11-17 17:28:36,,,,,,,,,,,,,21.84,,
2024-11-17 17:28:36,,,,,31.75,,,,,,,,,,
2024-11-17 17:29:08,,,,,,,,,0.76,,,,,,
2024-11-17 17:29:31,,,,,,,,,,,11.18,,,,
2024-11-17 17:30:05,,,,,,,,,,,,,,0.00,
2024-11-17 17:30:15,,,22.86,,,,,,,,,,,,
2024-11-17 17:30:16,,1.52,,,,,,,,,,,,,0.51
2024-11-17 17:30:31,,,,26.16,,,,,,,,,,,
2024-11-17 17:30:43,,,,,,47.75,,,,,,,,,
2024-11-17 17:31:47,,,,,,,,,,56.39,,,,,
2024-11-17 17:31:53,,,,,,,0.00,,,,,,,,
2024-11-17 17:32:40,,,,,,,,48.77,,,,,,,
2024-11-17 17:33:36,,,,,,,,,,,,,21.84,,
2024-11-17 17:33:36,,,,,31.75,,,,,,,,,,
2024-11-17 17:34:08,,,,,,,,,0.76,,,,,,
2024-11-17 17:34:31,,,,,,,,,,,11.18,,,,
2024-11-17 17:35:06,,,,,,,,,,,,,,0.00,
2024-11-17 17:35:15,,,22.86,,,,,,,,,,,,
2024-11-17 17:35:16,,1.52,,,,,,,,,,,,,0.51
2024-11-17 17:35:31,,,,26.16,,,,,,,,,,,
2024-11-17 17:35:43,,,,,,47.75,,,,,,,,,
2024-11-17 17:35:57,12.60,,,,,,,,,,,,,,
2024-11-17 17:36:47,,,,,,,,,,56.64,,,,,
2024-11-17 17:36:53,,,,,,,0.00,,,,,,,,
2024-11-17 17:37:40,,,,,,,,48.77,,,,,,,
2024-11-17 17:38:36,,,,,,,,,,,,,21.84,,
2024-11-17 17:38:36,,,,,31.75,,,,,,,,,,
2024-11-17 17:39:08,,,,,,,,,0.76,,,,,,
2024-11-17 17:39:31,,,,,,,,,,,11.18,,,,
2024-11-17 17:40:06,,,,,,,,,,,,,,0.00,
2024-11-17 17:40:15,,,22.86,,,,,,,,,,,,
2024-11-17 17:40:16,,1.52,,,,,,,,,,,,,0.51
2024-11-17 17:40:31,,,,26.16,,,,,,,,,,,
2024-11-17 17:40:43,,,,,,47.75,,,,,,,,,
2024-11-17 17:40:57,12.60,,,,,,,,,,,,,,
2024-11-17 17:41:47,,,,,,,,,,56.64,,,,,
2024-11-17 17:41:53,,,,,,,0.00,,,,,,,,
2024-11-17 17:42:40,,,,,,,,48.77,,,,,,,
2024-11-17 17:43:36,,,,,,,,,,,,,21.84,,
2024-11-17 17:43:36,,,,,31.75,,,,,,,,,,
2024-11-17 17:44:08,,,,,,,,,0.76,,,,,,
2024-11-17 17:44:31,,,,,,,,,,,11.18,,,,
2024-11-17 17:45:06,,,,,,,,,,,,,,0.00,
2024-11-17 17:45:15,,,22.86,,,,,,,,,,,,
2024-11-17 17:45:16,,1.52,,,,,,,,,,,,,0.51
2024-11-17 17:45:31,,,,26.16,,,,,,,,,,,
2024-11-17 17:45:43,,,,,,47.75,,,,,,,,,
2024-11-17 17:45:52,12.60,,,,,,,,,,,,,,
2024-11-17 17:46:47,,,,,,,,,,56.64,,,,,
2024-11-17 17:46:53,,,,,,,0.00,,,,,,,,
2024-11-17 17:47:40,,,,,,,,48.77,,,,,,,
2024-11-17 17:48:36,,,,,,,,,,,,,21.84,,
2024-11-17 17:48:36,,,,,31.75,,,,,,,,,,
2024-11-17 17:49:08,,,,,,,,,0.76,,,,,,
2024-11-17 17:49:31,,,,,,,,,,,11.18,,,,
2024-11-17 17:50:06,,,,,,,,,,,,,,0.00,
2024-11-17 17:50:15,,,22.86,,,,,,,,,,,,
2024-11-17 17:50:16,,1.52,,,,,,,,,,,,,0.51
2024-11-17 17:50:31,,,,26.16,,,,,,,,,,,
2024-11-17 17:50:43,,,,,,47.75,,,,,,,,,
2024-11-17 17:50:53,12.60,,,,,,,,,,,,,,
2024-11-17 17:51:47,,,,,,,,,,56.64,,,,,
2024-11-17 17:51:53,,,,,,,0.00,,,,,,,,
2024-11-17 17:52:40,,,,,,,,48.77,,,,,,,
2024-11-17 17:53:36,,,,,31.75,,,,,,,,21.84,,
2024-11-17 17:54:08,,,,,,,,,0.76,,,,,,
2024-11-17 17:54:31,,,,,,,,,,,11.18,,,,
2024-11-17 17:55:06,,,,,,,,,,,,,,0.00,
2024-11-17 17:55:15,,,22.86,,,,,,,,,,,,
2024-11-17 17:55:16,,1.52,,,,,,,,,,,,,0.51
2024-11-17 17:55:31,,,,26.16,,,,,,,,,,,
2024-11-17 17:55:43,,,,,,47.75,,,,,,,,,
2024-11-17 17:55:52,12.60,,,,,,,,,,,,,,
2024-11-17 17:56:47,,,,,,,,,,57.15,,,,,
2024-11-17 17:56:53,,,,,,,0.00,,,,,,,,
2024-11-17 17:57:40,,,,,,,,48.77,,,,,,,
2024-11-17 17:58:36,,,,,,,,,,,,,21.84,,
2024-11-17 17:58:36,,,,,31.75,,,,,,,,,,
2024-11-17 17:59:08,,,,,,,,,0.76,,,,,,
2024-11-17 17:59:31,,,,,,,,,,,11.18,,,,
2024-11-17 18:00:06,,,,,,,,,,,,,,0.00,
2024-11-17 18:00:15,,,22.86,,,,,,,,,,,,
2024-11-17 18:00:16,,1.52,,,,,,,,,,,,,0.51
2024-11-17 18:00:31,,,,26.16,,,,,,,,,,,
2024-11-17 18:00:43,,,,,,47.75,,,,,,,,,
2024-11-17 18:00:53,12.60,,,,,,,,,,,,,,
2024-11-17 18:01:47,,,,,,,,,,57.15,,,,,
2024-11-17 18:01:53,,,,,,,0.00,,,,,,,,
2024-11-17 18:02:40,,,,,,,,48.77,,,,,,,
2024-11-17 18:03:36,,,,,31.75,,,,,,,,,,
2024-11-17 18:03:42,,,,,,,,,,,,,21.84,,
2024-11-17 18:04:08,,,,,,,,,0.76,,,,,,
2024-11-17 18:04:31,,,,,,,,,,,11.18,,,,
2024-11-17 18:05:06,,,,,,,,,,,,,,0.00,
2024-11-17 18:05:15,,,22.86,,,,,,,,,,,,
2024-11-17 18:05:16,,1.52,,,,,,,,,,,,,0.51
2024-11-17 18:05:31,,,,26.16,,,,,,,,,,,
2024-11-17 18:05:43,,,,,,47.75,,,,,,,,,
2024-11-17 18:05:53,12.60,,,,,,,,,,,,,,
2024-11-17 18:06:47,,,,,,,,,,57.15,,,,,
2024-11-17 18:06:53,,,,,,,0.00,,,,,,,,
2024-11-17 18:07:40,,,,,,,,48.77,,,,,,,
2024-11-17 18:08:36,,,,,31.75,,,,,,,,,,
2024-11-17 18:08:42,,,,,,,,,,,,,21.84,,
2024-11-17 18:09:08,,,,,,,,,0.76,,,,,,
2024-11-17 18:09:31,,,,,,,,,,,11.18,,,,
2024-11-17 18:10:06,,,,,,,,,,,,,,0.00,
2024-11-17 18:10:15,,,22.86,,,,,,,,,,,,
2024-11-17 18:10:16,,1.52,,,,,,,,,,,,,
2024-11-17 18:10:17,,,,,,,,,,,,,,,0.51
2024-11-17 18:10:31,,,,26.16,,,,,,,,,,,
2024-11-17 18:10:43,,,,,,47.75,,,,,,,,,
2024-11-17 18:10:53,12.60,,,,,,,,,,,,,,
2024-11-17 18:11:47,,,,,,,,,,57.15,,,,,
2024-11-17 18:11:53,,,,,,,0.00,,,,,,,,
2024-11-17 18:12:40,,,,,,,,48.77,,,,,,,
2024-11-17 18:13:36,,,,,31.75,,,,,,,,,,
2024-11-17 18:13:42,,,,,,,,,,,,,21.84,,
2024-11-17 18:14:08,,,,,,,,,0.76,,,,,,
2024-11-17 18:14:33,,,,,,,,,,,11.18,,,,
2024-11-17 18:15:06,,,,,,,,,,,,,,0.00,
2024-11-17 18:15:15,,,22.86,,,,,,,,,,,,
2024-11-17 18:15:17,,1.52,,,,,,,,,,,,,0.51
2024-11-17 18:15:33,,,,26.16,,,,,,,,,,,
2024-11-17 18:15:43,,,,,,47.75,,,,,,,,,
2024-11-17 18:15:53,12.60,,,,,,,,,,,,,,
2024-11-17 18:16:47,,,,,,,,,,57.15,,,,,
2024-11-17 18:16:53,,,,,,,0.00,,,,,,,,
2024-11-17 18:17:40,,,,,,,,48.77,,,,,,,
2024-11-17 18:18:37,,,,,31.75,,,,,,,,,,
2024-11-17 18:18:42,,,,,,,,,,,,,21.84,,
2024-11-17 18:19:08,,,,,,,,,0.76,,,,,,
2024-11-17 18:19:33,,,,,,,,,,,11.18,,,,
2024-11-17 18:20:06,,,,,,,,,,,,,,0.00,
2024-11-17 18:20:16,,,22.86,,,,,,,,,,,,
2024-11-17 18:20:17,,1.52,,,,,,,,,,,,,0.51
2024-11-17 18:20:33,,,,26.16,,,,,,,,,,,
2024-11-17 18:20:43,,,,,,47.75,,,,,,,,,
2024-11-17 18:20:53,12.60,,,,,,,,,,,,,,
2024-11-17 18:21:47,,,,,,,,,,57.15,,,,,
2024-11-17 18:21:53,,,,,,,0.00,,,,,,,,
2024-11-17 18:22:40,,,,,,,,48.77,,,,,,,
2024-11-17 18:23:37,,,,,31.75,,,,,,,,,,
2024-11-17 18:23:42,,,,,,,,,,,,,21.84,,
2024-11-17 18:24:08,,,,,,,,,0.76,,,,,,
2024-11-17 18:24:33,,,,,,,,,,,11.18,,,,
2024-11-17 18:25:06,,,,,,,,,,,,,,0.00,
2024-11-17 18:25:16,,,22.86,,,,,,,,,,,,
2024-11-17 18:25:17,,1.52,,,,,,,,,,,,,0.51
2024-11-17 18:25:33,,,,26.16,,,,,,,,,,,
2024-11-17 18:25:44,,,,,,47.75,,,,,,,,,
2024-11-17 18:26:47,,,,,,,,,,57.15,,,,,
2024-11-17 18:26:53,,,,,,,0.00,,,,,,,,
2024-11-17 18:27:40,,,,,,,,48.77,,,,,,,
2024-11-17 18:28:37,,,,,31.75,,,,,,,,,,
2024-11-17 18:28:42,,,,,,,,,,,,,21.84,,
2024-11-17 18:29:08,,,,,,,,,0.76,,,,,,
2024-11-17 18:29:33,,,,,,,,,,,11.18,,,,
2024-11-17 18:30:06,,,,,,,,,,,,,,0.00,
2024-11-17 18:30:16,,,22.86,,,,,,,,,,,,
2024-11-17 18:30:17,,1.52,,,,,,,,,,,,,0.51
2024-11-17 18:30:33,,,,26.16,,,,,,,,,,,
2024-11-17 18:30:44,,,,,,47.75,,,,,,,,,
2024-11-17 18:30:53,12.60,,,,,,,,,,,,,,
2024-11-17 18:31:47,,,,,,,,,,57.15,,,,,
2024-11-17 18:31:53,,,,,,,0.00,,,,,,,,
2024-11-17 18:32:40,,,,,,,,48.77,,,,,,,
2024-11-17 18:33:37,,,,,31.75,,,,,,,,,,
2024-11-17 18:33:42,,,,,,,,,,,,,21.84,,
2024-11-17 18:34:08,,,,,,,,,0.76,,,,,,
2024-11-17 18:34:33,,,,,,,,,,,11.18,,,,
2024-11-17 18:35:06,,,,,,,,,,,,,,0.00,
2024-11-17 18:35:16,,,22.86,,,,,,,,,,,,
2024-11-17 18:35:17,,1.52,,,,,,,,,,,,,0.51
2024-11-17 18:35:33,,,,26.16,,,,,,,,,,,
2024-11-17 18:35:44,,,,,,47.75,,,,,,,,,
2024-11-17 18:35:53,12.60,,,,,,,,,,,,,,
2024-11-17 18:36:47,,,,,,,,,,57.91,,,,,
2024-11-17 18:36:53,,,,,,,0.00,,,,,,,,
2024-11-17 18:37:41,,,,,,,,48.77,,,,,,,
2024-11-17 18:38:37,,,,,31.75,,,,,,,,,,
2024-11-17 18:38:42,,,,,,,,,,,,,21.84,,
2024-11-17 18:39:08,,,,,,,,,0.76,,,,,,
2024-11-17 18:39:33,,,,,,,,,,,11.18,,,,
2024-11-17 18:40:06,,,,,,,,,,,,,,0.00,
2024-11-17 18:40:16,,,22.86,,,,,,,,,,,,
2024-11-17 18:40:17,,1.52,,,,,,,,,,,,,0.51
2024-11-17 18:40:33,,,,26.16,,,,,,,,,,,
2024-11-17 18:40:44,,,,,,47.75,,,,,,,,,
2024-11-17 18:40:53,12.60,,,,,,,,,,,,,,
2024-11-17 18:41:47,,,,,,,,,,57.91,,,,,
2024-11-17 18:41:53,,,,,,,0.00,,,,,,,,
2024-11-17 18:42:41,,,,,,,,48.77,,,,,,,
2024-11-17 18:43:37,,,,,31.75,,,,,,,,,,
2024-11-17 18:43:42,,,,,,,,,,,,,21.84,,
2024-11-17 18:44:08,,,,,,,,,0.76,,,,,,
2024-11-17 18:44:33,,,,,,,,,,,11.18,,,,
2024-11-17 18:45:06,,,,,,,,,,,,,,0.00,
2024-11-17 18:45:16,,,22.86,,,,,,,,,,,,
2024-11-17 18:45:17,,1.52,,,,,,,,,,,,,0.51
2024-11-17 18:45:33,,,,26.16,,,,,,,,,,,
2024-11-17 18:45:44,,,,,,47.75,,,,,,,,,
2024-11-17 18:45:54,12.60,,,,,,,,,,,,,,
2024-11-17 18:46:47,,,,,,,,,,57.91,,,,,
2024-11-17 18:46:53,,,,,,,0.00,,,,,,,,
2024-11-17 18:47:41,,,,,,,,48.77,,,,,,,
2024-11-17 18:48:37,,,,,31.75,,,,,,,,,,
2024-11-17 18:48:42,,,,,,,,,,,,,21.84,,
2024-11-17 18:49:08,,,,,,,,,0.76,,,,,,
2024-11-17 18:49:33,,,,,,,,,,,11.18,,,,
2024-11-17 18:50:07,,,,,,,,,,,,,,0.00,
2024-11-17 18:50:16,,,22.86,,,,,,,,,,,,
2024-11-17 18:50:17,,1.52,,,,,,,,,,,,,0.51
2024-11-17 18:50:33,,,,26.16,,,,,,,,,,,
2024-11-17 18:50:44,,,,,,47.75,,,,,,,,,
2024-11-17 18:50:53,12.60,,,,,,,,,,,,,,
2024-11-17 18:51:47,,,,,,,,,,57.91,,,,,
2024-11-17 18:51:53,,,,,,,0.00,,,,,,,,
2024-11-17 18:52:41,,,,,,,,48.77,,,,,,,
2024-11-17 18:53:37,,,,,31.75,,,,,,,,,,
2024-11-17 18:53:42,,,,,,,,,,,,,21.84,,
2024-11-17 18:54:08,,,,,,,,,0.76,,,,,,
2024-11-17 18:54:33,,,,,,,,,,,11.18,,,,
2024-11-17 18:55:07,,,,,,,,,,,,,,0.00,
2024-11-17 18:55:16,,,22.86,,,,,,,,,,,,
2024-11-17 18:55:17,,1.52,,,,,,,,,,,,,0.51
2024-11-17 18:55:33,,,,26.16,,,,,,,,,,,
2024-11-17 18:55:44,,,,,,47.75,,,,,,,,,
2024-11-17 18:55:54,12.60,,,,,,,,,,,,,,
2024-11-17 18:56:47,,,,,,,,,,57.91,,,,,
2024-11-17 18:56:53,,,,,,,0.00,,,,,,,,
2024-11-17 18:57:41,,,,,,,,48.77,,,,,,,
2024-11-17 18:58:37,,,,,31.75,,,,,,,,,,
2024-11-17 18:58:42,,,,,,,,,,,,,21.84,,
2024-11-17 18:59:08,,,,,,,,,0.76,,,,,,
2024-11-17 18:59:33,,,,,,,,,,,11.18,,,,
2024-11-17 19:00:07,,,,,,,,,,,,,,0.00,
2024-11-17 19:00:16,,,22.86,,,,,,,,,,,,
2024-11-17 19:00:17,,1.52,,,,,,,,,,,,,0.51
2024-11-17 19:00:33,,,,26.16,,,,,,,,,,,
2024-11-17 19:00:44,,,,,,47.75,,,,,,,,,
2024-11-17 19:00:53,12.60,,,,,,,,,,,,,,
2024-11-17 19:01:47,,,,,,,,,,57.91,,,,,
2024-11-17 19:01:53,,,,,,,0.00,,,,,,,,
2024-11-17 19:02:41,,,,,,,,48.77,,,,,,,
2024-11-17 19:03:37,,,,,31.75,,,,,,,,,,
2024-11-17 19:03:42,,,,,,,,,,,,,21.84,,
2024-11-17 19:04:08,,,,,,,,,0.76,,,,,,
2024-11-17 19:04:33,,,,,,,,,,,11.18,,,,
2024-11-17 19:05:07,,,,,,,,,,,,,,0.00,
2024-11-17 19:05:16,,,22.86,,,,,,,,,,,,
2024-11-17 19:05:17,,1.52,,,,,,,,,,,,,0.51
2024-11-17 19:05:33,,,,26.16,,,,,,,,,,,
2024-11-17 19:05:44,,,,,,47.75,,,,,,,,,
2024-11-17 19:05:56,12.60,,,,,,,,,,,,,,
2024-11-17 19:06:47,,,,,,,,,,57.91,,,,,
2024-11-17 19:06:53,,,,,,,0.00,,,,,,,,
2024-11-17 19:07:41,,,,,,,,48.77,,,,,,,
2024-11-17 19:08:37,,,,,31.75,,,,,,,,,,
2024-11-17 19:08:42,,,,,,,,,,,,,21.84,,
2024-11-17 19:09:08,,,,,,,,,0.76,,,,,,
2024-11-17 19:09:33,,,,,,,,,,,11.18,,,,
2024-11-17 19:10:07,,,,,,,,,,,,,,0.00,
2024-11-17 19:10:16,,,22.86,,,,,,,,,,,,
2024-11-17 19:10:17,,1.52,,,,,,,,,,,,,0.51
2024-11-17 19:10:33,,,,26.16,,,,,,,,,,,
2024-11-17 19:10:44,,,,,,47.75,,,,,,,,,
2024-11-17 19:10:53,12.60,,,,,,,,,,,,,,
2024-11-17 19:11:47,,,,,,,,,,57.91,,,,,
2024-11-17 19:11:53,,,,,,,0.00,,,,,,,,
2024-11-17 19:12:41,,,,,,,,48.77,,,,,,,
2024-11-17 19:13:37,,,,,31.75,,,,,,,,,,
2024-11-17 19:13:42,,,,,,,,,,,,,21.84,,
2024-11-17 19:14:08,,,,,,,,,0.76,,,,,,
2024-11-17 19:14:33,,,,,,,,,,,11.18,,,,
2024-11-17 19:15:07,,,,,,,,,,,,,,0.00,
2024-11-17 19:15:16,,,22.86,,,,,,,,,,,,
2024-11-17 19:15:17,,1.52,,,,,,,,,,,,,0.51
2024-11-17 19:15:33,,,,26.16,,,,,,,,,,,
2024-11-17 19:15:44,,,,,,47.75,,,,,,,,,
2024-11-17 19:15:54,12.60,,,,,,,,,,,,,,
2024-11-17 19:16:47,,,,,,,,,,57.91,,,,,
2024-11-17 19:16:53,,,,,,,0.00,,,,,,,,
2024-11-17 19:17:41,,,,,,,,48.77,,,,,,,
2024-11-17 19:18:37,,,,,31.75,,,,,,,,,,
2024-11-17 19:18:42,,,,,,,,,,,,,21.84,,
2024-11-17 19:19:08,,,,,,,,,0.76,,,,,,
2024-11-17 19:19:33,,,,,,,,,,,11.18,,,,
2024-11-17 19:20:07,,,,,,,,,,,,,,0.00,
2024-11-17 19:20:16,,,22.86,,,,,,,,,,,,
2024-11-17 19:20:17,,1.52,,,,,,,,,,,,,0.51
2024-11-17 19:20:33,,,,26.16,,,,,,,,,,,
2024-11-17 19:20:44,,,,,,47.75,,,,,,,,,
2024-11-17 19:20:54,12.60,,,,,,,,,,,,,,
2024-11-17 19:21:47,,,,,,,,,,57.91,,,,,
2024-11-17 19:21:53,,,,,,,0.00,,,,,,,,
2024-11-17 19:22:41,,,,,,,,48.77,,,,,,,
2024-11-17 19:23:37,,,,,31.75,,,,,,,,,,
2024-11-17 19:23:43,,,,,,,,,,,,,21.84,,
2024-11-17 19:24:08,,,,,,,,,0.76,,,,,,
2024-11-17 19:24:33,,,,,,,,,,,11.18,,,,
2024-11-17 19:25:07,,,,,,,,,,,,,,0.00,
2024-11-17 19:25:16,,,22.86,,,,,,,,,,,,
2024-11-17 19:25:17,,1.52,,,,,,,,,,,,,
2024-11-17 19:25:18,,,,,,,,,,,,,,,0.51
2024-11-17 19:25:33,,,,26.16,,,,,,,,,,,
2024-11-17 19:25:44,,,,,,47.75,,,,,,,,,
2024-11-17 19:25:54,12.60,,,,,,,,,,,,,,
2024-11-17 19:26:47,,,,,,,,,,57.91,,,,,
2024-11-17 19:26:53,,,,,,,0.00,,,,,,,,
2024-11-17 19:27:41,,,,,,,,48.77,,,,,,,
2024-11-17 19:28:37,,,,,31.75,,,,,,,,,,
2024-11-17 19:28:43,,,,,,,,,,,,,23.11,,
2024-11-17 19:29:08,,,,,,,,,0.76,,,,,,
2024-11-17 19:29:33,,,,,,,,,,,11.18,,,,
2024-11-17 19:30:07,,,,,,,,,,,,,,0.00,
2024-11-17 19:30:16,,,22.86,,,,,,,,,,,,
2024-11-17 19:30:18,,1.52,,,,,,,,,,,,,0.51
2024-11-17 19:30:33,,,,26.16,,,,,,,,,,,
2024-11-17 19:30:44,,,,,,47.75,,,,,,,,,
2024-11-17 19:30:54,12.60,,,,,,,,,,,,,,
2024-11-17 19:31:47,,,,,,,,,,57.91,,,,,
2024-11-17 19:31:53,,,,,,,0.00,,,,,,,,
2024-11-17 19:32:41,,,,,,,,48.77,,,,,,,
2024-11-17 19:33:37,,,,,31.75,,,,,,,,,,
2024-11-17 19:33:43,,,,,,,,,,,,,23.11,,
2024-11-17 19:34:08,,,,,,,,,0.76,,,,,,
2024-11-17 19:34:33,,,,,,,,,,,11.18,,,,
2024-11-17 19:35:07,,,,,,,,,,,,,,0.00,
2024-11-17 19:35:16,,,22.86,,,,,,,,,,,,
2024-11-17 19:35:18,,1.52,,,,,,,,,,,,,0.51
2024-11-17 19:35:33,,,,26.16,,,,,,,,,,,
2024-11-17 19:35:44,,,,,,47.75,,,,,,,,,
2024-11-17 19:35:56,12.60,,,,,,,,,,,,,,
2024-11-17 19:36:47,,,,,,,,,,57.91,,,,,
2024-11-17 19:36:53,,,,,,,0.00,,,,,,,,
2024-11-17 19:37:41,,,,,,,,48.77,,,,,,,
2024-11-17 19:38:37,,,,,31.75,,,,,,,,,,
2024-11-17 19:38:43,,,,,,,,,,,,,23.11,,
2024-11-17 19:39:08,,,,,,,,,0.76,,,,,,
2024-11-17 19:39:33,,,,,,,,,,,11.18,,,,
2024-11-17 19:40:07,,,,,,,,,,,,,,0.00,
2024-11-17 19:40:16,,,22.86,,,,,,,,,,,,
2024-11-17 19:40:18,,1.52,,,,,,,,,,,,,0.51
2024-11-17 19:40:33,,,,26.16,,,,,,,,,,,
2024-11-17 19:40:44,,,,,,47.75,,,,,,,,,
2024-11-17 19:40:54,12.60,,,,,,,,,,,,,,
2024-11-17 19:41:47,,,,,,,,,,57.91,,,,,
2024-11-17 19:41:53,,,,,,,0.00,,,,,,,,
2024-11-17 19:42:41,,,,,,,,48.77,,,,,,,
2024-11-17 19:43:37,,,,,31.75,,,,,,,,,,
2024-11-17 19:43:43,,,,,,,,,,,,,23.11,,
2024-11-17 19:44:08,,,,,,,,,0.76,,,,,,
2024-11-17 19:44:33,,,,,,,,,,,11.18,,,,
2024-11-17 19:45:07,,,,,,,,,,,,,,0.00,
2024-11-17 19:45:17,,,22.86,,,,,,,,,,,,
2024-11-17 19:45:18,,1.52,,,,,,,,,,,,,0.51
2024-11-17 19:45:33,,,,26.16,,,,,,,,,,,
2024-11-17 19:45:44,,,,,,47.75,,,,,,,,,
2024-11-17 19:45:54,12.60,,,,,,,,,,,,,,
2024-11-17 19:46:47,,,,,,,,,,57.91,,,,,
2024-11-17 19:46:53,,,,,,,0.00,,,,,,,,
2024-11-17 19:47:41,,,,,,,,48.77,,,,,,,
2024-11-17 19:48:37,,,,,31.75,,,,,,,,,,
2024-11-17 19:48:43,,,,,,,,,,,,,23.11,,
2024-11-17 19:49:08,,,,,,,,,0.76,,,,,,
2024-11-17 19:49:33,,,,,,,,,,,11.18,,,,
2024-11-17 19:50:07,,,,,,,,,,,,,,0.00,
2024-11-17 19:50:17,,,22.86,,,,,,,,,,,,
2024-11-17 19:50:18,,1.52,,,,,,,,,,,,,0.51
2024-11-17 19:50:33,,,,26.16,,,,,,,,,,,
2024-11-17 19:50:44,,,,,,47.75,,,,,,,,,
2024-11-17 19:50:54,12.60,,,,,,,,,,,,,,
2024-11-17 19:51:47,,,,,,,,,,57.91,,,,,
2024-11-17 19:51:53,,,,,,,0.00,,,,,,,,
2024-11-17 19:52:41,,,,,,,,48.77,,,,,,,
2024-11-17 19:53:37,,,,,31.75,,,,,,,,,,
2024-11-17 19:53:43,,,,,,,,,,,,,23.11,,
2024-11-17 19:54:08,,,,,,,,,0.76,,,,,,
2024-11-17 19:54:33,,,,,,,,,,,11.18,,,,
2024-11-17 19:55:07,,,,,,,,,,,,,,0.00,
2024-11-17 19:55:18,,1.52,,,,,,,,,,,,,0.51
2024-11-17 19:55:33,,,,26.16,,,,,,,,,,,
2024-11-17 19:55:44,,,,,,47.75,,,,,,,,,
2024-11-17 19:55:54,12.60,,,,,,,,,,,,,,
2024-11-17 19:56:47,,,,,,,,,,57.91,,,,,
2024-11-17 19:56:53,,,,,,,0.00,,,,,,,,
2024-11-17 19:57:41,,,,,,,,48.77,,,,,,,
2024-11-17 19:58:37,,,,,31.75,,,,,,,,,,
2024-11-17 19:58:43,,,,,,,,,,,,,23.11,,
2024-11-17 19:59:09,,,,,,,,,0.76,,,,,,
2024-11-17 19:59:33,,,,,,,,,,,11.18,,,,
2024-11-17 20:00:07,,,,,,,,,,,,,,0.00,
2024-11-17 20:00:18,,1.52,0.00,,,,,,,,,,,,0.51
2024-11-17 20:00:33,,,,26.16,,,,,,,,,,,
2024-11-17 20:00:44,,,,,,47.75,,,,,,,,,
2024-11-17 20:00:54,12.60,,,,,,,,,,,,,,
2024-11-17 20:01:47,,,,,,,,,,57.91,,,,,
2024-11-17 20:01:53,,,,,,,0.00,,,,,,,,
2024-11-17 20:02:41,,,,,,,,48.77,,,,,,,
2024-11-17 20:03:37,,,,,31.75,,,,,,,,,,
2024-11-17 20:03:43,,,,,,,,,,,,,23.11,,
2024-11-17 20:04:09,,,,,,,,,0.76,,,,,,
2024-11-17 20:04:33,,,,,,,,,,,11.18,,,,
2024-11-17 20:05:07,,,,,,,,,,,,,,0.00,
2024-11-17 20:05:18,,1.52,0.00,,,,,,,,,,,,0.51
2024-11-17 20:05:33,,,,26.16,,,,,,,,,,,
2024-11-17 20:05:44,,,,,,47.75,,,,,,,,,
2024-11-17 20:05:55,12.60,,,,,,,,,,,,,,
2024-11-17 20:06:47,,,,,,,,,,57.91,,,,,
2024-11-17 20:06:53,,,,,,,0.00,,,,,,,,
2024-11-17 20:07:41,,,,,,,,48.77,,,,,,,
2024-11-17 20:08:37,,,,,31.75,,,,,,,,,,
2024-11-17 20:08:44,,,,,,,,,,,,,23.11,,
2024-11-17 20:09:09,,,,,,,,,0.76,,,,,,
2024-11-17 20:09:33,,,,,,,,,,,11.18,,,,
2024-11-17 20:10:07,,,,,,,,,,,,,,0.00,
2024-11-17 20:10:18,,1.52,0.00,,,,,,,,,,,,0.51
2024-11-17 20:10:33,,,,26.16,,,,,,,,,,,
2024-11-17 20:10:44,,,,,,49.02,,,,,,,,,
2024-11-17 20:10:55,12.60,,,,,,,,,,,,,,
2024-11-17 20:11:47,,,,,,,,,,57.91,,,,,
2024-11-17 20:11:53,,,,,,,0.00,,,,,,,,
2024-11-17 20:12:41,,,,,,,,48.77,,,,,,,
2024-11-17 20:13:37,,,,,31.75,,,,,,,,,,
2024-11-17 20:13:44,,,,,,,,,,,,,23.11,,
2024-11-17 20:14:09,,,,,,,,,0.76,,,,,,
2024-11-17 20:14:33,,,,,,,,,,,11.18,,,,
2024-11-17 20:15:08,,,,,,,,,,,,,,0.00,
2024-11-17 20:15:18,,1.52,,,,,,,,,,,,,0.51
2024-11-17 20:15:19,,,0.00,,,,,,,,,,,,
2024-11-17 20:15:33,,,,26.16,,,,,,,,,,,
2024-11-17 20:15:44,,,,,,49.02,,,,,,,,,
2024-11-17 20:15:55,12.60,,,,,,,,,,,,,,
2024-11-17 20:16:47,,,,,,,,,,57.91,,,,,
2024-11-17 20:16:53,,,,,,,0.00,,,,,,,,
2024-11-17 20:17:41,,,,,,,,48.77,,,,,,,
2024-11-17 20:18:37,,,,,31.75,,,,,,,,,,
2024-11-17 20:18:44,,,,,,,,,,,,,23.11,,
2024-11-17 20:19:09,,,,,,,,,0.76,,,,,,
2024-11-17 20:19:33,,,,,,,,,,,11.18,,,,
2024-11-17 20:20:08,,,,,,,,,,,,,,0.00,
2024-11-17 20:20:18,,1.52,,,,,,,,,,,,,
2024-11-17 20:20:19,,,0.00,,,,,,,,,,,,0.51
2024-11-17 20:20:33,,,,26.16,,,,,,,,,,,
2024-11-17 20:20:44,,,,,,49.02,,,,,,,,,
2024-11-17 20:20:54,12.60,,,,,,,,,,,,,,
2024-11-17 20:21:47,,,,,,,,,,57.91,,,,,
2024-11-17 20:21:53,,,,,,,0.00,,,,,,,,
2024-11-17 20:22:41,,,,,,,,48.77,,,,,,,
2024-11-17 20:23:37,,,,,31.75,,,,,,,,,,
2024-11-17 20:23:44,,,,,,,,,,,,,23.11,,
2024-11-17 20:24:09,,,,,,,,,0.76,,,,,,
2024-11-17 20:24:33,,,,,,,,,,,11.18,,,,
2024-11-17 20:25:08,,,,,,,,,,,,,,0.00,
2024-11-17 20:25:18,,1.52,,,,,,,,,,,,,0.51
2024-11-17 20:25:19,,,0.00,,,,,,,,,,,,
2024-11-17 20:25:33,,,,26.16,,,,,,,,,,,
2024-11-17 20:25:44,,,,,,49.02,,,,,,,,,
2024-11-17 20:25:55,12.60,,,,,,,,,,,,,,
2024-11-17 20:26:47,,,,,,,,,,57.91,,,,,
2024-11-17 20:26:53,,,,,,,0.00,,,,,,,,
2024-11-17 20:27:41,,,,,,,,48.77,,,,,,,
2024-11-17 20:28:37,,,,,31.75,,,,,,,,,,
2024-11-17 20:28:44,,,,,,,,,,,,,23.11,,
2024-11-17 20:29:09,,,,,,,,,0.76,,,,,,
2024-11-17 20:29:33,,,,,,,,,,,11.18,,,,
2024-11-17 20:30:08,,,,,,,,,,,,,,0.00,
2024-11-17 20:30:18,,1.52,,,,,,,,,,,,,0.51
2024-11-17 20:30:19,,,0.00,,,,,,,,,,,,
2024-11-17 20:30:33,,,,26.16,,,,,,,,,,,
2024-11-17 20:30:44,,,,,,49.02,,,,,,,,,
2024-11-17 20:30:55,12.60,,,,,,,,,,,,,,
2024-11-17 20:31:47,,,,,,,,,,57.91,,,,,
2024-11-17 20:31:53,,,,,,,0.00,,,,,,,,
2024-11-17 20:32:41,,,,,,,,48.77,,,,,,,
2024-11-17 20:33:37,,,,,31.75,,,,,,,,,,
2024-11-17 20:33:44,,,,,,,,,,,,,23.11,,
2024-11-17 20:34:09,,,,,,,,,0.76,,,,,,
2024-11-17 20:34:33,,,,,,,,,,,11.18,,,,
2024-11-17 20:35:08,,,,,,,,,,,,,,0.00,
2024-11-17 20:35:19,,1.52,0.00,,,,,,,,,,,,0.00
2024-11-17 20:35:33,,,,26.16,,,,,,,,,,,
2024-11-17 20:35:44,,,,,,49.02,,,,,,,,,
2024-11-17 20:35:55,12.60,,,,,,,,,,,,,,
2024-11-17 20:36:47,,,,,,,,,,57.91,,,,,
2024-11-17 20:36:53,,,,,,,0.00,,,,,,,,
2024-11-17 20:37:41,,,,,,,,48.77,,,,,,,
2024-11-17 20:38:37,,,,,31.75,,,,,,,,,,
2024-11-17 20:38:44,,,,,,,,,,,,,23.11,,
2024-11-17 20:39:09,,,,,,,,,0.76,,,,,,
2024-11-17 20:39:33,,,,,,,,,,,11.18,,,,
2024-11-17 20:40:08,,,,,,,,,,,,,,0.00,
2024-11-17 20:40:19,,1.52,0.00,,,,,,,,,,,,0.00
2024-11-17 20:40:33,,,,26.16,,,,,,,,,,,
2024-11-17 20:40:44,,,,,,49.02,,,,,,,,,
2024-11-17 20:40:55,12.60,,,,,,,,,,,,,,
2024-11-17 20:41:47,,,,,,,,,,57.91,,,,,
2024-11-17 20:41:54,,,,,,,0.00,,,,,,,,
2024-11-17 20:42:41,,,,,,,,48.77,,,,,,,
2024-11-17 20:43:37,,,,,31.75,,,,,,,,,,
2024-11-17 20:43:44,,,,,,,,,,,,,23.11,,
2024-11-17 20:44:09,,,,,,,,,0.76,,,,,,
2024-11-17 20:44:33,,,,,,,,,,,11.18,,,,
2024-11-17 20:45:08,,,,,,,,,,,,,,0.00,
2024-11-17 20:45:19,,1.52,0.00,,,,,,,,,,,,0.00
2024-11-17 20:45:33,,,,26.16,,,,,,,,,,,
2024-11-17 20:45:44,,,,,,49.02,,,,,,,,,
2024-11-17 20:45:55,12.60,,,,,,,,,,,,,,
2024-11-17 20:46:47,,,,,,,,,,57.91,,,,,
2024-11-17 20:46:54,,,,,,,0.00,,,,,,,,
2024-11-17 20:47:41,,,,,,,,48.77,,,,,,,
2024-11-17 20:48:37,,,,,31.75,,,,,,,,,,
2024-11-17 20:48:44,,,,,,,,,,,,,23.11,,
2024-11-17 20:49:09,,,,,,,,,0.76,,,,,,
2024-11-17 20:49:33,,,,,,,,,,,11.18,,,,
2024-11-17 20:50:08,,,,,,,,,,,,,,0.00,
2024-11-17 20:50:19,,1.52,0.00,,,,,,,,,,,,0.00
2024-11-17 20:50:33,,,,26.16,,,,,,,,,,,
2024-11-17 20:50:44,,,,,,49.02,,,,,,,,,
2024-11-17 20:50:55,12.60,,,,,,,,,,,,,,
2024-11-17 20:51:48,,,,,,,,,,57.91,,,,,
2024-11-17 20:51:54,,,,,,,0.00,,,,,,,,
2024-11-17 20:52:41,,,,,,,,48.77,,,,,,,
2024-11-17 20:53:37,,,,,31.75,,,,,,,,,,
2024-11-17 20:53:44,,,,,,,,,,,,,23.11,,
2024-11-17 20:54:09,,,,,,,,,0.76,,,,,,
2024-11-17 20:54:33,,,,,,,,,,,11.18,,,,
2024-11-17 20:55:08,,,,,,,,,,,,,,0.00,
2024-11-17 20:55:19,,1.52,0.00,,,,,,,,,,,,0.00
2024-11-17 20:55:33,,,,26.16,,,,,,,,,,,
2024-11-17 20:55:44,,,,,,49.02,,,,,,,,,
2024-11-17 20:56:00,12.60,,,,,,,,,,,,,,
2024-11-17 20:56:48,,,,,,,,,,57.91,,,,,
2024-11-17 20:56:54,,,,,,,0.00,,,,,,,,
2024-11-17 20:57:41,,,,,,,,48.77,,,,,,,
2024-11-17 20:58:37,,,,,31.75,,,,,,,,,,
2024-11-17 20:58:44,,,,,,,,,,,,,23.11,,
2024-11-17 20:59:09,,,,,,,,,0.76,,,,,,
2024-11-17 20:59:33,,,,,,,,,,,11.18,,,,
2024-11-17 21:00:08,,,,,,,,,,,,,,0.00,
2024-11-17 21:00:19,,1.52,0.00,,,,,,,,,,,,0.00
2024-11-17 21:00:33,,,,26.16,,,,,,,,,,,
2024-11-17 21:00:44,,,,,,49.02,,,,,,,,,
2024-11-17 21:01:00,12.60,,,,,,,,,,,,,,
2024-11-17 21:01:48,,,,,,,,,,57.91,,,,,
2024-11-17 21:01:54,,,,,,,0.00,,,,,,,,
2024-11-17 21:02:41,,,,,,,,48.77,,,,,,,
2024-11-17 21:03:37,,,,,31.75,,,,,,,,,,
2024-11-17 21:03:44,,,,,,,,,,,,,23.11,,
2024-11-17 21:04:09,,,,,,,,,0.76,,,,,,
2024-11-17 21:04:33,,,,,,,,,,,11.18,,,,
2024-11-17 21:05:08,,,,,,,,,,,,,,0.00,
2024-11-17 21:05:19,,1.52,0.00,,,,,,,,,,,,0.00
2024-11-17 21:05:33,,,,26.16,,,,,,,,,,,
2024-11-17 21:05:44,,,,,,51.31,,,,,,,,,
2024-11-17 21:05:56,12.60,,,,,,,,,,,,,,
2024-11-17 21:06:48,,,,,,,,,,58.17,,,,,
2024-11-17 21:06:54,,,,,,,0.00,,,,,,,,
2024-11-17 21:07:41,,,,,,,,48.77,,,,,,,
2024-11-17 21:08:37,,,,,31.75,,,,,,,,,,
2024-11-17 21:08:44,,,,,,,,,,,,,23.11,,
2024-11-17 21:09:09,,,,,,,,,0.76,,,,,,
2024-11-17 21:09:33,,,,,,,,,,,11.18,,,,
2024-11-17 21:10:08,,,,,,,,,,,,,,0.00,
2024-11-17 21:10:19,,1.52,0.00,,,,,,,,,,,,0.00
2024-11-17 21:10:33,,,,26.16,,,,,,,,,,,
2024-11-17 21:10:44,,,,,,51.56,,,,,,,,,
2024-11-17 21:10:55,12.60,,,,,,,,,,,,,,
2024-11-17 21:11:48,,,,,,,,,,58.17,,,,,
2024-11-17 21:11:54,,,,,,,0.00,,,,,,,,
2024-11-17 21:12:41,,,,,,,,48.77,,,,,,,
2024-11-17 21:13:37,,,,,31.75,,,,,,,,,,
2024-11-17 21:13:44,,,,,,,,,,,,,23.11,,
2024-11-17 21:14:09,,,,,,,,,0.76,,,,,,
2024-11-17 21:14:33,,,,,,,,,,,11.18,,,,
2024-11-17 21:15:08,,,,,,,,,,,,,,0.00,
2024-11-17 21:15:19,,1.52,0.00,,,,,,,,,,,,0.00
2024-11-17 21:15:33,,,,26.16,,,,,,,,,,,
2024-11-17 21:15:44,,,,,,51.82,,,,,,,,,
2024-11-17 21:15:55,12.60,,,,,,,,,,,,,,
2024-11-17 21:16:48,,,,,,,,,,58.42,,,,,
2024-11-17 21:16:54,,,,,,,0.00,,,,,,,,
2024-11-17 21:17:41,,,,,,,,48.77,,,,,,,
2024-11-17 21:18:37,,,,,31.75,,,,,,,,,,
2024-11-17 21:18:44,,,,,,,,,,,,,23.11,,
2024-11-17 21:19:09,,,,,,,,,0.76,,,,,,
2024-11-17 21:19:33,,,,,,,,,,,11.18,,,,
2024-11-17 21:20:08,,,,,,,,,,,,,,0.00,
2024-11-17 21:20:19,,1.52,0.00,,,,,,,,,,,,
2024-11-17 21:20:20,,,,,,,,,,,,,,,0.00
2024-11-17 21:20:33,,,,26.16,,,,,,,,,,,
2024-11-17 21:20:44,,,,,,56.64,,,,,,,,,
2024-11-17 21:20:56,12.60,,,,,,,,,,,,,,
2024-11-17 21:21:48,,,,,,,,,,58.42,,,,,
2024-11-17 21:21:54,,,,,,,0.00,,,,,,,,
2024-11-17 21:22:41,,,,,,,,48.77,,,,,,,
2024-11-17 21:23:37,,,,,31.75,,,,,,,,,,
2024-11-17 21:23:44,,,,,,,,,,,,,23.11,,
2024-11-17 21:24:09,,,,,,,,,0.76,,,,,,
2024-11-17 21:24:33,,,,,,,,,,,11.18,,,,
2024-11-17 21:25:09,,,,,,,,,,,,,,0.00,
2024-11-17 21:25:19,,1.52,0.00,,,,,,,,,,,,
2024-11-17 21:25:20,,,,,,,,,,,,,,,0.00
2024-11-17 21:25:33,,,,26.16,,,,,,,,,,,
2024-11-17 21:25:44,,,,,,58.42,,,,,,,,,
2024-11-17 21:25:55,12.60,,,,,,,,,,,,,,
2024-11-17 21:26:48,,,,,,,,,,58.42,,,,,
2024-11-17 21:26:54,,,,,,,0.00,,,,,,,,
2024-11-17 21:27:41,,,,,,,,48.77,,,,,,,
2024-11-17 21:28:37,,,,,31.75,,,,,,,,,,
2024-11-17 21:28:44,,,,,,,,,,,,,23.11,,
2024-11-17 21:29:09,,,,,,,,,0.76,,,,,,
2024-11-17 21:29:33,,,,,,,,,,,11.18,,,,
2024-11-17 21:30:09,,,,,,,,,,,,,,0.00,
2024-11-17 21:30:19,,1.52,,,,,,,,,,,,,
2024-11-17 21:30:20,,,0.00,,,,,,,,,,,,0.00
2024-11-17 21:30:33,,,,26.16,,,,,,,,,,,
2024-11-17 21:30:44,,,,,,69.85,,,,,,,,,
2024-11-17 21:30:56,12.60,,,,,,,,,,,,,,
2024-11-17 21:31:48,,,,,,,,,,58.42,,,,,
2024-11-17 21:31:54,,,,,,,0.00,,,,,,,,
2024-11-17 21:32:41,,,,,,,,48.77,,,,,,,
2024-11-17 21:33:37,,,,,31.75,,,,,,,,,,
2024-11-17 21:33:44,,,,,,,,,,,,,23.11,,
2024-11-17 21:34:09,,,,,,,,,0.76,,,,,,
2024-11-17 21:34:33,,,,,,,,,,,11.18,,,,
2024-11-17 21:35:09,,,,,,,,,,,,,,0.00,
2024-11-17 21:35:20,,1.52,0.00,,,,,,,,,,,,0.00
2024-11-17 21:35:33,,,,26.16,,,,,,,,,,,
2024-11-17 21:35:44,,,,,,70.10,,,,,,,,,
2024-11-17 21:35:56,12.60,,,,,,,,,,,,,,
2024-11-17 21:36:48,,,,,,,,,,58.67,,,,,
2024-11-17 21:36:54,,,,,,,0.00,,,,,,,,
2024-11-17 21:37:41,,,,,,,,48.77,,,,,,,
2024-11-17 21:38:37,,,,,31.75,,,,,,,,,,
2024-11-17 21:38:40,,,,,,,,,,,,1.78,,,
2024-11-17 21:38:44,,,,,,,,,,,,,23.11,,
2024-11-17 21:39:09,,,,,,,,,0.76,,,,,,
2024-11-17 21:39:33,,,,,,,,,,,11.18,,,,
2024-11-17 21:40:09,,,,,,,,,,,,,,0.00,
2024-11-17 21:40:20,,1.52,0.00,,,,,,,,,,,,0.00
2024-11-17 21:40:33,,,,26.16,,,,,,,,,,,
2024-11-17 21:40:44,,,,,,70.10,,,,,,,,,
2024-11-17 21:40:56,12.60,,,,,,,,,,,,,,
2024-11-17 21:41:48,,,,,,,,,,58.67,,,,,
2024-11-17 21:41:54,,,,,,,0.00,,,,,,,,
2024-11-17 21:42:41,,,,,,,,48.77,,,,,,,
2024-11-17 21:43:37,,,,,31.75,,,,,,,,,,
2024-11-17 21:43:40,,,,,,,,,,,,1.78,,,
2024-11-17 21:43:44,,,,,,,,,,,,,23.11,,
2024-11-17 21:44:09,,,,,,,,,0.76,,,,,,
2024-11-17 21:44:33,,,,,,,,,,,11.18,,,,
2024-11-17 21:45:09,,,,,,,,,,,,,,0.00,
2024-11-17 21:45:20,,1.52,0.00,,,,,,,,,,,,0.00
2024-11-17 21:45:33,,,,26.16,,,,,,,,,,,
2024-11-17 21:45:44,,,,,,70.36,,,,,,,,,
2024-11-17 21:45:56,12.60,,,,,,,,,,,,,,
2024-11-17 21:46:48,,,,,,,,,,58.67,,,,,
2024-11-17 21:46:56,,,,,,,0.00,,,,,,,,
2024-11-17 21:47:41,,,,,,,,48.77,,,,,,,
2024-11-17 21:48:37,,,,,31.75,,,,,,,,,,
2024-11-17 21:48:40,,,,,,,,,,,,1.78,,,
2024-11-17 21:48:44,,,,,,,,,,,,,23.11,,
2024-11-17 21:49:09,,,,,,,,,0.76,,,,,,
2024-11-17 21:49:33,,,,,,,,,,,11.18,,,,
2024-11-17 21:50:09,,,,,,,,,,,,,,0.00,
2024-11-17 21:50:20,,1.52,0.00,,,,,,,,,,,,0.00
2024-11-17 21:50:33,,,,26.16,,,,,,,,,,,
2024-11-17 21:50:44,,,,,,71.88,,,,,,,,,
2024-11-17 21:50:56,12.60,,,,,,,,,,,,,,
2024-11-17 21:51:48,,,,,,,,,,58.67,,,,,
2024-11-17 21:51:56,,,,,,,0.00,,,,,,,,
2024-11-17 21:52:41,,,,,,,,48.77,,,,,,,
2024-11-17 21:53:37,,,,,31.75,,,,,,,,,,
2024-11-17 21:53:40,,,,,,,,,,,,1.78,,,
2024-11-17 21:53:44,,,,,,,,,,,,,23.11,,
2024-11-17 21:54:09,,,,,,,,,0.76,,,,,,
2024-11-17 21:54:33,,,,,,,,,,,11.18,,,,
2024-11-17 21:55:09,,,,,,,,,,,,,,0.00,
2024-11-17 21:55:20,,1.52,0.00,,,,,,,,,,,,0.00
2024-11-17 21:55:33,,,,26.16,,,,,,,,,,,
2024-11-17 21:55:44,,,,,,73.66,,,,,,,,,
2024-11-17 21:55:56,12.60,,,,,,,,,,,,,,
2024-11-17 21:56:48,,,,,,,,,,58.67,,,,,
2024-11-17 21:56:56,,,,,,,0.00,,,,,,,,
2024-11-17 21:57:41,,,,,,,,48.77,,,,,,,
2024-11-17 21:58:37,,,,,31.75,,,,,,,,,,
2024-11-17 21:58:40,,,,,,,,,,,,1.78,,,
2024-11-17 21:58:44,,,,,,,,,,,,,23.11,,
2024-11-17 21:59:09,,,,,,,,,0.76,,,,,,
2024-11-17 21:59:33,,,,,,,,,,,11.18,,,,
2024-11-17 22:00:09,,,,,,,,,,,,,,0.00,
2024-11-17 22:00:20,,1.52,0.00,,,,,,,,,,,,0.00
2024-11-17 22:00:33,,,,26.16,,,,,,,,,,,
2024-11-17 22:00:44,,,,,,76.20,,,,,,,,,
2024-11-17 22:00:56,12.60,,,,,,,,,,,,,,
2024-11-17 22:01:48,,,,,,,,,,58.93,,,,,
2024-11-17 22:01:56,,,,,,,0.00,,,,,,,,
2024-11-17 22:02:41,,,,,,,,48.77,,,,,,,
2024-11-17 22:03:37,,,,,31.75,,,,,,,,,,
2024-11-17 22:03:40,,,,,,,,,,,,1.78,,,
2024-11-17 22:03:44,,,,,,,,,,,,,23.11,,
2024-11-17 22:04:09,,,,,,,,,0.76,,,,,,
2024-11-17 22:04:33,,,,,,,,,,,11.18,,,,
2024-11-17 22:05:09,,,,,,,,,,,,,,0.00,
2024-11-17 22:05:20,,1.52,0.00,,,,,,,,,,,,0.00
2024-11-17 22:05:33,,,,26.16,,,,,,,,,,,
2024-11-17 22:05:44,,,,,,78.74,,,,,,,,,
2024-11-17 22:05:56,12.60,,,,,,,,,,,,,,
2024-11-17 22:06:48,,,,,,,,,,58.93,,,,,
2024-11-17 22:06:56,,,,,,,0.00,,,,,,,,
2024-11-17 22:07:41,,,,,,,,48.77,,,,,,,
2024-11-17 22:08:37,,,,,31.75,,,,,,,,,,
2024-11-17 22:08:40,,,,,,,,,,,,1.78,,,
2024-11-17 22:08:44,,,,,,,,,,,,,23.11,,
2024-11-17 22:09:09,,,,,,,,,0.76,,,,,,
2024-11-17 22:09:33,,,,,,,,,,,11.18,,,,
2024-11-17 22:10:09,,,,,,,,,,,,,,0.00,
2024-11-17 22:10:20,,1.52,0.00,,,,,,,,,,,,0.00
2024-11-17 22:10:33,,,,26.16,,,,,,,,,,,
2024-11-17 22:10:44,,,,,,78.74,,,,,,,,,
2024-11-17 22:10:56,12.60,,,,,,,,,,,,,,
2024-11-17 22:11:48,,,,,,,,,,59.18,,,,,
2024-11-17 22:11:56,,,,,,,0.00,,,,,,,,
2024-11-17 22:12:41,,,,,,,,48.77,,,,,,,
2024-11-17 22:13:37,,,,,31.75,,,,,,,,,,
2024-11-17 22:13:40,,,,,,,,,,,,1.78,,,
2024-11-17 22:13:45,,,,,,,,,,,,,23.11,,
2024-11-17 22:14:09,,,,,,,,,0.76,,,,,,
2024-11-17 22:14:33,,,,,,,,,,,11.18,,,,
2024-11-17 22:15:09,,,,,,,,,,,,,,0.00,
2024-11-17 22:15:20,,1.52,0.00,,,,,,,,,,,,0.00
2024-11-17 22:15:33,,,,26.16,,,,,,,,,,,
2024-11-17 22:15:44,,,,,,80.01,,,,,,,,,
2024-11-17 22:15:58,12.60,,,,,,,,,,,,,,
2024-11-17 22:16:48,,,,,,,,,,59.18,,,,,
2024-11-17 22:16:56,,,,,,,0.00,,,,,,,,
2024-11-17 22:17:41,,,,,,,,48.77,,,,,,,
2024-11-17 22:18:37,,,,,31.75,,,,,,,,,,
2024-11-17 22:18:40,,,,,,,,,,,,1.78,,,
2024-11-17 22:18:45,,,,,,,,,,,,,23.11,,
2024-11-17 22:19:09,,,,,,,,,0.76,,,,,,
2024-11-17 22:19:33,,,,,,,,,,,11.18,,,,
2024-11-17 22:20:09,,,,,,,,,,,,,,0.00,
2024-11-17 22:20:20,,1.52,0.00,,,,,,,,,,,,
2024-11-17 22:20:21,,,,,,,,,,,,,,,0.00
2024-11-17 22:20:33,,,,26.16,,,,,,,,,,,
2024-11-17 22:20:44,,,,,,81.28,,,,,,,,,
2024-11-17 22:20:56,12.60,,,,,,,,,,,,,,
2024-11-17 22:21:48,,,,,,,,,,59.44,,,,,
2024-11-17 22:21:57,,,,,,,0.00,,,,,,,,
2024-11-17 22:22:41,,,,,,,,48.77,,,,,,,
2024-11-17 22:23:37,,,,,31.75,,,,,,,,,,
2024-11-17 22:23:40,,,,,,,,,,,,1.78,,,
2024-11-17 22:23:45,,,,,,,,,,,,,23.11,,
2024-11-17 22:24:09,,,,,,,,,0.76,,,,,,
2024-11-17 22:24:33,,,,,,,,,,,11.18,,,,
2024-11-17 22:25:09,,,,,,,,,,,,,,0.00,
2024-11-17 22:25:20,,1.52,0.00,,,,,,,,,,,,
2024-11-17 22:25:21,,,,,,,,,,,,,,,0.00
2024-11-17 22:25:33,,,,26.16,,,,,,,,,,,
2024-11-17 22:25:44,,,,,,85.09,,,,,,,,,
2024-11-17 22:25:56,12.60,,,,,,,,,,,,,,
2024-11-17 22:26:48,,,,,,,,,,59.44,,,,,
2024-11-17 22:26:57,,,,,,,0.00,,,,,,,,
2024-11-17 22:27:41,,,,,,,,48.77,,,,,,,
2024-11-17 22:28:37,,,,,31.75,,,,,,,,,,
2024-11-17 22:28:40,,,,,,,,,,,,1.78,,,
2024-11-17 22:28:45,,,,,,,,,,,,,23.11,,
2024-11-17 22:29:09,,,,,,,,,0.76,,,,,,
2024-11-17 22:29:33,,,,,,,,,,,11.18,,,,
2024-11-17 22:30:10,,,,,,,,,,,,,,0.00,
2024-11-17 22:30:20,,1.52,0.00,,,,,,,,,,,,
2024-11-17 22:30:21,,,,,,,,,,,,,,,0.00
2024-11-17 22:30:33,,,,26.16,,,,,,,,,,,
2024-11-17 22:30:44,,,,,,85.09,,,,,,,,,
2024-11-17 22:30:56,12.60,,,,,,,,,,,,,,
2024-11-17 22:31:48,,,,,,,,,,59.44,,,,,
2024-11-17 22:31:57,,,,,,,0.00,,,,,,,,
2024-11-17 22:32:41,,,,,,,,48.77,,,,,,,
2024-11-17 22:33:37,,,,,31.75,,,,,,,,,,
2024-11-17 22:33:40,,,,,,,,,,,,1.78,,,
2024-11-17 22:33:45,,,,,,,,,,,,,23.11,,
2024-11-17 22:34:09,,,,,,,,,0.76,,,,,,
2024-11-17 22:34:33,,,,,,,,,,,11.18,,,,
2024-11-17 22:35:10,,,,,,,,,,,,,,0.00,
2024-11-17 22:35:20,,1.52,0.00,,,,,,,,,,,,
2024-11-17 22:35:21,,,,,,,,,,,,,,,0.00
2024-11-17 22:35:33,,,,26.16,,,,,,,,,,,
2024-11-17 22:35:44,,,,,,87.38,,,,,,,,,
2024-11-17 22:35:56,12.60,,,,,,,,,,,,,,
2024-11-17 22:36:48,,,,,,,,,,59.44,,,,,
2024-11-17 22:36:57,,,,,,,0.00,,,,,,,,
2024-11-17 22:37:41,,,,,,,,48.77,,,,,,,
2024-11-17 22:38:37,,,,,31.75,,,,,,,,,,
2024-11-17 22:38:40,,,,,,,,,,,,1.78,,,
2024-11-17 22:38:45,,,,,,,,,,,,,23.11,,
2024-11-17 22:39:09,,,,,,,,,0.76,,,,,,
2024-11-17 22:39:33,,,,,,,,,,,11.18,,,,
2024-11-17 22:40:10,,,,,,,,,,,,,,0.00,
2024-11-17 22:40:20,,,0.00,,,,,,,,,,,,
2024-11-17 22:40:21,,1.52,,,,,,,,,,,,,0.00
2024-11-17 22:40:33,,,,26.16,,,,,,,,,,,
2024-11-17 22:40:44,,,,,,89.41,,,,,,,,,
2024-11-17 22:40:57,12.60,,,,,,,,,,,,,,
2024-11-17 22:41:48,,,,,,,,,,59.44,,,,,
2024-11-17 22:41:57,,,,,,,0.00,,,,,,,,
2024-11-17 22:42:41,,,,,,,,48.77,,,,,,,
2024-11-17 22:43:37,,,,,31.75,,,,,,,,,,
2024-11-17 22:43:40,,,,,,,,,,,,1.78,,,
2024-11-17 22:43:45,,,,,,,,,,,,,23.11,,
2024-11-17 22:44:09,,,,,,,,,0.76,,,,,,
2024-11-17 22:44:33,,,,,,,,,,,11.18,,,,
2024-11-17 22:45:10,,,,,,,,,,,,,,0.00,
2024-11-17 22:45:20,,,0.00,,,,,,,,,,,,
2024-11-17 22:45:21,,1.52,,,,,,,,,,,,,0.00
2024-11-17 22:45:33,,,,26.16,,,,,,,,,,,
2024-11-17 22:45:44,,,,,,89.66,,,,,,,,,
2024-11-17 22:45:56,12.60,,,,,,,,,,,,,,
2024-11-17 22:46:48,,,,,,,,,,59.44,,,,,
2024-11-17 22:46:57,,,,,,,0.00,,,,,,,,
2024-11-17 22:47:41,,,,,,,,48.77,,,,,,,
2024-11-17 22:48:37,,,,,31.75,,,,,,,,,,
2024-11-17 22:48:40,,,,,,,,,,,,1.78,,,
2024-11-17 22:48:45,,,,,,,,,,,,,23.11,,
2024-11-17 22:49:09,,,,,,,,,0.76,,,,,,
2024-11-17 22:49:33,,,,,,,,,,,11.18,,,,
2024-11-17 22:50:10,,,,,,,,,,,,,,0.00,
2024-11-17 22:50:21,,1.52,0.00,,,,,,,,,,,,0.00
2024-11-17 22:50:33,,,,26.16,,,,,,,,,,,
2024-11-17 22:50:44,,,,,,91.69,,,,,,,,,
2024-11-17 22:50:56,12.60,,,,,,,,,,,,,,
2024-11-17 22:51:48,,,,,,,,,,59.94,,,,,
2024-11-17 22:51:57,,,,,,,0.00,,,,,,,,
2024-11-17 22:52:41,,,,,,,,48.77,,,,,,,
2024-11-17 22:53:37,,,,,31.75,,,,,,,,,,
2024-11-17 22:53:40,,,,,,,,,,,,1.78,,,
2024-11-17 22:53:45,,,,,,,,,,,,,23.11,,
2024-11-17 22:54:09,,,,,,,,,0.76,,,,,,
2024-11-17 22:54:33,,,,,,,,,,,11.18,,,,
2024-11-17 22:55:10,,,,,,,,,,,,,,0.00,
2024-11-17 22:55:21,,1.52,0.00,,,,,,,,,,,,0.00
2024-11-17 22:55:33,,,,26.16,,,,,,,,,,,
2024-11-17 22:55:44,,,,,,91.69,,,,,,,,,
2024-11-17 22:55:57,12.60,,,,,,,,,,,,,,
2024-11-17 22:56:48,,,,,,,,,,60.20,,,,,
2024-11-17 22:56:57,,,,,,,0.00,,,,,,,,
2024-11-17 22:57:41,,,,,,,,48.77,,,,,,,
2024-11-17 22:58:37,,,,,31.75,,,,,,,,,,
2024-11-17 22:58:40,,,,,,,,,,,,1.78,,,
2024-11-17 22:58:45,,,,,,,,,,,,,23.11,,
2024-11-17 22:59:09,,,,,,,,,0.76,,,,,,
2024-11-17 22:59:33,,,,,,,,,,,11.18,,,,
2024-11-17 23:00:10,,,,,,,,,,,,,,0.00,
2024-11-17 23:00:21,,1.52,0.00,,,,,,,,,,,,0.00
2024-11-17 23:00:33,,,,26.16,,,,,,,,,,,
2024-11-17 23:00:44,,,,,,91.69,,,,,,,,,
2024-11-17 23:00:57,12.60,,,,,,,,,,,,,,
2024-11-17 23:01:48,,,,,,,,,,60.20,,,,,
2024-11-17 23:01:57,,,,,,,0.00,,,,,,,,
2024-11-17 23:02:41,,,,,,,,48.77,,,,,,,
2024-11-17 23:03:37,,,,,31.75,,,,,,,,,,
2024-11-17 23:03:40,,,,,,,,,,,,1.78,,,
2024-11-17 23:03:45,,,,,,,,,,,,,23.11,,
2024-11-17 23:04:09,,,,,,,,,0.76,,,,,,
2024-11-17 23:04:33,,,,,,,,,,,11.18,,,,
2024-11-17 23:05:11,,,,,,,,,,,,,,0.00,
2024-11-17 23:05:21,,1.52,0.00,,,,,,,,,,,,0.00
2024-11-17 23:05:33,,,,26.42,,,,,,,,,,,
2024-11-17 23:05:44,,,,,,91.69,,,,,,,,,
2024-11-17 23:05:56,12.60,,,,,,,,,,,,,,
2024-11-17 23:06:48,,,,,,,,,,60.20,,,,,
2024-11-17 23:06:57,,,,,,,0.00,,,,,,,,
2024-11-17 23:07:42,,,,,,,,48.77,,,,,,,
2024-11-17 23:08:37,,,,,31.75,,,,,,,,,,
2024-11-17 23:08:40,,,,,,,,,,,,1.78,,,
2024-11-17 23:08:45,,,,,,,,,,,,,23.11,,
2024-11-17 23:09:09,,,,,,,,,0.76,,,,,,
2024-11-17 23:09:33,,,,,,,,,,,11.18,,,,
2024-11-17 23:10:10,,,,,,,,,,,,,,0.00,
2024-11-17 23:10:21,,1.52,0.00,,,,,,,,,,,,0.00
2024-11-17 23:10:33,,,,26.42,,,,,,,,,,,
2024-11-17 23:10:44,,,,,,91.69,,,,,,,,,
2024-11-17 23:10:57,12.60,,,,,,,,,,,,,,
2024-11-17 23:11:48,,,,,,,,,,60.20,,,,,
2024-11-17 23:11:57,,,,,,,0.00,,,,,,,,
2024-11-17 23:12:43,,,,,,,,48.77,,,,,,,
2024-11-17 23:13:37,,,,,31.75,,,,,,,,,,
2024-11-17 23:13:40,,,,,,,,,,,,1.78,,,
2024-11-17 23:13:45,,,,,,,,,,,,,23.11,,
2024-11-17 23:14:09,,,,,,,,,0.76,,,,,,
2024-11-17 23:14:33,,,,,,,,,,,11.18,,,,
2024-11-17 23:15:10,,,,,,,,,,,,,,0.00,
2024-11-17 23:15:21,,1.52,0.00,,,,,,,,,,,,0.00
2024-11-17 23:15:33,,,,26.42,,,,,,,,,,,
2024-11-17 23:15:44,,,,,,91.69,,,,,,,,,
2024-11-17 23:15:57,12.60,,,,,,,,,,,,,,
2024-11-17 23:16:48,,,,,,,,,,60.96,,,,,
2024-11-17 23:16:58,,,,,,,0.00,,,,,,,,
2024-11-17 23:17:43,,,,,,,,48.77,,,,,,,
2024-11-17 23:18:37,,,,,31.75,,,,,,,,,,
2024-11-17 23:18:40,,,,,,,,,,,,1.78,,,
2024-11-17 23:18:45,,,,,,,,,,,,,23.11,,
2024-11-17 23:19:09,,,,,,,,,0.76,,,,,,
2024-11-17 23:19:33,,,,,,,,,,,11.18,,,,
2024-11-17 23:20:10,,,,,,,,,,,,,,0.00,
2024-11-17 23:20:21,,1.52,0.00,,,,,,,,,,,,0.00
2024-11-17 23:20:33,,,,26.42,,,,,,,,,,,
2024-11-17 23:20:45,,,,,,91.69,,,,,,,,,
2024-11-17 23:20:57,12.60,,,,,,,,,,,,,,
2024-11-17 23:21:48,,,,,,,,,,60.96,,,,,
2024-11-17 23:21:58,,,,,,,0.00,,,,,,,,
2024-11-17 23:22:43,,,,,,,,48.77,,,,,,,
2024-11-17 23:23:37,,,,,31.75,,,,,,,,,,
2024-11-17 23:23:40,,,,,,,,,,,,1.78,,,
2024-11-17 23:23:45,,,,,,,,,,,,,23.11,,
2024-11-17 23:24:09,,,,,,,,,0.76,,,,,,
2024-11-17 23:24:33,,,,,,,,,,,11.18,,,,
2024-11-17 23:25:10,,,,,,,,,,,,,,0.00,
2024-11-17 23:25:21,,1.52,0.00,,,,,,,,,,,,0.00
2024-11-17 23:25:33,,,,26.42,,,,,,,,,,,
2024-11-17 23:25:45,,,,,,91.69,,,,,,,,,
2024-11-17 23:25:57,12.60,,,,,,,,,,,,,,
2024-11-17 23:26:48,,,,,,,,,,60.96,,,,,
2024-11-17 23:26:58,,,,,,,0.00,,,,,,,,
2024-11-17 23:27:43,,,,,,,,48.77,,,,,,,
2024-11-17 23:28:37,,,,,31.75,,,,,,,,,,
2024-11-17 23:28:40,,,,,,,,,,,,1.78,,,
2024-11-17 23:28:45,,,,,,,,,,,,,23.11,,
2024-11-17 23:29:09,,,,,,,,,0.76,,,,,,
2024-11-17 23:29:33,,,,,,,,,,,11.18,,,,
2024-11-17 23:30:10,,,,,,,,,,,,,,0.00,
2024-11-17 23:30:21,,1.52,0.00,,,,,,,,,,,,0.00
2024-11-17 23:30:33,,,,26.42,,,,,,,,,,,
2024-11-17 23:30:46,,,,,,91.69,,,,,,,,,
2024-11-17 23:30:57,12.60,,,,,,,,,,,,,,
2024-11-17 23:31:48,,,,,,,,,,60.96,,,,,
2024-11-17 23:31:58,,,,,,,0.00,,,,,,,,
2024-11-17 23:32:43,,,,,,,,48.77,,,,,,,
2024-11-17 23:33:38,,,,,31.75,,,,,,,,,,
2024-11-17 23:33:40,,,,,,,,,,,,1.78,,,
2024-11-17 23:33:45,,,,,,,,,,,,,23.11,,
2024-11-17 23:34:09,,,,,,,,,0.76,,,,,,
2024-11-17 23:34:33,,,,,,,,,,,11.18,,,,
2024-11-17 23:35:10,,,,,,,,,,,,,,0.00,
2024-11-17 23:35:21,,1.52,0.00,,,,,,,,,,,,0.00
2024-11-17 23:35:33,,,,26.42,,,,,,,,,,,
2024-11-17 23:35:46,,,,,,91.69,,,,,,,,,
2024-11-17 23:35:57,12.60,,,,,,,,,,,,,,
2024-11-17 23:36:48,,,,,,,,,,60.96,,,,,
2024-11-17 23:36:58,,,,,,,0.00,,,,,,,,
2024-11-17 23:37:43,,,,,,,,48.77,,,,,,,
2024-11-17 23:38:38,,,,,31.75,,,,,,,,,,
2024-11-17 23:38:40,,,,,,,,,,,,1.78,,,
2024-11-17 23:38:45,,,,,,,,,,,,,23.11,,
