ID Estación;Estación;Fecha;Precipitación - Valor Crudo;Precipitación - Valor automático;Precipitación - Valor manual;Precipitación - Estado;Precipitación - Observaciones;En mantenimiento;Fecha de generación del archivo CSV
MVD:WeatherObserved:00006;Estación Meteorológica - Centro;2025-01-31 00:00:13;0;0;;Validado Manual;;;2025-03-04 11:23:35
MVD:WeatherObserved:00006;Estación Meteorológica - Centro;2025-01-31 00:05:13;0;0;;Validado Manual;;;
MVD:WeatherObserved:00006;Estación Meteorológica - Centro;2025-01-31 00:10:13;0;0;;Validado Manual;;;
MVD:WeatherObserved:00006;Estación Meteorológica - Centro;2025-01-31 00:15:14;0;0;;Validado Manual;;;
MVD:WeatherObserved:00006;Estación Meteorológica - Centro;2025-01-31 00:20:14;0;0;;Validado Manual;;;
MVD:WeatherObserved:00006;Estación Meteorológica - Centro;2025-01-31 00:25:14;0;0;;Validado Manual;;;
MVD:WeatherObserved:00006;Estación Meteorológica - Centro;2025-01-31 00:30:17;0;0;;Validado Manual;;;
MVD:WeatherObserved:00006;Estación Meteorológica - Centro;2025-01-31 00:35:14;0;0;;Validado Manual;;;
MVD:WeatherObserved:00006;Estación Meteorológica - Centro;2025-01-31 00:40:14;0;0;;Validado Manual;;;
MVD:WeatherObserved:00006;Estación Meteorológica - Centro;2025-01-31 00:45:14;0;0;;Validado Manual;;;
MVD:WeatherObserved:00006;Estación Meteorológica - Centro;2025-01-31 00:50:14;0;0;;Validado Manual;;;
MVD:WeatherObserved:00006;Estación Meteorológica - Centro;2025-01-31 00:55:14;0;0;;Validado Manual;;;
MVD:WeatherObserved:00006;Estación Meteorológica - Centro;2025-01-31 01:00:14;0;0;;Validado Manual;;;
MVD:WeatherObserved:00006;Estación Meteorológica - Centro;2025-01-31 01:05:14;0;0;;Validado Manual;;;
MVD:WeatherObserved:00006;Estación Meteorológica - Centro;2025-01-31 01:10:14;0;0;;Validado Manual;;;
MVD:WeatherObserved:00006;Estación Meteorológica - Centro;2025-01-31 01:15:14;0;0;;Validado Manual;;;
MVD:WeatherObserved:00006;Estación Meteorológica - Centro;2025-01-31 01:20:14;0;0;;Validado Manual;;;
MVD:WeatherObserved:00006;Estación Meteorológica - Centro;2025-01-31 01:25:15;0;0;;Validado Manual;;;
MVD:WeatherObserved:00006;Estación Meteorológica - Centro;2025-01-31 01:30:15;0;0;;Validado Manual;;;
MVD:WeatherObserved:00006;Estación Meteorológica - Centro;2025-01-31 01:35:15;0;0;;Validado Manual;;;
MVD:WeatherObserved:00006;Estación Meteorológica - Centro;2025-01-31 01:40:15;0;0;;Validado Manual;;;
MVD:WeatherObserved:00006;Estación Meteorológica - Centro;2025-01-31 01:45:15;0;0;;Validado Manual;;;
MVD:WeatherObserved:00006;Estación Meteorológica - Centro;2025-01-31 01:50:15;0;0;;Validado Manual;;;
MVD:WeatherObserved:00006;Estación Meteorológica - Centro;2025-01-31 01:55:15;0;0;;Validado Manual;;;
MVD:WeatherObserved:00006;Estación Meteorológica - Centro;2025-01-31 02:00:15;0;0;;Validado Manual;;;
MVD:WeatherObserved:00006;Estación Meteorológica - Centro;2025-01-31 02:05:15;0;0;;Validado Manual;;;
MVD:WeatherObserved:00006;Estación Meteorológica - Centro;2025-01-31 02:10:15;0;0;;Validado Manual;;;
MVD:WeatherObserved:00006;Estación Meteorológica - Centro;2025-01-31 02:15:15;0;0;;Validado Manual;;;
MVD:WeatherObserved:00006;Estación Meteorológica - Centro;2025-01-31 02:20:15;0;0;;Validado Manual;;;
MVD:WeatherObserved:00006;Estación Meteorológica - Centro;2025-01-31 02:25:15;0;0;;Validado Manual;;;
MVD:WeatherObserved:00006;Estación Meteorológica - Centro;2025-01-31 02:30:15;0;0;;Validado Manual;;;
MVD:WeatherObserved:00006;Estación Meteorológica - Centro;2025-01-31 02:35:16;0;0;;Validado Manual;;;
MVD:WeatherObserved:00006;Estación Meteorológica - Centro;2025-01-31 02:40:16;0;0;;Validado Manual;;;
MVD:WeatherObserved:00006;Estación Meteorológica - Centro;2025-01-31 02:45:16;0;0;;Validado Manual;;;
MVD:WeatherObserved:00006;Estación Meteorológica - Centro;2025-01-31 02:50:16;0;0;;Validado Manual;;;
MVD:WeatherObserved:00006;Estación Meteorológica - Centro;2025-01-31 02:55:16;0;0;;Validado Manual;;;
MVD:WeatherObserved:00006;Estación Meteorológica - Centro;2025-01-31 03:00:16;0;0;;Validado Manual;;;
MVD:WeatherObserved:00006;Estación Meteorológica - Centro;2025-01-31 03:05:16;0;0;;Validado Manual;;;
MVD:WeatherObserved:00006;Estación Meteorológica - Centro;2025-01-31 03:10:16;0;0;;Validado Manual;;;
MVD:WeatherObserved:00006;Estación Meteorológica - Centro;2025-01-31 03:15:16;0;0;;Validado Manual;;;
MVD:WeatherObserved:00006;Estación Meteorológica - Centro;2025-01-31 03:20:16;0;0;;Validado Manual;;;
MVD:WeatherObserved:00006;Estación Meteorológica - Centro;2025-01-31 03:25:16;0;0;;Validado Manual;;;
MVD:WeatherObserved:00006;Estación Meteorológica - Centro;2025-01-31 03:30:16;0;0;;Validado Manual;;;
MVD:WeatherObserved:00006;Estación Meteorológica - Centro;2025-01-31 03:35:16;0;0;;Validado Manual;;;
MVD:WeatherObserved:00006;Estación Meteorológica - Centro;2025-01-31 03:40:16;0;0;;Validado Manual;;;
MVD:WeatherObserved:00006;Estación Meteorológica - Centro;2025-01-31 03:45:17;0;0;;Validado Manual;;;
MVD:WeatherObserved:00006;Estación Meteorológica - Centro;2025-01-31 03:50:17;0;0;;Validado Manual;;;
MVD:WeatherObserved:00006;Estación Meteorológica - Centro;2025-01-31 03:55:17;0;0;;Validado Manual;;;
MVD:WeatherObserved:00006;Estación Meteorológica - Centro;2025-01-31 04:00:17;0;0;;Validado Manual;;;
MVD:WeatherObserved:00006;Estación Meteorológica - Centro;2025-01-31 04:05:17;0;0;;Validado Manual;;;
MVD:WeatherObserved:00006;Estación Meteorológica - Centro;2025-01-31 04:10:17;0;0;;Validado Manual;;;
MVD:WeatherObserved:00006;Estación Meteorológica - Centro;2025-01-31 04:15:17;0;0;;Validado Manual;;;
MVD:WeatherObserved:00006;Estación Meteorológica - Centro;2025-01-31 04:20:17;0;0;;Validado Manual;;;
MVD:WeatherObserved:00006;Estación Meteorológica - Centro;2025-01-31 04:25:17;0;0;;Validado Manual;;;
MVD:WeatherObserved:00006;Estación Meteorológica - Centro;2025-01-31 04:30:17;0;0;;Validado Manual;;;
MVD:WeatherObserved:00006;Estación Meteorológica - Centro;2025-01-31 04:35:17;0;0;;Validado Manual;;;
MVD:WeatherObserved:00006;Estación Meteorológica - Centro;2025-01-31 04:40:17;0;0;;Validado Manual;;;
MVD:WeatherObserved:00006;Estación Meteorológica - Centro;2025-01-31 04:45:17;0;0;;Validado Manual;;;
MVD:WeatherObserved:00006;Estación Meteorológica - Centro;2025-01-31 04:50:17;0;0;;Validado Manual;;;
MVD:WeatherObserved:00006;Estación Meteorológica - Centro;2025-01-31 04:55:18;0;0;;Validado Manual;;;
MVD:WeatherObserved:00006;Estación Meteorológica - Centro;2025-01-31 05:00:18;0;0;;Validado Manual;;;
MVD:WeatherObserved:00006;Estación Meteorológica - Centro;2025-01-31 05:05:18;0;0;;Validado Manual;;;
MVD:WeatherObserved:00006;Estación Meteorológica - Centro;2025-01-31 05:10:18;0;0;;Validado Manual;;;
MVD:WeatherObserved:00006;Estación Meteorológica - Centro;2025-01-31 05:15:18;0;0;;Validado Manual;;;
MVD:WeatherObserved:00006;Estación Meteorológica - Centro;2025-01-31 05:20:18;0;0;;Validado Manual;;;
MVD:WeatherObserved:00006;Estación Meteorológica - Centro;2025-01-31 05:25:18;0;0;;Validado Manual;;;
MVD:WeatherObserved:00006;Estación Meteorológica - Centro;2025-01-31 05:30:18;0;0;;Validado Manual;;;
MVD:WeatherObserved:00006;Estación Meteorológica - Centro;2025-01-31 05:35:18;0;0;;Validado Manual;;;
MVD:WeatherObserved:00006;Estación Meteorológica - Centro;2025-01-31 05:40:18;0;0;;Validado Manual;;;
MVD:WeatherObserved:00006;Estación Meteorológica - Centro;2025-01-31 05:45:18;0;0;;Validado Manual;;;
MVD:WeatherObserved:00006;Estación Meteorológica - Centro;2025-01-31 05:50:18;0;0;;Validado Manual;;;
MVD:WeatherObserved:00006;Estación Meteorológica - Centro;2025-01-31 05:55:18;0;0;;Validado Manual;;;
MVD:WeatherObserved:00006;Estación Meteorológica - Centro;2025-01-31 06:00:18;0;0;;Validado Manual;;;
MVD:WeatherObserved:00006;Estación Meteorológica - Centro;2025-01-31 06:05:19;0;0;;Validado Manual;;;
MVD:WeatherObserved:00006;Estación Meteorológica - Centro;2025-01-31 06:10:19;0;0;;Validado Manual;;;
MVD:WeatherObserved:00006;Estación Meteorológica - Centro;2025-01-31 06:15:19;0;0;;Validado Manual;;;
MVD:WeatherObserved:00006;Estación Meteorológica - Centro;2025-01-31 06:20:19;0;0;;Validado Manual;;;
MVD:WeatherObserved:00006;Estación Meteorológica - Centro;2025-01-31 06:25:19;0;0;;Validado Manual;;;
MVD:WeatherObserved:00006;Estación Meteorológica - Centro;2025-01-31 06:30:19;0;0;;Validado Manual;;;
MVD:WeatherObserved:00006;Estación Meteorológica - Centro;2025-01-31 06:35:19;0;0;;Validado Manual;;;
MVD:WeatherObserved:00006;Estación Meteorológica - Centro;2025-01-31 06:40:19;0;0;;Validado Manual;;;
MVD:WeatherObserved:00006;Estación Meteorológica - Centro;2025-01-31 06:45:19;0;0;;Validado Manual;;;
MVD:WeatherObserved:00006;Estación Meteorológica - Centro;2025-01-31 06:50:19;0;0;;Validado Manual;;;
MVD:WeatherObserved:00006;Estación Meteorológica - Centro;2025-01-31 06:55:19;0;0;;Validado Manual;;;
MVD:WeatherObserved:00006;Estación Meteorológica - Centro;2025-01-31 07:00:19;0;0;;Validado Manual;;;
MVD:WeatherObserved:00006;Estación Meteorológica - Centro;2025-01-31 07:05:19;0;0;;Validado Manual;;;
MVD:WeatherObserved:00006;Estación Meteorológica - Centro;2025-01-31 07:10:20;0;0;;Validado Manual;;;
MVD:WeatherObserved:00006;Estación Meteorológica - Centro;2025-01-31 07:15:20;0;0;;Validado Manual;;;
MVD:WeatherObserved:00006;Estación Meteorológica - Centro;2025-01-31 07:20:20;0;0;;Validado Manual;;;
MVD:WeatherObserved:00006;Estación Meteorológica - Centro;2025-01-31 07:25:20;0;0;;Validado Manual;;;
MVD:WeatherObserved:00006;Estación Meteorológica - Centro;2025-01-31 07:30:20;0;0;;Validado Manual;;;
MVD:WeatherObserved:00006;Estación Meteorológica - Centro;2025-01-31 07:35:20;0;0;;Validado Manual;;;
MVD:WeatherObserved:00006;Estación Meteorológica - Centro;2025-01-31 07:40:20;0;0;;Validado Manual;;;
MVD:WeatherObserved:00006;Estación Meteorológica - Centro;2025-01-31 07:45:20;0;0;;Validado Manual;;;
MVD:WeatherObserved:00006;Estación Meteorológica - Centro;2025-01-31 07:50:20;0;0;;Validado Manual;;;
MVD:WeatherObserved:00006;Estación Meteorológica - Centro;2025-01-31 07:55:20;0;0;;Validado Manual;;;
MVD:WeatherObserved:00006;Estación Meteorológica - Centro;2025-01-31 08:00:20;0;0;;Validado Manual;;;
MVD:WeatherObserved:00006;Estación Meteorológica - Centro;2025-01-31 08:05:20;0;0;;Validado Manual;;;
MVD:WeatherObserved:00006;Estación Meteorológica - Centro;2025-01-31 08:10:20;0;0;;Validado Manual;;;
MVD:WeatherObserved:00006;Estación Meteorológica - Centro;2025-01-31 08:15:20;0;0;;Validado Manual;;;
MVD:WeatherObserved:00006;Estación Meteorológica - Centro;2025-01-31 08:20:20;0;0;;Validado Manual;;;
MVD:WeatherObserved:00006;Estación Meteorológica - Centro;2025-01-31 08:25:20;0;0;;Validado Manual;;;
MVD:WeatherObserved:00006;Estación Meteorológica - Centro;2025-01-31 08:30:20;0;0;;Validado Manual;;;
MVD:WeatherObserved:00006;Estación Meteorológica - Centro;2025-01-31 08:35:20;0;0;;Validado Manual;;;
MVD:WeatherObserved:00006;Estación Meteorológica - Centro;2025-01-31 08:40:21;0;0;;Validado Manual;;;
MVD:WeatherObserved:00006;Estación Meteorológica - Centro;2025-01-31 08:45:21;0;0;;Validado Manual;;;
MVD:WeatherObserved:00006;Estación Meteorológica - Centro;2025-01-31 08:50:21;0;0;;Validado Manual;;;
MVD:WeatherObserved:00006;Estación Meteorológica - Centro;2025-01-31 08:55:21;0;0;;Validado Manual;;;
MVD:WeatherObserved:00006;Estación Meteorológica - Centro;2025-01-31 09:00:21;0;0;;Validado Manual;;;
MVD:WeatherObserved:00006;Estación Meteorológica - Centro;2025-01-31 09:05:21;0;0;;Validado Manual;;;
MVD:WeatherObserved:00006;Estación Meteorológica - Centro;2025-01-31 09:10:21;0;0;;Validado Manual;;;
MVD:WeatherObserved:00006;Estación Meteorológica - Centro;2025-01-31 09:15:21;0;0;;Validado Manual;;;
MVD:WeatherObserved:00006;Estación Meteorológica - Centro;2025-01-31 09:20:21;0;0;;Validado Manual;;;
MVD:WeatherObserved:00006;Estación Meteorológica - Centro;2025-01-31 09:25:21;0;0;;Validado Manual;;;
MVD:WeatherObserved:00006;Estación Meteorológica - Centro;2025-01-31 09:30:21;0;0;;Validado Manual;;;
MVD:WeatherObserved:00006;Estación Meteorológica - Centro;2025-01-31 09:35:21;0;0;;Validado Manual;;;
MVD:WeatherObserved:00006;Estación Meteorológica - Centro;2025-01-31 09:40:21;0;0;;Validado Manual;;;
MVD:WeatherObserved:00006;Estación Meteorológica - Centro;2025-01-31 09:45:21;0;0;;Validado Manual;;;
MVD:WeatherObserved:00006;Estación Meteorológica - Centro;2025-01-31 09:50:21;0;0;;Validado Manual;;;
MVD:WeatherObserved:00006;Estación Meteorológica - Centro;2025-01-31 09:55:21;0;0;;Validado Manual;;;
MVD:WeatherObserved:00006;Estación Meteorológica - Centro;2025-01-31 10:00:21;0;0;;Validado Manual;;;
MVD:WeatherObserved:00006;Estación Meteorológica - Centro;2025-01-31 10:05:22;0;0;;Validado Manual;;;
MVD:WeatherObserved:00006;Estación Meteorológica - Centro;2025-01-31 10:10:22;0;0;;Validado Manual;;;
MVD:WeatherObserved:00006;Estación Meteorológica - Centro;2025-01-31 10:15:22;0;0;;Validado Manual;;;
MVD:WeatherObserved:00006;Estación Meteorológica - Centro;2025-01-31 10:20:22;0;0;;Validado Manual;;;
MVD:WeatherObserved:00006;Estación Meteorológica - Centro;2025-01-31 10:25:22;0;0;;Validado Manual;;;
MVD:WeatherObserved:00006;Estación Meteorológica - Centro;2025-01-31 10:30:22;0;0;;Validado Manual;;;
MVD:WeatherObserved:00006;Estación Meteorológica - Centro;2025-01-31 10:35:22;0;0;;Validado Manual;;;
MVD:WeatherObserved:00006;Estación Meteorológica - Centro;2025-01-31 10:40:22;0;0;;Validado Manual;;;
MVD:WeatherObserved:00006;Estación Meteorológica - Centro;2025-01-31 10:45:22;0;0;;Validado Manual;;;
MVD:WeatherObserved:00006;Estación Meteorológica - Centro;2025-01-31 10:50:22;0;0;;Validado Manual;;;
MVD:WeatherObserved:00006;Estación Meteorológica - Centro;2025-01-31 10:55:22;0;0;;Validado Manual;;;
MVD:WeatherObserved:00006;Estación Meteorológica - Centro;2025-01-31 11:00:22;0;0;;Validado Manual;;;
MVD:WeatherObserved:00006;Estación Meteorológica - Centro;2025-01-31 11:05:22;0;0;;Validado Manual;;;
MVD:WeatherObserved:00006;Estación Meteorológica - Centro;2025-01-31 11:10:22;0;0;;Validado Manual;;;
MVD:WeatherObserved:00006;Estación Meteorológica - Centro;2025-01-31 11:15:22;0;0;;Validado Manual;;;
MVD:WeatherObserved:00006;Estación Meteorológica - Centro;2025-01-31 11:20:22;0;0;;Validado Manual;;;
MVD:WeatherObserved:00006;Estación Meteorológica - Centro;2025-01-31 11:25:23;0;0;;Validado Manual;;;
MVD:WeatherObserved:00006;Estación Meteorológica - Centro;2025-01-31 11:30:23;0;0;;Validado Manual;;;
MVD:WeatherObserved:00006;Estación Meteorológica - Centro;2025-01-31 11:35:23;0;0;;Validado Manual;;;
MVD:WeatherObserved:00006;Estación Meteorológica - Centro;2025-01-31 11:40:23;0;0;;Validado Manual;;;
MVD:WeatherObserved:00006;Estación Meteorológica - Centro;2025-01-31 11:45:23;0;0;;Validado Manual;;;
MVD:WeatherObserved:00006;Estación Meteorológica - Centro;2025-01-31 11:50:23;0;0;;Validado Manual;;;
MVD:WeatherObserved:00006;Estación Meteorológica - Centro;2025-01-31 11:55:23;0;0;;Validado Manual;;;
MVD:WeatherObserved:00006;Estación Meteorológica - Centro;2025-01-31 12:00:23;0;0;;Validado Manual;;;
MVD:WeatherObserved:00006;Estación Meteorológica - Centro;2025-01-31 12:05:23;0;0;;Validado Manual;;;
MVD:WeatherObserved:00006;Estación Meteorológica - Centro;2025-01-31 12:10:23;0;0;;Validado Manual;;;
MVD:WeatherObserved:00006;Estación Meteorológica - Centro;2025-01-31 12:15:23;0;0;;Validado Manual;;;
MVD:WeatherObserved:00006;Estación Meteorológica - Centro;2025-01-31 12:20:23;0;0;;Validado Manual;;;
MVD:WeatherObserved:00006;Estación Meteorológica - Centro;2025-01-31 12:25:23;0;0;;Validado Manual;;;
MVD:WeatherObserved:00006;Estación Meteorológica - Centro;2025-01-31 12:30:23;0;0;;Validado Manual;;;
MVD:WeatherObserved:00006;Estación Meteorológica - Centro;2025-01-31 12:35:23;0;0;;Validado Manual;;;
MVD:WeatherObserved:00006;Estación Meteorológica - Centro;2025-01-31 12:40:23;0;0;;Validado Manual;;;
MVD:WeatherObserved:00006;Estación Meteorológica - Centro;2025-01-31 12:45:24;0;0;;Validado Manual;;;
MVD:WeatherObserved:00006;Estación Meteorológica - Centro;2025-01-31 12:50:24;0;0;;Validado Manual;;;
MVD:WeatherObserved:00006;Estación Meteorológica - Centro;2025-01-31 12:55:24;0;0;;Validado Manual;;;
MVD:WeatherObserved:00006;Estación Meteorológica - Centro;2025-01-31 13:00:24;0;0;;Validado Manual;;;
MVD:WeatherObserved:00006;Estación Meteorológica - Centro;2025-01-31 13:05:24;0;0;;Validado Manual;;;
MVD:WeatherObserved:00006;Estación Meteorológica - Centro;2025-01-31 13:10:24;0;0;;Validado Manual;;;
MVD:WeatherObserved:00006;Estación Meteorológica - Centro;2025-01-31 13:15:24;0;0;;Validado Manual;;;
MVD:WeatherObserved:00006;Estación Meteorológica - Centro;2025-01-31 13:20:24;0;0;;Validado Manual;;;
MVD:WeatherObserved:00006;Estación Meteorológica - Centro;2025-01-31 13:25:24;0;0;;Validado Manual;;;
MVD:WeatherObserved:00006;Estación Meteorológica - Centro;2025-01-31 13:30:24;0;0;;Validado Manual;;;
MVD:WeatherObserved:00006;Estación Meteorológica - Centro;2025-01-31 13:35:24;0;0;;Validado Manual;;;
MVD:WeatherObserved:00006;Estación Meteorológica - Centro;2025-01-31 13:40:24;0;0;;Validado Manual;;;
MVD:WeatherObserved:00006;Estación Meteorológica - Centro;2025-01-31 13:45:24;0;0;;Validado Manual;;;
MVD:WeatherObserved:00006;Estación Meteorológica - Centro;2025-01-31 13:50:24;0;0;;Validado Manual;;;
MVD:WeatherObserved:00006;Estación Meteorológica - Centro;2025-01-31 13:55:24;0;0;;Validado Manual;;;
MVD:WeatherObserved:00006;Estación Meteorológica - Centro;2025-01-31 14:00:25;0;0;;Validado Manual;;;
MVD:WeatherObserved:00006;Estación Meteorológica - Centro;2025-01-31 14:05:25;0;0;;Validado Manual;;;
MVD:WeatherObserved:00006;Estación Meteorológica - Centro;2025-01-31 14:10:25;0;0;;Validado Manual;;;
MVD:WeatherObserved:00006;Estación Meteorológica - Centro;2025-01-31 14:15:25;0;0;;Validado Manual;;;
MVD:WeatherObserved:00006;Estación Meteorológica - Centro;2025-01-31 14:20:25;0;0;;Validado Manual;;;
MVD:WeatherObserved:00006;Estación Meteorológica - Centro;2025-01-31 14:25:25;0;0;;Validado Manual;;;
MVD:WeatherObserved:00006;Estación Meteorológica - Centro;2025-01-31 14:30:25;0;0;;Validado Manual;;;
MVD:WeatherObserved:00006;Estación Meteorológica - Centro;2025-01-31 14:35:25;0;0;;Validado Manual;;;
MVD:WeatherObserved:00006;Estación Meteorológica - Centro;2025-01-31 14:40:25;0;0;;Validado Manual;;;
MVD:WeatherObserved:00006;Estación Meteorológica - Centro;2025-01-31 14:45:25;0;0;;Validado Manual;;;
MVD:WeatherObserved:00006;Estación Meteorológica - Centro;2025-01-31 14:50:25;0;0;;Validado Manual;;;
MVD:WeatherObserved:00006;Estación Meteorológica - Centro;2025-01-31 14:55:25;0;0;;Validado Manual;;;
MVD:WeatherObserved:00006;Estación Meteorológica - Centro;2025-01-31 15:00:25;0;0;;Validado Manual;;;
MVD:WeatherObserved:00006;Estación Meteorológica - Centro;2025-01-31 15:05:25;0;0;;Validado Manual;;;
MVD:WeatherObserved:00006;Estación Meteorológica - Centro;2025-01-31 15:10:25;0;0;;Validado Manual;;;
MVD:WeatherObserved:00006;Estación Meteorológica - Centro;2025-01-31 15:15:25;0;0;;Validado Manual;;;
MVD:WeatherObserved:00006;Estación Meteorológica - Centro;2025-01-31 15:20:25;0;0;;Validado Manual;;;
MVD:WeatherObserved:00006;Estación Meteorológica - Centro;2025-01-31 15:25:26;0;0;;Validado Manual;;;
MVD:WeatherObserved:00006;Estación Meteorológica - Centro;2025-01-31 15:30:26;0;0;;Validado Manual;;;
MVD:WeatherObserved:00006;Estación Meteorológica - Centro;2025-01-31 15:35:26;0;0;;Validado Manual;;;
MVD:WeatherObserved:00006;Estación Meteorológica - Centro;2025-01-31 15:40:26;0;0;;Validado Manual;;;
MVD:WeatherObserved:00006;Estación Meteorológica - Centro;2025-01-31 15:45:26;0;0;;Validado Manual;;;
MVD:WeatherObserved:00006;Estación Meteorológica - Centro;2025-01-31 15:50:26;0;0;;Validado Manual;;;
MVD:WeatherObserved:00006;Estación Meteorológica - Centro;2025-01-31 15:55:26;0;0;;Validado Manual;;;
MVD:WeatherObserved:00006;Estación Meteorológica - Centro;2025-01-31 16:00:26;0;0;;Validado Manual;;;
MVD:WeatherObserved:00006;Estación Meteorológica - Centro;2025-01-31 16:05:26;0;0;;Validado Manual;;;
MVD:WeatherObserved:00006;Estación Meteorológica - Centro;2025-01-31 16:10:26;0;0;;Validado Manual;;;
MVD:WeatherObserved:00006;Estación Meteorológica - Centro;2025-01-31 16:15:26;0;0;;Validado Manual;;;
MVD:WeatherObserved:00006;Estación Meteorológica - Centro;2025-01-31 16:20:26;0;0;;Validado Manual;;;
MVD:WeatherObserved:00006;Estación Meteorológica - Centro;2025-01-31 16:25:26;0;0;;Validado Manual;;;
MVD:WeatherObserved:00006;Estación Meteorológica - Centro;2025-01-31 16:30:27;0;0;;Validado Manual;;;
MVD:WeatherObserved:00006;Estación Meteorológica - Centro;2025-01-31 16:35:27;0;0;;Validado Manual;;;
MVD:WeatherObserved:00006;Estación Meteorológica - Centro;2025-01-31 16:40:27;0;0;;Validado Manual;;;
MVD:WeatherObserved:00006;Estación Meteorológica - Centro;2025-01-31 16:45:27;0;0;;Validado Manual;;;
MVD:WeatherObserved:00006;Estación Meteorológica - Centro;2025-01-31 16:50:27;0;0;;Validado Manual;;;
MVD:WeatherObserved:00006;Estación Meteorológica - Centro;2025-01-31 16:55:27;0;0;;Validado Manual;;;
MVD:WeatherObserved:00006;Estación Meteorológica - Centro;2025-01-31 17:00:27;0;0;;Validado Manual;;;
MVD:WeatherObserved:00006;Estación Meteorológica - Centro;2025-01-31 17:05:27;0;0;;Validado Manual;;;
MVD:WeatherObserved:00006;Estación Meteorológica - Centro;2025-01-31 17:10:27;0;0;;Validado Manual;;;
MVD:WeatherObserved:00006;Estación Meteorológica - Centro;2025-01-31 17:15:27;0;0;;Validado Manual;;;
MVD:WeatherObserved:00006;Estación Meteorológica - Centro;2025-01-31 17:20:27;0;0;;Validado Manual;;;
MVD:WeatherObserved:00006;Estación Meteorológica - Centro;2025-01-31 17:25:27;0;0;;Validado Manual;;;
MVD:WeatherObserved:00006;Estación Meteorológica - Centro;2025-01-31 17:30:27;0;0;;Validado Manual;;;
MVD:WeatherObserved:00006;Estación Meteorológica - Centro;2025-01-31 17:35:27;0;0;;Validado Manual;;;
MVD:WeatherObserved:00006;Estación Meteorológica - Centro;2025-01-31 17:40:27;0;0;;Validado Manual;;;
MVD:WeatherObserved:00006;Estación Meteorológica - Centro;2025-01-31 17:45:27;0;0;;Validado Manual;;;
MVD:WeatherObserved:00006;Estación Meteorológica - Centro;2025-01-31 17:50:28;0;0;;Validado Manual;;;
MVD:WeatherObserved:00006;Estación Meteorológica - Centro;2025-01-31 17:55:28;0;0;;Validado Manual;;;
MVD:WeatherObserved:00006;Estación Meteorológica - Centro;2025-01-31 18:00:28;0;0;;Validado Manual;;;
MVD:WeatherObserved:00006;Estación Meteorológica - Centro;2025-01-31 18:05:28;0;0;;Validado Manual;;;
MVD:WeatherObserved:00006;Estación Meteorológica - Centro;2025-01-31 18:10:28;0;0;;Validado Manual;;;
MVD:WeatherObserved:00006;Estación Meteorológica - Centro;2025-01-31 18:15:29;0;0;;Validado Manual;;;
MVD:WeatherObserved:00006;Estación Meteorológica - Centro;2025-01-31 18:20:28;0;0;;Validado Manual;;;
MVD:WeatherObserved:00006;Estación Meteorológica - Centro;2025-01-31 18:25:28;0;0;;Validado Manual;;;
MVD:WeatherObserved:00006;Estación Meteorológica - Centro;2025-01-31 18:30:28;0;0;;Validado Manual;;;
MVD:WeatherObserved:00006;Estación Meteorológica - Centro;2025-01-31 18:35:28;0;0;;Validado Manual;;;
MVD:WeatherObserved:00006;Estación Meteorológica - Centro;2025-01-31 18:40:28;0;0;;Validado Manual;;;
MVD:WeatherObserved:00006;Estación Meteorológica - Centro;2025-01-31 18:45:28;0;0;;Validado Manual;;;
MVD:WeatherObserved:00006;Estación Meteorológica - Centro;2025-01-31 18:50:28;0;0;;Validado Manual;;;
MVD:WeatherObserved:00006;Estación Meteorológica - Centro;2025-01-31 18:55:28;0;0;;Validado Manual;;;
MVD:WeatherObserved:00006;Estación Meteorológica - Centro;2025-01-31 19:00:28;0;0;;Validado Manual;;;
MVD:WeatherObserved:00006;Estación Meteorológica - Centro;2025-01-31 19:05:29;0;0;;Validado Manual;;;
MVD:WeatherObserved:00006;Estación Meteorológica - Centro;2025-01-31 19:10:29;0;0;;Validado Manual;;;
MVD:WeatherObserved:00006;Estación Meteorológica - Centro;2025-01-31 19:15:29;0;0;;Validado Manual;;;
MVD:WeatherObserved:00006;Estación Meteorológica - Centro;2025-01-31 19:20:29;0;0;;Validado Manual;;;
MVD:WeatherObserved:00006;Estación Meteorológica - Centro;2025-01-31 19:25:29;0;0;;Validado Manual;;;
MVD:WeatherObserved:00006;Estación Meteorológica - Centro;2025-01-31 19:30:29;0;0;;Validado Manual;;;
MVD:WeatherObserved:00006;Estación Meteorológica - Centro;2025-01-31 19:35:29;0;0;;Validado Manual;;;
MVD:WeatherObserved:00006;Estación Meteorológica - Centro;2025-01-31 19:40:29;0;0;;Validado Manual;;;
MVD:WeatherObserved:00006;Estación Meteorológica - Centro;2025-01-31 19:45:29;0;0;;Validado Manual;;;
MVD:WeatherObserved:00006;Estación Meteorológica - Centro;2025-01-31 19:50:29;0;0;;Validado Manual;;;
MVD:WeatherObserved:00006;Estación Meteorológica - Centro;2025-01-31 19:55:29;0;0;;Validado Manual;;;
MVD:WeatherObserved:00006;Estación Meteorológica - Centro;2025-01-31 20:00:29;0;0;;Validado Manual;;;
MVD:WeatherObserved:00006;Estación Meteorológica - Centro;2025-01-31 20:05:29;0;0;;Validado Manual;;;
MVD:WeatherObserved:00006;Estación Meteorológica - Centro;2025-01-31 20:10:29;0;0;;Validado Manual;;;
MVD:WeatherObserved:00006;Estación Meteorológica - Centro;2025-01-31 20:15:29;0;0;;Validado Manual;;;
MVD:WeatherObserved:00006;Estación Meteorológica - Centro;2025-01-31 20:20:30;0;0;;Validado Manual;;;
MVD:WeatherObserved:00006;Estación Meteorológica - Centro;2025-01-31 20:25:30;0;0;;Validado Manual;;;
MVD:WeatherObserved:00006;Estación Meteorológica - Centro;2025-01-31 20:30:30;0;0;;Validado Manual;;;
MVD:WeatherObserved:00006;Estación Meteorológica - Centro;2025-01-31 20:35:30;0;0;;Validado Manual;;;
MVD:WeatherObserved:00006;Estación Meteorológica - Centro;2025-01-31 20:40:30;0;0;;Validado Manual;;;
MVD:WeatherObserved:00006;Estación Meteorológica - Centro;2025-01-31 20:45:30;0;0;;Validado Manual;;;
MVD:WeatherObserved:00006;Estación Meteorológica - Centro;2025-01-31 20:50:30;0;0;;Validado Manual;;;
MVD:WeatherObserved:00006;Estación Meteorológica - Centro;2025-01-31 20:55:30;0;0;;Validado Manual;;;
MVD:WeatherObserved:00006;Estación Meteorológica - Centro;2025-01-31 21:00:30;0;0;;Validado Manual;;;
MVD:WeatherObserved:00006;Estación Meteorológica - Centro;2025-01-31 21:05:30;0;0;;Validado Manual;;;
MVD:WeatherObserved:00006;Estación Meteorológica - Centro;2025-01-31 21:10:30;0;0;;Validado Manual;;;
MVD:WeatherObserved:00006;Estación Meteorológica - Centro;2025-01-31 21:15:30;0;0;;Validado Manual;;;
MVD:WeatherObserved:00006;Estación Meteorológica - Centro;2025-01-31 21:20:30;0;0;;Validado Manual;;;
MVD:WeatherObserved:00006;Estación Meteorológica - Centro;2025-01-31 21:25:31;0;0;;Validado Manual;;;
MVD:WeatherObserved:00006;Estación Meteorológica - Centro;2025-01-31 21:30:31;0;0;;Validado Manual;;;
MVD:WeatherObserved:00006;Estación Meteorológica - Centro;2025-01-31 21:35:31;0;0;;Validado Manual;;;
MVD:WeatherObserved:00006;Estación Meteorológica - Centro;2025-01-31 21:40:31;0;0;;Validado Manual;;;
MVD:WeatherObserved:00006;Estación Meteorológica - Centro;2025-01-31 21:45:31;0;0;;Validado Manual;;;
MVD:WeatherObserved:00006;Estación Meteorológica - Centro;2025-01-31 21:50:31;0;0;;Validado Manual;;;
MVD:WeatherObserved:00006;Estación Meteorológica - Centro;2025-01-31 21:55:31;0;0;;Validado Manual;;;
MVD:WeatherObserved:00006;Estación Meteorológica - Centro;2025-01-31 22:00:31;0;0;;Validado Manual;;;
MVD:WeatherObserved:00006;Estación Meteorológica - Centro;2025-01-31 22:05:31;0;0;;Validado Manual;;;
MVD:WeatherObserved:00006;Estación Meteorológica - Centro;2025-01-31 22:10:31;0;0;;Validado Manual;;;
MVD:WeatherObserved:00006;Estación Meteorológica - Centro;2025-01-31 22:15:31;0;0;;Validado Manual;;;
MVD:WeatherObserved:00006;Estación Meteorológica - Centro;2025-01-31 22:20:31;0;0;;Validado Manual;;;
MVD:WeatherObserved:00006;Estación Meteorológica - Centro;2025-01-31 22:25:31;0;0;;Validado Manual;;;
MVD:WeatherObserved:00006;Estación Meteorológica - Centro;2025-01-31 22:30:31;0;0;;Validado Manual;;;
MVD:WeatherObserved:00006;Estación Meteorológica - Centro;2025-01-31 22:35:31;0;0;;Validado Manual;;;
MVD:WeatherObserved:00006;Estación Meteorológica - Centro;2025-01-31 22:40:32;0;0;;Validado Manual;;;
MVD:WeatherObserved:00006;Estación Meteorológica - Centro;2025-01-31 22:45:32;0;0;;Validado Manual;;;
MVD:WeatherObserved:00006;Estación Meteorológica - Centro;2025-01-31 22:50:32;0;0;;Validado Manual;;;
MVD:WeatherObserved:00006;Estación Meteorológica - Centro;2025-01-31 22:55:32;0;0;;Validado Manual;;;
MVD:WeatherObserved:00006;Estación Meteorológica - Centro;2025-01-31 23:00:32;0;0;;Validado Manual;;;
MVD:WeatherObserved:00006;Estación Meteorológica - Centro;2025-01-31 23:05:32;0;0;;Validado Manual;;;
MVD:WeatherObserved:00006;Estación Meteorológica - Centro;2025-01-31 23:10:32;0;0;;Validado Manual;;;
MVD:WeatherObserved:00006;Estación Meteorológica - Centro;2025-01-31 23:15:32;0;0;;Validado Manual;;;
MVD:WeatherObserved:00006;Estación Meteorológica - Centro;2025-01-31 23:20:32;0;0;;Validado Manual;;;
MVD:WeatherObserved:00006;Estación Meteorológica - Centro;2025-01-31 23:25:32;0;0;;Validado Manual;;;
MVD:WeatherObserved:00006;Estación Meteorológica - Centro;2025-01-31 23:30:32;0;0;;Validado Manual;;;
MVD:WeatherObserved:00006;Estación Meteorológica - Centro;2025-01-31 23:35:32;0;0;;Validado Manual;;;
MVD:WeatherObserved:00006;Estación Meteorológica - Centro;2025-01-31 23:40:32;0;0;;Validado Manual;;;
MVD:WeatherObserved:00006;Estación Meteorológica - Centro;2025-01-31 23:45:32;0;0;;Validado Manual;;;
MVD:WeatherObserved:00006;Estación Meteorológica - Centro;2025-01-31 23:50:32;0;0;;Validado Manual;;;
MVD:WeatherObserved:00006;Estación Meteorológica - Centro;2025-01-31 23:55:33;0;0;;Validado Manual;;;
MVD:WeatherObserved:00006;Estación Meteorológica - Centro;2025-02-01 00:00:33;0;0;;Validado Manual;;;
MVD:WeatherObserved:00006;Estación Meteorológica - Centro;2025-02-01 00:05:33;0;0;;Validado Manual;;;
MVD:WeatherObserved:00006;Estación Meteorológica - Centro;2025-02-01 00:10:33;0;0;;Validado Manual;;;
MVD:WeatherObserved:00006;Estación Meteorológica - Centro;2025-02-01 00:15:33;0;0;;Validado Manual;;;
MVD:WeatherObserved:00006;Estación Meteorológica - Centro;2025-02-01 00:20:33;0;0;;Validado Manual;;;
MVD:WeatherObserved:00006;Estación Meteorológica - Centro;2025-02-01 00:25:33;0;0;;Validado Manual;;;
MVD:WeatherObserved:00006;Estación Meteorológica - Centro;2025-02-01 00:30:33;0;0;;Validado Manual;;;
MVD:WeatherObserved:00006;Estación Meteorológica - Centro;2025-02-01 00:35:33;0;0;;Validado Manual;;;
MVD:WeatherObserved:00006;Estación Meteorológica - Centro;2025-02-01 00:40:33;0;0;;Validado Manual;;;
MVD:WeatherObserved:00006;Estación Meteorológica - Centro;2025-02-01 00:45:33;0;0;;Validado Manual;;;
MVD:WeatherObserved:00006;Estación Meteorológica - Centro;2025-02-01 00:50:33;0;0;;Validado Manual;;;
MVD:WeatherObserved:00006;Estación Meteorológica - Centro;2025-02-01 00:55:33;0;0;;Validado Manual;;;
MVD:WeatherObserved:00006;Estación Meteorológica - Centro;2025-02-01 01:00:33;0;0;;Validado Manual;;;
MVD:WeatherObserved:00006;Estación Meteorológica - Centro;2025-02-01 01:05:34;0;0;;Validado Manual;;;
MVD:WeatherObserved:00006;Estación Meteorológica - Centro;2025-02-01 01:10:34;0;0;;Validado Manual;;;
MVD:WeatherObserved:00006;Estación Meteorológica - Centro;2025-02-01 01:15:34;0;0;;Validado Manual;;;
MVD:WeatherObserved:00006;Estación Meteorológica - Centro;2025-02-01 01:20:34;0;0;;Validado Manual;;;
MVD:WeatherObserved:00006;Estación Meteorológica - Centro;2025-02-01 01:25:34;0;0;;Validado Manual;;;
MVD:WeatherObserved:00006;Estación Meteorológica - Centro;2025-02-01 01:30:34;0;0;;Validado Manual;;;
MVD:WeatherObserved:00006;Estación Meteorológica - Centro;2025-02-01 01:35:34;0;0;;Validado Manual;;;
MVD:WeatherObserved:00006;Estación Meteorológica - Centro;2025-02-01 01:40:34;0;0;;Validado Manual;;;
MVD:WeatherObserved:00006;Estación Meteorológica - Centro;2025-02-01 01:45:34;0;0;;Validado Manual;;;
MVD:WeatherObserved:00006;Estación Meteorológica - Centro;2025-02-01 01:50:34;0;0;;Validado Manual;;;
MVD:WeatherObserved:00006;Estación Meteorológica - Centro;2025-02-01 01:55:34;0;0;;Validado Manual;;;
MVD:WeatherObserved:00006;Estación Meteorológica - Centro;2025-02-01 02:00:34;0;0;;Validado Manual;;;
MVD:WeatherObserved:00006;Estación Meteorológica - Centro;2025-02-01 02:05:34;0;0;;Validado Manual;;;
MVD:WeatherObserved:00006;Estación Meteorológica - Centro;2025-02-01 02:10:34;0;0;;Validado Manual;;;
MVD:WeatherObserved:00006;Estación Meteorológica - Centro;2025-02-01 02:15:35;0;0;;Validado Manual;;;
MVD:WeatherObserved:00006;Estación Meteorológica - Centro;2025-02-01 02:20:35;0;0;;Validado Manual;;;
MVD:WeatherObserved:00006;Estación Meteorológica - Centro;2025-02-01 02:25:35;0;0;;Validado Manual;;;
MVD:WeatherObserved:00006;Estación Meteorológica - Centro;2025-02-01 02:30:35;0;0;;Validado Manual;;;
MVD:WeatherObserved:00006;Estación Meteorológica - Centro;2025-02-01 02:35:35;0;0;;Validado Manual;;;
MVD:WeatherObserved:00006;Estación Meteorológica - Centro;2025-02-01 02:40:35;0;0;;Validado Manual;;;
MVD:WeatherObserved:00006;Estación Meteorológica - Centro;2025-02-01 02:45:35;0;0;;Validado Manual;;;
MVD:WeatherObserved:00006;Estación Meteorológica - Centro;2025-02-01 02:50:35;0;0;;Validado Manual;;;
MVD:WeatherObserved:00006;Estación Meteorológica - Centro;2025-02-01 02:55:35;0;0;;Validado Manual;;;
MVD:WeatherObserved:00006;Estación Meteorológica - Centro;2025-02-01 03:00:35;0;0;;Validado Manual;;;
MVD:WeatherObserved:00006;Estación Meteorológica - Centro;2025-02-01 03:05:35;0;0;;Validado Manual;;;
MVD:WeatherObserved:00006;Estación Meteorológica - Centro;2025-02-01 03:10:35;0;0;;Validado Manual;;;
MVD:WeatherObserved:00006;Estación Meteorológica - Centro;2025-02-01 03:15:35;0;0;;Validado Manual;;;
MVD:WeatherObserved:00006;Estación Meteorológica - Centro;2025-02-01 03:20:35;0;0;;Validado Manual;;;
MVD:WeatherObserved:00006;Estación Meteorológica - Centro;2025-02-01 03:25:36;0;0;;Validado Manual;;;
MVD:WeatherObserved:00006;Estación Meteorológica - Centro;2025-02-01 03:30:36;0;0;;Validado Manual;;;
MVD:WeatherObserved:00006;Estación Meteorológica - Centro;2025-02-01 03:35:36;0;0;;Validado Manual;;;
MVD:WeatherObserved:00006;Estación Meteorológica - Centro;2025-02-01 03:40:36;0;0;;Validado Manual;;;
MVD:WeatherObserved:00006;Estación Meteorológica - Centro;2025-02-01 03:45:36;0;0;;Validado Manual;;;
MVD:WeatherObserved:00006;Estación Meteorológica - Centro;2025-02-01 03:50:36;0;0;;Validado Manual;;;
MVD:WeatherObserved:00006;Estación Meteorológica - Centro;2025-02-01 03:55:36;0;0;;Validado Manual;;;
MVD:WeatherObserved:00006;Estación Meteorológica - Centro;2025-02-01 04:00:37;0;0;;Validado Manual;;;
MVD:WeatherObserved:00006;Estación Meteorológica - Centro;2025-02-01 04:05:36;0;0;;Validado Manual;;;
MVD:WeatherObserved:00006;Estación Meteorológica - Centro;2025-02-01 04:10:36;0;0;;Validado Manual;;;
MVD:WeatherObserved:00006;Estación Meteorológica - Centro;2025-02-01 04:15:36;0;0;;Validado Manual;;;
MVD:WeatherObserved:00006;Estación Meteorológica - Centro;2025-02-01 04:20:36;0;0;;Validado Manual;;;
MVD:WeatherObserved:00006;Estación Meteorológica - Centro;2025-02-01 04:25:36;0;0;;Validado Manual;;;
MVD:WeatherObserved:00006;Estación Meteorológica - Centro;2025-02-01 04:30:37;0;0;;Validado Manual;;;
MVD:WeatherObserved:00006;Estación Meteorológica - Centro;2025-02-01 04:35:37;0;0;;Validado Manual;;;
MVD:WeatherObserved:00006;Estación Meteorológica - Centro;2025-02-01 04:40:37;0;0;;Validado Manual;;;
MVD:WeatherObserved:00006;Estación Meteorológica - Centro;2025-02-01 04:45:37;0;0;;Validado Manual;;;
MVD:WeatherObserved:00006;Estación Meteorológica - Centro;2025-02-01 04:50:37;0;0;;Validado Manual;;;
MVD:WeatherObserved:00006;Estación Meteorológica - Centro;2025-02-01 04:55:37;0;0;;Validado Manual;;;
MVD:WeatherObserved:00006;Estación Meteorológica - Centro;2025-02-01 05:00:37;0;0;;Validado Manual;;;
MVD:WeatherObserved:00006;Estación Meteorológica - Centro;2025-02-01 05:05:37;0;0;;Validado Manual;;;
MVD:WeatherObserved:00006;Estación Meteorológica - Centro;2025-02-01 05:10:37;0;0;;Validado Manual;;;
MVD:WeatherObserved:00006;Estación Meteorológica - Centro;2025-02-01 05:15:37;0;0;;Validado Manual;;;
MVD:WeatherObserved:00006;Estación Meteorológica - Centro;2025-02-01 05:20:37;0;0;;Validado Manual;;;
MVD:WeatherObserved:00006;Estación Meteorológica - Centro;2025-02-01 05:25:37;0;0;;Validado Manual;;;
MVD:WeatherObserved:00006;Estación Meteorológica - Centro;2025-02-01 05:30:37;0;0;;Validado Manual;;;
MVD:WeatherObserved:00006;Estación Meteorológica - Centro;2025-02-01 05:35:38;0;0;;Validado Manual;;;
MVD:WeatherObserved:00006;Estación Meteorológica - Centro;2025-02-01 05:40:38;0;0;;Validado Manual;;;
MVD:WeatherObserved:00006;Estación Meteorológica - Centro;2025-02-01 05:45:38;0;0;;Validado Manual;;;
MVD:WeatherObserved:00006;Estación Meteorológica - Centro;2025-02-01 05:50:38;0;0;;Validado Manual;;;
MVD:WeatherObserved:00006;Estación Meteorológica - Centro;2025-02-01 05:55:38;0;0;;Validado Manual;;;
MVD:WeatherObserved:00006;Estación Meteorológica - Centro;2025-02-01 06:00:38;0;0;;Validado Manual;;;
MVD:WeatherObserved:00006;Estación Meteorológica - Centro;2025-02-01 06:05:38;0;0;;Validado Manual;;;
MVD:WeatherObserved:00006;Estación Meteorológica - Centro;2025-02-01 06:10:38;0;0;;Validado Manual;;;
MVD:WeatherObserved:00006;Estación Meteorológica - Centro;2025-02-01 06:15:38;0;0;;Validado Manual;;;
MVD:WeatherObserved:00006;Estación Meteorológica - Centro;2025-02-01 06:20:38;0;0;;Validado Manual;;;
MVD:WeatherObserved:00006;Estación Meteorológica - Centro;2025-02-01 06:25:38;0;0;;Validado Manual;;;
MVD:WeatherObserved:00006;Estación Meteorológica - Centro;2025-02-01 06:30:38;0;0;;Validado Manual;;;
MVD:WeatherObserved:00006;Estación Meteorológica - Centro;2025-02-01 06:35:38;0;0;;Validado Manual;;;
MVD:WeatherObserved:00006;Estación Meteorológica - Centro;2025-02-01 06:40:38;0;0;;Validado Manual;;;
MVD:WeatherObserved:00006;Estación Meteorológica - Centro;2025-02-01 06:45:38;0;0;;Validado Manual;;;
MVD:WeatherObserved:00006;Estación Meteorológica - Centro;2025-02-01 06:50:39;0;0;;Validado Manual;;;
MVD:WeatherObserved:00006;Estación Meteorológica - Centro;2025-02-01 06:55:39;0;0;;Validado Manual;;;
MVD:WeatherObserved:00006;Estación Meteorológica - Centro;2025-02-01 07:00:39;0;0;;Validado Manual;;;
MVD:WeatherObserved:00006;Estación Meteorológica - Centro;2025-02-01 07:05:39;0;0;;Validado Manual;;;
MVD:WeatherObserved:00006;Estación Meteorológica - Centro;2025-02-01 07:10:39;0;0;;Validado Manual;;;
MVD:WeatherObserved:00006;Estación Meteorológica - Centro;2025-02-01 07:15:39;0;0;;Validado Manual;;;
MVD:WeatherObserved:00006;Estación Meteorológica - Centro;2025-02-01 07:20:39;0;0;;Validado Manual;;;
MVD:WeatherObserved:00006;Estación Meteorológica - Centro;2025-02-01 07:25:39;0;0;;Validado Manual;;;
MVD:WeatherObserved:00006;Estación Meteorológica - Centro;2025-02-01 07:30:39;0;0;;Validado Manual;;;
MVD:WeatherObserved:00006;Estación Meteorológica - Centro;2025-02-01 07:35:39;0;0;;Validado Manual;;;
MVD:WeatherObserved:00006;Estación Meteorológica - Centro;2025-02-01 07:40:39;0;0;;Validado Manual;;;
MVD:WeatherObserved:00006;Estación Meteorológica - Centro;2025-02-01 07:45:39;0;0;;Validado Manual;;;
MVD:WeatherObserved:00006;Estación Meteorológica - Centro;2025-02-01 07:50:39;0;0;;Validado Manual;;;
MVD:WeatherObserved:00006;Estación Meteorológica - Centro;2025-02-01 07:55:40;0;0;;Validado Manual;;;
MVD:WeatherObserved:00006;Estación Meteorológica - Centro;2025-02-01 08:00:40;0;0;;Validado Manual;;;
MVD:WeatherObserved:00006;Estación Meteorológica - Centro;2025-02-01 08:05:40;0;0;;Validado Manual;;;
MVD:WeatherObserved:00006;Estación Meteorológica - Centro;2025-02-01 08:10:40;0;0;;Validado Manual;;;
MVD:WeatherObserved:00006;Estación Meteorológica - Centro;2025-02-01 08:15:40;0;0;;Validado Manual;;;
MVD:WeatherObserved:00006;Estación Meteorológica - Centro;2025-02-01 08:20:40;0;0;;Validado Manual;;;
MVD:WeatherObserved:00006;Estación Meteorológica - Centro;2025-02-01 08:25:40;0;0;;Validado Manual;;;
MVD:WeatherObserved:00006;Estación Meteorológica - Centro;2025-02-01 08:30:40;0;0;;Validado Manual;;;
MVD:WeatherObserved:00006;Estación Meteorológica - Centro;2025-02-01 08:35:40;0;0;;Validado Manual;;;
MVD:WeatherObserved:00006;Estación Meteorológica - Centro;2025-02-01 08:40:40;0;0;;Validado Manual;;;
MVD:WeatherObserved:00006;Estación Meteorológica - Centro;2025-02-01 08:45:40;0;0;;Validado Manual;;;
MVD:WeatherObserved:00006;Estación Meteorológica - Centro;2025-02-01 08:50:40;0;0;;Validado Manual;;;
MVD:WeatherObserved:00006;Estación Meteorológica - Centro;2025-02-01 08:55:40;0;0;;Validado Manual;;;
MVD:WeatherObserved:00006;Estación Meteorológica - Centro;2025-02-01 09:00:40;0;0;;Validado Manual;;;
MVD:WeatherObserved:00006;Estación Meteorológica - Centro;2025-02-01 09:05:41;0;0;;Validado Manual;;;
MVD:WeatherObserved:00006;Estación Meteorológica - Centro;2025-02-01 09:10:41;0;0;;Validado Manual;;;
MVD:WeatherObserved:00006;Estación Meteorológica - Centro;2025-02-01 09:15:41;0;0;;Validado Manual;;;
MVD:WeatherObserved:00006;Estación Meteorológica - Centro;2025-02-01 09:20:41;0;0;;Validado Manual;;;
MVD:WeatherObserved:00006;Estación Meteorológica - Centro;2025-02-01 09:25:41;0;0;;Validado Manual;;;
MVD:WeatherObserved:00006;Estación Meteorológica - Centro;2025-02-01 09:30:41;0;0;;Validado Manual;;;
MVD:WeatherObserved:00006;Estación Meteorológica - Centro;2025-02-01 09:35:41;0;0;;Validado Manual;;;
MVD:WeatherObserved:00006;Estación Meteorológica - Centro;2025-02-01 09:40:41;0;0;;Validado Manual;;;
MVD:WeatherObserved:00006;Estación Meteorológica - Centro;2025-02-01 09:45:41;0;0;;Validado Manual;;;
MVD:WeatherObserved:00006;Estación Meteorológica - Centro;2025-02-01 09:50:41;0;0;;Validado Manual;;;
MVD:WeatherObserved:00006;Estación Meteorológica - Centro;2025-02-01 09:55:41;0;0;;Validado Manual;;;
MVD:WeatherObserved:00006;Estación Meteorológica - Centro;2025-02-01 10:00:41;0;0;;Validado Manual;;;
MVD:WeatherObserved:00006;Estación Meteorológica - Centro;2025-02-01 10:05:41;0;0;;Validado Manual;;;
MVD:WeatherObserved:00006;Estación Meteorológica - Centro;2025-02-01 10:10:41;0;0;;Validado Manual;;;
MVD:WeatherObserved:00006;Estación Meteorológica - Centro;2025-02-01 10:15:41;0;0;;Validado Manual;;;
MVD:WeatherObserved:00006;Estación Meteorológica - Centro;2025-02-01 10:20:41;0;0;;Validado Manual;;;
MVD:WeatherObserved:00006;Estación Meteorológica - Centro;2025-02-01 10:25:41;0;0;;Validado Manual;;;
MVD:WeatherObserved:00006;Estación Meteorológica - Centro;2025-02-01 10:30:41;0;0;;Validado Manual;;;
MVD:WeatherObserved:00006;Estación Meteorológica - Centro;2025-02-01 10:35:42;0;0;;Validado Manual;;;
MVD:WeatherObserved:00006;Estación Meteorológica - Centro;2025-02-01 10:40:42;0;0;;Validado Manual;;;
MVD:WeatherObserved:00006;Estación Meteorológica - Centro;2025-02-01 10:45:42;0;0;;Validado Manual;;;
MVD:WeatherObserved:00006;Estación Meteorológica - Centro;2025-02-01 10:50:42;0;0;;Validado Manual;;;
MVD:WeatherObserved:00006;Estación Meteorológica - Centro;2025-02-01 10:55:42;0;0;;Validado Manual;;;
MVD:WeatherObserved:00006;Estación Meteorológica - Centro;2025-02-01 11:00:42;0;0;;Validado Manual;;;
MVD:WeatherObserved:00006;Estación Meteorológica - Centro;2025-02-01 11:05:42;0;0;;Validado Manual;;;
MVD:WeatherObserved:00006;Estación Meteorológica - Centro;2025-02-01 11:10:42;0;0;;Validado Manual;;;
MVD:WeatherObserved:00006;Estación Meteorológica - Centro;2025-02-01 11:15:42;0;0;;Validado Manual;;;
MVD:WeatherObserved:00006;Estación Meteorológica - Centro;2025-02-01 11:20:42;0;0;;Validado Manual;;;
MVD:WeatherObserved:00006;Estación Meteorológica - Centro;2025-02-01 11:25:42;0;0;;Validado Manual;;;
MVD:WeatherObserved:00006;Estación Meteorológica - Centro;2025-02-01 11:30:42;0;0;;Validado Manual;;;
MVD:WeatherObserved:00006;Estación Meteorológica - Centro;2025-02-01 11:35:42;0;0;;Validado Manual;;;
MVD:WeatherObserved:00006;Estación Meteorológica - Centro;2025-02-01 11:40:42;0;0;;Validado Manual;;;
MVD:WeatherObserved:00006;Estación Meteorológica - Centro;2025-02-01 11:45:42;0;0;;Validado Manual;;;
MVD:WeatherObserved:00006;Estación Meteorológica - Centro;2025-02-01 11:50:42;0;0;;Validado Manual;;;
MVD:WeatherObserved:00006;Estación Meteorológica - Centro;2025-02-01 11:55:43;0;0;;Validado Manual;;;
MVD:WeatherObserved:00006;Estación Meteorológica - Centro;2025-02-01 12:00:43;0;0;;Validado Manual;;;
MVD:WeatherObserved:00006;Estación Meteorológica - Centro;2025-02-01 12:05:43;0;0;;Validado Manual;;;
MVD:WeatherObserved:00006;Estación Meteorológica - Centro;2025-02-01 12:10:43;0;0;;Validado Manual;;;
MVD:WeatherObserved:00006;Estación Meteorológica - Centro;2025-02-01 12:15:43;0;0;;Validado Manual;;;
MVD:WeatherObserved:00006;Estación Meteorológica - Centro;2025-02-01 12:20:43;0;0;;Validado Manual;;;
MVD:WeatherObserved:00006;Estación Meteorológica - Centro;2025-02-01 12:25:43;0;0;;Validado Manual;;;
MVD:WeatherObserved:00006;Estación Meteorológica - Centro;2025-02-01 12:30:43;0;0;;Validado Manual;;;
MVD:WeatherObserved:00006;Estación Meteorológica - Centro;2025-02-01 12:35:43;0;0;;Validado Manual;;;
MVD:WeatherObserved:00006;Estación Meteorológica - Centro;2025-02-01 12:40:43;0;0;;Validado Manual;;;
MVD:WeatherObserved:00006;Estación Meteorológica - Centro;2025-02-01 12:45:43;0;0;;Validado Manual;;;
MVD:WeatherObserved:00006;Estación Meteorológica - Centro;2025-02-01 12:50:43;0;0;;Validado Manual;;;
MVD:WeatherObserved:00006;Estación Meteorológica - Centro;2025-02-01 12:55:43;0;0;;Validado Manual;;;
MVD:WeatherObserved:00006;Estación Meteorológica - Centro;2025-02-01 13:00:43;0;0;;Validado Manual;;;
MVD:WeatherObserved:00006;Estación Meteorológica - Centro;2025-02-01 13:05:44;0;0;;Validado Manual;;;
MVD:WeatherObserved:00006;Estación Meteorológica - Centro;2025-02-01 13:10:44;0;0;;Validado Manual;;;
MVD:WeatherObserved:00006;Estación Meteorológica - Centro;2025-02-01 13:15:44;0;0;;Validado Manual;;;
MVD:WeatherObserved:00006;Estación Meteorológica - Centro;2025-02-01 13:20:44;0;0;;Validado Manual;;;
MVD:WeatherObserved:00006;Estación Meteorológica - Centro;2025-02-01 13:25:44;0;0;;Validado Manual;;;
MVD:WeatherObserved:00006;Estación Meteorológica - Centro;2025-02-01 13:30:44;0;0;;Validado Manual;;;
MVD:WeatherObserved:00006;Estación Meteorológica - Centro;2025-02-01 13:35:44;0;0;;Validado Manual;;;
MVD:WeatherObserved:00006;Estación Meteorológica - Centro;2025-02-01 13:40:44;0;0;;Validado Manual;;;
MVD:WeatherObserved:00006;Estación Meteorológica - Centro;2025-02-01 13:45:44;0;0;;Validado Manual;;;
MVD:WeatherObserved:00006;Estación Meteorológica - Centro;2025-02-01 13:50:44;0;0;;Validado Manual;;;
MVD:WeatherObserved:00006;Estación Meteorológica - Centro;2025-02-01 13:55:44;0;0;;Validado Manual;;;
MVD:WeatherObserved:00006;Estación Meteorológica - Centro;2025-02-01 14:00:44;0;0;;Validado Manual;;;
MVD:WeatherObserved:00006;Estación Meteorológica - Centro;2025-02-01 14:05:44;0;0;;Validado Manual;;;
MVD:WeatherObserved:00006;Estación Meteorológica - Centro;2025-02-01 14:10:44;0;0;;Validado Manual;;;
MVD:WeatherObserved:00006;Estación Meteorológica - Centro;2025-02-01 14:15:45;0;0;;Validado Manual;;;
MVD:WeatherObserved:00006;Estación Meteorológica - Centro;2025-02-01 14:20:45;0;0;;Validado Manual;;;
MVD:WeatherObserved:00006;Estación Meteorológica - Centro;2025-02-01 14:25:45;0;0;;Validado Manual;;;
MVD:WeatherObserved:00006;Estación Meteorológica - Centro;2025-02-01 14:30:45;0;0;;Validado Manual;;;
MVD:WeatherObserved:00006;Estación Meteorológica - Centro;2025-02-01 14:35:45;0;0;;Validado Manual;;;
MVD:WeatherObserved:00006;Estación Meteorológica - Centro;2025-02-01 14:40:45;0;0;;Validado Manual;;;
MVD:WeatherObserved:00006;Estación Meteorológica - Centro;2025-02-01 14:45:45;0;0;;Validado Manual;;;
MVD:WeatherObserved:00006;Estación Meteorológica - Centro;2025-02-01 14:50:45;0;0;;Validado Manual;;;
MVD:WeatherObserved:00006;Estación Meteorológica - Centro;2025-02-01 14:55:45;0;0;;Validado Manual;;;
MVD:WeatherObserved:00006;Estación Meteorológica - Centro;2025-02-01 15:00:45;0;0;;Validado Manual;;;
MVD:WeatherObserved:00006;Estación Meteorológica - Centro;2025-02-01 15:05:45;0;0;;Validado Manual;;;
MVD:WeatherObserved:00006;Estación Meteorológica - Centro;2025-02-01 15:10:45;0;0;;Validado Manual;;;
MVD:WeatherObserved:00006;Estación Meteorológica - Centro;2025-02-01 15:15:45;0;0;;Validado Manual;;;
MVD:WeatherObserved:00006;Estación Meteorológica - Centro;2025-02-01 15:20:45;0;0;;Validado Manual;;;
MVD:WeatherObserved:00006;Estación Meteorológica - Centro;2025-02-01 15:25:45;0;0;;Validado Manual;;;
MVD:WeatherObserved:00006;Estación Meteorológica - Centro;2025-02-01 15:30:45;0;0;;Validado Manual;;;
MVD:WeatherObserved:00006;Estación Meteorológica - Centro;2025-02-01 15:35:46;0;0;;Validado Manual;;;
MVD:WeatherObserved:00006;Estación Meteorológica - Centro;2025-02-01 15:40:46;0;0;;Validado Manual;;;
MVD:WeatherObserved:00006;Estación Meteorológica - Centro;2025-02-01 15:45:46;0;0;;Validado Manual;;;
MVD:WeatherObserved:00006;Estación Meteorológica - Centro;2025-02-01 15:50:46;0;0;;Validado Manual;;;
MVD:WeatherObserved:00006;Estación Meteorológica - Centro;2025-02-01 15:55:46;0;0;;Validado Manual;;;
MVD:WeatherObserved:00006;Estación Meteorológica - Centro;2025-02-01 16:00:46;0;0;;Validado Manual;;;
MVD:WeatherObserved:00006;Estación Meteorológica - Centro;2025-02-01 16:05:46;0;0;;Validado Manual;;;
MVD:WeatherObserved:00006;Estación Meteorológica - Centro;2025-02-01 16:10:46;0;0;;Validado Manual;;;
MVD:WeatherObserved:00006;Estación Meteorológica - Centro;2025-02-01 16:15:46;0;0;;Validado Manual;;;
MVD:WeatherObserved:00006;Estación Meteorológica - Centro;2025-02-01 16:20:46;0;0;;Validado Manual;;;
MVD:WeatherObserved:00006;Estación Meteorológica - Centro;2025-02-01 16:25:46;0;0;;Validado Manual;;;
MVD:WeatherObserved:00006;Estación Meteorológica - Centro;2025-02-01 16:30:46;0;0;;Validado Manual;;;
MVD:WeatherObserved:00006;Estación Meteorológica - Centro;2025-02-01 16:35:48;0;0;;Validado Manual;;;
MVD:WeatherObserved:00006;Estación Meteorológica - Centro;2025-02-01 16:40:46;0;0;;Validado Manual;;;
MVD:WeatherObserved:00006;Estación Meteorológica - Centro;2025-02-01 16:45:47;0;0;;Validado Manual;;;
MVD:WeatherObserved:00006;Estación Meteorológica - Centro;2025-02-01 16:50:47;0;0;;Validado Manual;;;
MVD:WeatherObserved:00006;Estación Meteorológica - Centro;2025-02-01 16:55:47;0;0;;Validado Manual;;;
MVD:WeatherObserved:00006;Estación Meteorológica - Centro;2025-02-01 17:00:47;0;0;;Validado Manual;;;
MVD:WeatherObserved:00006;Estación Meteorológica - Centro;2025-02-01 17:05:47;0;0;;Validado Manual;;;
MVD:WeatherObserved:00006;Estación Meteorológica - Centro;2025-02-01 17:10:47;0;0;;Validado Manual;;;
MVD:WeatherObserved:00006;Estación Meteorológica - Centro;2025-02-01 17:15:47;0;0;;Validado Manual;;;
MVD:WeatherObserved:00006;Estación Meteorológica - Centro;2025-02-01 17:20:47;0;0;;Validado Manual;;;
MVD:WeatherObserved:00006;Estación Meteorológica - Centro;2025-02-01 17:25:47;0;0;;Validado Manual;;;
MVD:WeatherObserved:00006;Estación Meteorológica - Centro;2025-02-01 17:30:47;0;0;;Validado Manual;;;
MVD:WeatherObserved:00006;Estación Meteorológica - Centro;2025-02-01 17:35:47;0;0;;Validado Manual;;;
MVD:WeatherObserved:00006;Estación Meteorológica - Centro;2025-02-01 17:40:47;0;0;;Validado Manual;;;
MVD:WeatherObserved:00006;Estación Meteorológica - Centro;2025-02-01 17:45:47;0;0;;Validado Manual;;;
MVD:WeatherObserved:00006;Estación Meteorológica - Centro;2025-02-01 17:50:47;0;0;;Validado Manual;;;
MVD:WeatherObserved:00006;Estación Meteorológica - Centro;2025-02-01 17:55:47;0;0;;Validado Manual;;;
MVD:WeatherObserved:00006;Estación Meteorológica - Centro;2025-02-01 18:00:47;0;0;;Validado Manual;;;
MVD:WeatherObserved:00006;Estación Meteorológica - Centro;2025-02-01 18:05:48;0;0;;Validado Manual;;;
MVD:WeatherObserved:00006;Estación Meteorológica - Centro;2025-02-01 18:10:48;0;0;;Validado Manual;;;
MVD:WeatherObserved:00006;Estación Meteorológica - Centro;2025-02-01 18:15:48;0;0;;Validado Manual;;;
MVD:WeatherObserved:00006;Estación Meteorológica - Centro;2025-02-01 18:20:48;0;0;;Validado Manual;;;
MVD:WeatherObserved:00006;Estación Meteorológica - Centro;2025-02-01 18:25:48;0;0;;Validado Manual;;;
MVD:WeatherObserved:00006;Estación Meteorológica - Centro;2025-02-01 18:30:48;0;0;;Validado Manual;;;
MVD:WeatherObserved:00006;Estación Meteorológica - Centro;2025-02-01 18:35:48;0;0;;Validado Manual;;;
MVD:WeatherObserved:00006;Estación Meteorológica - Centro;2025-02-01 18:40:48;0;0;;Validado Manual;;;
MVD:WeatherObserved:00006;Estación Meteorológica - Centro;2025-02-01 18:45:48;0;0;;Validado Manual;;;
MVD:WeatherObserved:00006;Estación Meteorológica - Centro;2025-02-01 18:50:48;0;0;;Validado Manual;;;
MVD:WeatherObserved:00006;Estación Meteorológica - Centro;2025-02-01 18:55:48;0;0;;Validado Manual;;;
MVD:WeatherObserved:00006;Estación Meteorológica - Centro;2025-02-01 19:00:48;0;0;;Validado Manual;;;
MVD:WeatherObserved:00006;Estación Meteorológica - Centro;2025-02-01 19:05:48;0;0;;Validado Manual;;;
MVD:WeatherObserved:00006;Estación Meteorológica - Centro;2025-02-01 19:10:49;0;0;;Validado Manual;;;
MVD:WeatherObserved:00006;Estación Meteorológica - Centro;2025-02-01 19:15:49;0;0;;Validado Manual;;;
MVD:WeatherObserved:00006;Estación Meteorológica - Centro;2025-02-01 19:20:49;0;0;;Validado Manual;;;
MVD:WeatherObserved:00006;Estación Meteorológica - Centro;2025-02-01 19:25:49;0;0;;Validado Manual;;;
MVD:WeatherObserved:00006;Estación Meteorológica - Centro;2025-02-01 19:30:49;0;0;;Validado Manual;;;
MVD:WeatherObserved:00006;Estación Meteorológica - Centro;2025-02-01 19:35:49;0;0;;Validado Manual;;;
MVD:WeatherObserved:00006;Estación Meteorológica - Centro;2025-02-01 19:40:49;0;0;;Validado Manual;;;
MVD:WeatherObserved:00006;Estación Meteorológica - Centro;2025-02-01 19:45:49;0;0;;Validado Manual;;;
MVD:WeatherObserved:00006;Estación Meteorológica - Centro;2025-02-01 19:50:49;0;0;;Validado Manual;;;
MVD:WeatherObserved:00006;Estación Meteorológica - Centro;2025-02-01 19:55:49;0;0;;Validado Manual;;;
MVD:WeatherObserved:00006;Estación Meteorológica - Centro;2025-02-01 20:00:49;0;0;;Validado Manual;;;
MVD:WeatherObserved:00006;Estación Meteorológica - Centro;2025-02-01 20:05:49;0;0;;Validado Manual;;;
MVD:WeatherObserved:00006;Estación Meteorológica - Centro;2025-02-01 20:10:49;0;0;;Validado Manual;;;
MVD:WeatherObserved:00006;Estación Meteorológica - Centro;2025-02-01 20:15:49;0;0;;Validado Manual;;;
MVD:WeatherObserved:00006;Estación Meteorológica - Centro;2025-02-01 20:20:50;0;0;;Validado Manual;;;
MVD:WeatherObserved:00006;Estación Meteorológica - Centro;2025-02-01 20:25:50;0;0;;Validado Manual;;;
MVD:WeatherObserved:00006;Estación Meteorológica - Centro;2025-02-01 20:30:50;0;0;;Validado Manual;;;
MVD:WeatherObserved:00006;Estación Meteorológica - Centro;2025-02-01 20:35:50;0;0;;Validado Manual;;;
MVD:WeatherObserved:00006;Estación Meteorológica - Centro;2025-02-01 20:40:50;0;0;;Validado Manual;;;
MVD:WeatherObserved:00006;Estación Meteorológica - Centro;2025-02-01 20:45:50;0;0;;Validado Manual;;;
MVD:WeatherObserved:00006;Estación Meteorológica - Centro;2025-02-01 20:50:50;0;0;;Validado Manual;;;
MVD:WeatherObserved:00006;Estación Meteorológica - Centro;2025-02-01 20:55:50;0;0;;Validado Manual;;;
MVD:WeatherObserved:00006;Estación Meteorológica - Centro;2025-02-01 21:00:50;0;0;;Validado Manual;;;
MVD:WeatherObserved:00006;Estación Meteorológica - Centro;2025-02-01 21:05:50;0;0;;Validado Manual;;;
MVD:WeatherObserved:00006;Estación Meteorológica - Centro;2025-02-01 21:10:50;0;0;;Validado Manual;;;
MVD:WeatherObserved:00006;Estación Meteorológica - Centro;2025-02-01 21:15:50;0;0;;Validado Manual;;;
MVD:WeatherObserved:00006;Estación Meteorológica - Centro;2025-02-01 21:20:50;0;0;;Validado Manual;;;
MVD:WeatherObserved:00006;Estación Meteorológica - Centro;2025-02-01 21:25:50;0;0;;Validado Manual;;;
MVD:WeatherObserved:00006;Estación Meteorológica - Centro;2025-02-01 21:30:50;0;0;;Validado Manual;;;
MVD:WeatherObserved:00006;Estación Meteorológica - Centro;2025-02-01 21:35:50;0;0;;Validado Manual;;;
MVD:WeatherObserved:00006;Estación Meteorológica - Centro;2025-02-01 21:40:50;0;0;;Validado Manual;;;
MVD:WeatherObserved:00006;Estación Meteorológica - Centro;2025-02-01 21:45:50;0;0;;Validado Manual;;;
MVD:WeatherObserved:00006;Estación Meteorológica - Centro;2025-02-01 21:50:51;0;0;;Validado Manual;;;
MVD:WeatherObserved:00006;Estación Meteorológica - Centro;2025-02-01 21:55:51;0;0;;Validado Manual;;;
MVD:WeatherObserved:00006;Estación Meteorológica - Centro;2025-02-01 22:00:51;0;0;;Validado Manual;;;
MVD:WeatherObserved:00006;Estación Meteorológica - Centro;2025-02-01 22:05:51;0;0;;Validado Manual;;;
MVD:WeatherObserved:00006;Estación Meteorológica - Centro;2025-02-01 22:10:51;0;0;;Validado Manual;;;
MVD:WeatherObserved:00006;Estación Meteorológica - Centro;2025-02-01 22:15:51;0;0;;Validado Manual;;;
MVD:WeatherObserved:00006;Estación Meteorológica - Centro;2025-02-01 22:20:51;0;0;;Validado Manual;;;
MVD:WeatherObserved:00006;Estación Meteorológica - Centro;2025-02-01 22:25:51;0;0;;Validado Manual;;;
MVD:WeatherObserved:00006;Estación Meteorológica - Centro;2025-02-01 22:30:51;0;0;;Validado Manual;;;
MVD:WeatherObserved:00006;Estación Meteorológica - Centro;2025-02-01 22:35:51;0;0;;Validado Manual;;;
MVD:WeatherObserved:00006;Estación Meteorológica - Centro;2025-02-01 22:40:51;0;0;;Validado Manual;;;
MVD:WeatherObserved:00006;Estación Meteorológica - Centro;2025-02-01 22:45:51;0;0;;Validado Manual;;;
MVD:WeatherObserved:00006;Estación Meteorológica - Centro;2025-02-01 22:50:51;0;0;;Validado Manual;;;
MVD:WeatherObserved:00006;Estación Meteorológica - Centro;2025-02-01 22:55:51;0;0;;Validado Manual;;;
MVD:WeatherObserved:00006;Estación Meteorológica - Centro;2025-02-01 23:00:52;0;0;;Validado Manual;;;
MVD:WeatherObserved:00006;Estación Meteorológica - Centro;2025-02-01 23:05:52;0;0;;Validado Manual;;;
MVD:WeatherObserved:00006;Estación Meteorológica - Centro;2025-02-01 23:10:52;0;0;;Validado Manual;;;
MVD:WeatherObserved:00006;Estación Meteorológica - Centro;2025-02-01 23:15:52;0;0;;Validado Manual;;;
MVD:WeatherObserved:00006;Estación Meteorológica - Centro;2025-02-01 23:20:52;0;0;;Validado Manual;;;
MVD:WeatherObserved:00006;Estación Meteorológica - Centro;2025-02-01 23:25:52;0;0;;Validado Manual;;;
MVD:WeatherObserved:00006;Estación Meteorológica - Centro;2025-02-01 23:30:52;0;0;;Validado Manual;;;
MVD:WeatherObserved:00006;Estación Meteorológica - Centro;2025-02-01 23:35:52;0;0;;Validado Manual;;;
MVD:WeatherObserved:00006;Estación Meteorológica - Centro;2025-02-01 23:40:52;0;0;;Validado Manual;;;
MVD:WeatherObserved:00006;Estación Meteorológica - Centro;2025-02-01 23:45:52;0;0;;Validado Manual;;;
MVD:WeatherObserved:00006;Estación Meteorológica - Centro;2025-02-01 23:50:52;0;0;;Validado Manual;;;
MVD:WeatherObserved:00006;Estación Meteorológica - Centro;2025-02-01 23:55:52;0;0;;Validado Manual;;;
MVD:WeatherObserved:00006;Estación Meteorológica - Centro;2025-02-02 00:00:52;0;0;;Validado Manual;;;
MVD:WeatherObserved:00006;Estación Meteorológica - Centro;2025-02-02 00:05:52;0;0;;Validado Manual;;;
MVD:WeatherObserved:00006;Estación Meteorológica - Centro;2025-02-02 00:10:52;0;0;;Validado Manual;;;
MVD:WeatherObserved:00006;Estación Meteorológica - Centro;2025-02-02 00:15:53;0;0;;Validado Manual;;;
MVD:WeatherObserved:00006;Estación Meteorológica - Centro;2025-02-02 00:20:53;0;0;;Validado Manual;;;
MVD:WeatherObserved:00006;Estación Meteorológica - Centro;2025-02-02 00:25:53;0;0;;Validado Manual;;;
MVD:WeatherObserved:00006;Estación Meteorológica - Centro;2025-02-02 00:30:53;0;0;;Validado Manual;;;
MVD:WeatherObserved:00006;Estación Meteorológica - Centro;2025-02-02 00:35:53;0;0;;Validado Manual;;;
MVD:WeatherObserved:00006;Estación Meteorológica - Centro;2025-02-02 00:40:53;0;0;;Validado Manual;;;
MVD:WeatherObserved:00006;Estación Meteorológica - Centro;2025-02-02 00:45:53;0;0;;Validado Manual;;;
MVD:WeatherObserved:00006;Estación Meteorológica - Centro;2025-02-02 00:50:53;0;0;;Validado Manual;;;
MVD:WeatherObserved:00006;Estación Meteorológica - Centro;2025-02-02 00:55:53;0;0;;Validado Manual;;;
MVD:WeatherObserved:00006;Estación Meteorológica - Centro;2025-02-02 01:00:53;0;0;;Validado Manual;;;
MVD:WeatherObserved:00006;Estación Meteorológica - Centro;2025-02-02 01:05:53;0;0;;Validado Manual;;;
MVD:WeatherObserved:00006;Estación Meteorológica - Centro;2025-02-02 01:10:53;0;0;;Validado Manual;;;
MVD:WeatherObserved:00006;Estación Meteorológica - Centro;2025-02-02 01:15:54;0;0;;Validado Manual;;;
MVD:WeatherObserved:00006;Estación Meteorológica - Centro;2025-02-02 01:20:54;0;0;;Validado Manual;;;
MVD:WeatherObserved:00006;Estación Meteorológica - Centro;2025-02-02 01:25:54;0;0;;Validado Manual;;;
MVD:WeatherObserved:00006;Estación Meteorológica - Centro;2025-02-02 01:30:54;0;0;;Validado Manual;;;
MVD:WeatherObserved:00006;Estación Meteorológica - Centro;2025-02-02 01:35:54;0;0;;Validado Manual;;;
MVD:WeatherObserved:00006;Estación Meteorológica - Centro;2025-02-02 01:40:54;0;0;;Validado Manual;;;
MVD:WeatherObserved:00006;Estación Meteorológica - Centro;2025-02-02 01:45:54;0;0;;Validado Manual;;;
MVD:WeatherObserved:00006;Estación Meteorológica - Centro;2025-02-02 01:50:55;0;0;;Validado Manual;;;
MVD:WeatherObserved:00006;Estación Meteorológica - Centro;2025-02-02 01:55:54;0;0;;Validado Manual;;;
MVD:WeatherObserved:00006;Estación Meteorológica - Centro;2025-02-02 02:00:54;0;0;;Validado Manual;;;
MVD:WeatherObserved:00006;Estación Meteorológica - Centro;2025-02-02 02:05:54;0;0;;Validado Manual;;;
MVD:WeatherObserved:00006;Estación Meteorológica - Centro;2025-02-02 02:10:54;0;0;;Validado Manual;;;
MVD:WeatherObserved:00006;Estación Meteorológica - Centro;2025-02-02 02:15:54;0;0;;Validado Manual;;;
MVD:WeatherObserved:00006;Estación Meteorológica - Centro;2025-02-02 02:20:54;0;0;;Validado Manual;;;
MVD:WeatherObserved:00006;Estación Meteorológica - Centro;2025-02-02 02:25:54;0;0;;Validado Manual;;;
MVD:WeatherObserved:00006;Estación Meteorológica - Centro;2025-02-02 02:30:55;0;0;;Validado Manual;;;
MVD:WeatherObserved:00006;Estación Meteorológica - Centro;2025-02-02 02:35:55;0;0;;Validado Manual;;;
MVD:WeatherObserved:00006;Estación Meteorológica - Centro;2025-02-02 02:40:55;0;0;;Validado Manual;;;
MVD:WeatherObserved:00006;Estación Meteorológica - Centro;2025-02-02 02:45:55;0;0;;Validado Manual;;;
MVD:WeatherObserved:00006;Estación Meteorológica - Centro;2025-02-02 02:50:55;0;0;;Validado Manual;;;
MVD:WeatherObserved:00006;Estación Meteorológica - Centro;2025-02-02 02:55:55;0;0;;Validado Manual;;;
MVD:WeatherObserved:00006;Estación Meteorológica - Centro;2025-02-02 03:00:55;0;0;;Validado Manual;;;
MVD:WeatherObserved:00006;Estación Meteorológica - Centro;2025-02-02 03:05:55;0;0;;Validado Manual;;;
MVD:WeatherObserved:00006;Estación Meteorológica - Centro;2025-02-02 03:10:55;0;0;;Validado Manual;;;
MVD:WeatherObserved:00006;Estación Meteorológica - Centro;2025-02-02 03:15:55;0;0;;Validado Manual;;;
MVD:WeatherObserved:00006;Estación Meteorológica - Centro;2025-02-02 03:20:55;0;0;;Validado Manual;;;
MVD:WeatherObserved:00006;Estación Meteorológica - Centro;2025-02-02 03:25:55;0;0;;Validado Manual;;;
MVD:WeatherObserved:00006;Estación Meteorológica - Centro;2025-02-02 03:30:55;0;0;;Validado Manual;;;
MVD:WeatherObserved:00006;Estación Meteorológica - Centro;2025-02-02 03:35:55;0;0;;Validado Manual;;;
MVD:WeatherObserved:00006;Estación Meteorológica - Centro;2025-02-02 03:40:55;0;0;;Validado Manual;;;
MVD:WeatherObserved:00006;Estación Meteorológica - Centro;2025-02-02 03:45:55;0;0;;Validado Manual;;;
MVD:WeatherObserved:00006;Estación Meteorológica - Centro;2025-02-02 03:50:55;0;0;;Validado Manual;;;
MVD:WeatherObserved:00006;Estación Meteorológica - Centro;2025-02-02 03:55:55;0;0;;Validado Manual;;;
MVD:WeatherObserved:00006;Estación Meteorológica - Centro;2025-02-02 04:00:55;0;0;;Validado Manual;;;
MVD:WeatherObserved:00006;Estación Meteorológica - Centro;2025-02-02 04:05:55;0;0;;Validado Manual;;;
MVD:WeatherObserved:00006;Estación Meteorológica - Centro;2025-02-02 04:10:56;0;0;;Validado Manual;;;
MVD:WeatherObserved:00006;Estación Meteorológica - Centro;2025-02-02 04:15:56;0;0;;Validado Manual;;;
MVD:WeatherObserved:00006;Estación Meteorológica - Centro;2025-02-02 04:20:56;0;0;;Validado Manual;;;
MVD:WeatherObserved:00006;Estación Meteorológica - Centro;2025-02-02 04:25:56;0;0;;Validado Manual;;;
MVD:WeatherObserved:00006;Estación Meteorológica - Centro;2025-02-02 04:30:56;0;0;;Validado Manual;;;
MVD:WeatherObserved:00006;Estación Meteorológica - Centro;2025-02-02 04:35:56;0;0;;Validado Manual;;;
MVD:WeatherObserved:00006;Estación Meteorológica - Centro;2025-02-02 04:40:56;0;0;;Validado Manual;;;
MVD:WeatherObserved:00006;Estación Meteorológica - Centro;2025-02-02 04:45:56;0;0;;Validado Manual;;;
MVD:WeatherObserved:00006;Estación Meteorológica - Centro;2025-02-02 04:50:56;0;0;;Validado Manual;;;
MVD:WeatherObserved:00006;Estación Meteorológica - Centro;2025-02-02 04:55:56;0;0;;Validado Manual;;;
MVD:WeatherObserved:00006;Estación Meteorológica - Centro;2025-02-02 05:00:56;0;0;;Validado Manual;;;
MVD:WeatherObserved:00006;Estación Meteorológica - Centro;2025-02-02 05:05:56;0;0;;Validado Manual;;;
MVD:WeatherObserved:00006;Estación Meteorológica - Centro;2025-02-02 05:10:57;0;0;;Validado Manual;;;
MVD:WeatherObserved:00006;Estación Meteorológica - Centro;2025-02-02 05:15:57;0;0;;Validado Manual;;;
MVD:WeatherObserved:00006;Estación Meteorológica - Centro;2025-02-02 05:20:57;0;0;;Validado Manual;;;
MVD:WeatherObserved:00006;Estación Meteorológica - Centro;2025-02-02 05:25:57;0;0;;Validado Manual;;;
MVD:WeatherObserved:00006;Estación Meteorológica - Centro;2025-02-02 05:30:57;0;0;;Validado Manual;;;
MVD:WeatherObserved:00006;Estación Meteorológica - Centro;2025-02-02 05:35:57;0;0;;Validado Manual;;;
MVD:WeatherObserved:00006;Estación Meteorológica - Centro;2025-02-02 05:40:57;0;0;;Validado Manual;;;
MVD:WeatherObserved:00006;Estación Meteorológica - Centro;2025-02-02 05:45:57;0;0;;Validado Manual;;;
MVD:WeatherObserved:00006;Estación Meteorológica - Centro;2025-02-02 05:50:57;0;0;;Validado Manual;;;
MVD:WeatherObserved:00006;Estación Meteorológica - Centro;2025-02-02 05:55:57;0;0;;Validado Manual;;;
MVD:WeatherObserved:00006;Estación Meteorológica - Centro;2025-02-02 06:00:57;0;0;;Validado Manual;;;
MVD:WeatherObserved:00006;Estación Meteorológica - Centro;2025-02-02 06:05:57;0;0;;Validado Manual;;;
MVD:WeatherObserved:00006;Estación Meteorológica - Centro;2025-02-02 06:10:57;0;0;;Validado Manual;;;
MVD:WeatherObserved:00006;Estación Meteorológica - Centro;2025-02-02 06:15:57;0;0;;Validado Manual;;;
MVD:WeatherObserved:00006;Estación Meteorológica - Centro;2025-02-02 06:20:57;0;0;;Validado Manual;;;
MVD:WeatherObserved:00006;Estación Meteorológica - Centro;2025-02-02 06:25:58;0;0;;Validado Manual;;;
MVD:WeatherObserved:00006;Estación Meteorológica - Centro;2025-02-02 06:30:58;0;0;;Validado Manual;;;
MVD:WeatherObserved:00006;Estación Meteorológica - Centro;2025-02-02 06:35:58;0;0;;Validado Manual;;;
MVD:WeatherObserved:00006;Estación Meteorológica - Centro;2025-02-02 06:40:58;0;0;;Validado Manual;;;
MVD:WeatherObserved:00006;Estación Meteorológica - Centro;2025-02-02 06:45:58;0;0;;Validado Manual;;;
MVD:WeatherObserved:00006;Estación Meteorológica - Centro;2025-02-02 06:50:58;0;0;;Validado Manual;;;
MVD:WeatherObserved:00006;Estación Meteorológica - Centro;2025-02-02 06:55:58;0;0;;Validado Manual;;;
MVD:WeatherObserved:00006;Estación Meteorológica - Centro;2025-02-02 07:00:58;0;0;;Validado Manual;;;
MVD:WeatherObserved:00006;Estación Meteorológica - Centro;2025-02-02 07:05:58;0;0;;Validado Manual;;;
MVD:WeatherObserved:00006;Estación Meteorológica - Centro;2025-02-02 07:10:58;0;0;;Validado Manual;;;
MVD:WeatherObserved:00006;Estación Meteorológica - Centro;2025-02-02 07:15:58;0;0;;Validado Manual;;;
MVD:WeatherObserved:00006;Estación Meteorológica - Centro;2025-02-02 07:20:58;0;0;;Validado Manual;;;
MVD:WeatherObserved:00006;Estación Meteorológica - Centro;2025-02-02 07:25:59;0;0;;Validado Manual;;;
MVD:WeatherObserved:00006;Estación Meteorológica - Centro;2025-02-02 07:30:59;0;0;;Validado Manual;;;
MVD:WeatherObserved:00006;Estación Meteorológica - Centro;2025-02-02 07:35:59;0;0;;Validado Manual;;;
MVD:WeatherObserved:00006;Estación Meteorológica - Centro;2025-02-02 07:40:59;0;0;;Validado Manual;;;
MVD:WeatherObserved:00006;Estación Meteorológica - Centro;2025-02-02 07:45:59;0;0;;Validado Manual;;;
MVD:WeatherObserved:00006;Estación Meteorológica - Centro;2025-02-02 07:50:59;0;0;;Validado Manual;;;
MVD:WeatherObserved:00006;Estación Meteorológica - Centro;2025-02-02 07:55:59;0;0;;Validado Manual;;;
MVD:WeatherObserved:00006;Estación Meteorológica - Centro;2025-02-02 08:00:59;0;0;;Validado Manual;;;
MVD:WeatherObserved:00006;Estación Meteorológica - Centro;2025-02-02 08:05:59;0;0;;Validado Manual;;;
MVD:WeatherObserved:00006;Estación Meteorológica - Centro;2025-02-02 08:10:59;0;0;;Validado Manual;;;
MVD:WeatherObserved:00006;Estación Meteorológica - Centro;2025-02-02 08:15:59;0;0;;Validado Manual;;;
MVD:WeatherObserved:00006;Estación Meteorológica - Centro;2025-02-02 08:20:59;0;0;;Validado Manual;;;
MVD:WeatherObserved:00006;Estación Meteorológica - Centro;2025-02-02 08:25:59;0;0;;Validado Manual;;;
MVD:WeatherObserved:00006;Estación Meteorológica - Centro;2025-02-02 08:30:59;0;0;;Validado Manual;;;
MVD:WeatherObserved:00006;Estación Meteorológica - Centro;2025-02-02 08:36:00;0;0;;Validado Manual;;;
MVD:WeatherObserved:00006;Estación Meteorológica - Centro;2025-02-02 08:41:00;0;0;;Validado Manual;;;
MVD:WeatherObserved:00006;Estación Meteorológica - Centro;2025-02-02 08:46:00;0;0;;Validado Manual;;;
MVD:WeatherObserved:00006;Estación Meteorológica - Centro;2025-02-02 08:51:00;0;0;;Validado Manual;;;
MVD:WeatherObserved:00006;Estación Meteorológica - Centro;2025-02-02 08:56:00;0;0;;Validado Manual;;;
MVD:WeatherObserved:00006;Estación Meteorológica - Centro;2025-02-02 09:01:00;0;0;;Validado Manual;;;
MVD:WeatherObserved:00006;Estación Meteorológica - Centro;2025-02-02 09:06:00;0;0;;Validado Manual;;;
MVD:WeatherObserved:00006;Estación Meteorológica - Centro;2025-02-02 09:11:00;0;0;;Validado Manual;;;
MVD:WeatherObserved:00006;Estación Meteorológica - Centro;2025-02-02 09:16:00;0;0;;Validado Manual;;;
MVD:WeatherObserved:00006;Estación Meteorológica - Centro;2025-02-02 09:21:00;0;0;;Validado Manual;;;
MVD:WeatherObserved:00006;Estación Meteorológica - Centro;2025-02-02 09:26:00;0;0;;Validado Manual;;;
MVD:WeatherObserved:00006;Estación Meteorológica - Centro;2025-02-02 09:31:00;0;0;;Validado Manual;;;
MVD:WeatherObserved:00006;Estación Meteorológica - Centro;2025-02-02 09:36:00;0;0;;Validado Manual;;;
MVD:WeatherObserved:00006;Estación Meteorológica - Centro;2025-02-02 09:41:00;0;0;;Validado Manual;;;
MVD:WeatherObserved:00006;Estación Meteorológica - Centro;2025-02-02 09:46:00;0;0;;Validado Manual;;;
MVD:WeatherObserved:00006;Estación Meteorológica - Centro;2025-02-02 09:51:01;0;0;;Validado Manual;;;
MVD:WeatherObserved:00006;Estación Meteorológica - Centro;2025-02-02 09:56:01;0;0;;Validado Manual;;;
MVD:WeatherObserved:00006;Estación Meteorológica - Centro;2025-02-02 10:01:01;0;0;;Validado Manual;;;
MVD:WeatherObserved:00006;Estación Meteorológica - Centro;2025-02-02 10:06:01;0;0;;Validado Manual;;;
MVD:WeatherObserved:00006;Estación Meteorológica - Centro;2025-02-02 10:11:01;0;0;;Validado Manual;;;
MVD:WeatherObserved:00006;Estación Meteorológica - Centro;2025-02-02 10:16:01;0;0;;Validado Manual;;;
MVD:WeatherObserved:00006;Estación Meteorológica - Centro;2025-02-02 10:21:01;0;0;;Validado Manual;;;
MVD:WeatherObserved:00006;Estación Meteorológica - Centro;2025-02-02 10:26:01;0;0;;Validado Manual;;;
MVD:WeatherObserved:00006;Estación Meteorológica - Centro;2025-02-02 10:31:01;0;0;;Validado Manual;;;
MVD:WeatherObserved:00006;Estación Meteorológica - Centro;2025-02-02 10:36:01;0;0;;Validado Manual;;;
MVD:WeatherObserved:00006;Estación Meteorológica - Centro;2025-02-02 10:41:01;0;0;;Validado Manual;;;
MVD:WeatherObserved:00006;Estación Meteorológica - Centro;2025-02-02 10:46:01;0;0;;Validado Manual;;;
MVD:WeatherObserved:00006;Estación Meteorológica - Centro;2025-02-02 10:51:01;0;0;;Validado Manual;;;
MVD:WeatherObserved:00006;Estación Meteorológica - Centro;2025-02-02 10:56:01;0;0;;Validado Manual;;;
MVD:WeatherObserved:00006;Estación Meteorológica - Centro;2025-02-02 11:01:02;0;0;;Validado Manual;;;
MVD:WeatherObserved:00006;Estación Meteorológica - Centro;2025-02-02 11:06:02;0;0;;Validado Manual;;;
MVD:WeatherObserved:00006;Estación Meteorológica - Centro;2025-02-02 11:11:02;0;0;;Validado Manual;;;
MVD:WeatherObserved:00006;Estación Meteorológica - Centro;2025-02-02 11:16:02;0;0;;Validado Manual;;;
MVD:WeatherObserved:00006;Estación Meteorológica - Centro;2025-02-02 11:21:02;0;0;;Validado Manual;;;
MVD:WeatherObserved:00006;Estación Meteorológica - Centro;2025-02-02 11:26:02;0;0;;Validado Manual;;;
MVD:WeatherObserved:00006;Estación Meteorológica - Centro;2025-02-02 11:31:02;0;0;;Validado Manual;;;
MVD:WeatherObserved:00006;Estación Meteorológica - Centro;2025-02-02 11:36:02;0;0;;Validado Manual;;;
MVD:WeatherObserved:00006;Estación Meteorológica - Centro;2025-02-02 11:41:02;0;0;;Validado Manual;;;
MVD:WeatherObserved:00006;Estación Meteorológica - Centro;2025-02-02 11:46:02;0;0;;Validado Manual;;;
MVD:WeatherObserved:00006;Estación Meteorológica - Centro;2025-02-02 11:51:02;0;0;;Validado Manual;;;
MVD:WeatherObserved:00006;Estación Meteorológica - Centro;2025-02-02 11:56:02;0;0;;Validado Manual;;;
MVD:WeatherObserved:00006;Estación Meteorológica - Centro;2025-02-02 12:01:02;0;0;;Validado Manual;;;
MVD:WeatherObserved:00006;Estación Meteorológica - Centro;2025-02-02 12:06:02;0;0;;Validado Manual;;;
MVD:WeatherObserved:00006;Estación Meteorológica - Centro;2025-02-02 12:11:03;0;0;;Validado Manual;;;
MVD:WeatherObserved:00006;Estación Meteorológica - Centro;2025-02-02 12:16:03;0;0;;Validado Manual;;;
MVD:WeatherObserved:00006;Estación Meteorológica - Centro;2025-02-02 12:21:03;0;0;;Validado Manual;;;
MVD:WeatherObserved:00006;Estación Meteorológica - Centro;2025-02-02 12:26:03;0;0;;Validado Manual;;;
MVD:WeatherObserved:00006;Estación Meteorológica - Centro;2025-02-02 12:31:03;0;0;;Validado Manual;;;
MVD:WeatherObserved:00006;Estación Meteorológica - Centro;2025-02-02 12:36:03;0;0;;Validado Manual;;;
MVD:WeatherObserved:00006;Estación Meteorológica - Centro;2025-02-02 12:41:03;0;0;;Validado Manual;;;
MVD:WeatherObserved:00006;Estación Meteorológica - Centro;2025-02-02 12:46:03;0;0;;Validado Manual;;;
MVD:WeatherObserved:00006;Estación Meteorológica - Centro;2025-02-02 12:51:03;0;0;;Validado Manual;;;
MVD:WeatherObserved:00006;Estación Meteorológica - Centro;2025-02-02 12:56:03;0;0;;Validado Manual;;;
MVD:WeatherObserved:00006;Estación Meteorológica - Centro;2025-02-02 13:01:03;0;0;;Validado Manual;;;
MVD:WeatherObserved:00006;Estación Meteorológica - Centro;2025-02-02 13:06:03;0;0;;Validado Manual;;;
MVD:WeatherObserved:00006;Estación Meteorológica - Centro;2025-02-02 13:11:03;0;0;;Validado Manual;;;
MVD:WeatherObserved:00006;Estación Meteorológica - Centro;2025-02-02 13:16:03;0;0;;Validado Manual;;;
MVD:WeatherObserved:00006;Estación Meteorológica - Centro;2025-02-02 13:21:03;0;0;;Validado Manual;;;
MVD:WeatherObserved:00006;Estación Meteorológica - Centro;2025-02-02 13:26:03;0;0;;Validado Manual;;;
MVD:WeatherObserved:00006;Estación Meteorológica - Centro;2025-02-02 13:31:03;0;0;;Validado Manual;;;
MVD:WeatherObserved:00006;Estación Meteorológica - Centro;2025-02-02 13:36:04;0;0;;Validado Manual;;;
MVD:WeatherObserved:00006;Estación Meteorológica - Centro;2025-02-02 13:41:04;0;0;;Validado Manual;;;
MVD:WeatherObserved:00006;Estación Meteorológica - Centro;2025-02-02 13:46:04;0;0;;Validado Manual;;;
MVD:WeatherObserved:00006;Estación Meteorológica - Centro;2025-02-02 13:51:04;0;0;;Validado Manual;;;
MVD:WeatherObserved:00006;Estación Meteorológica - Centro;2025-02-02 13:56:04;0;0;;Validado Manual;;;
MVD:WeatherObserved:00006;Estación Meteorológica - Centro;2025-02-02 14:01:04;0;0;;Validado Manual;;;
MVD:WeatherObserved:00006;Estación Meteorológica - Centro;2025-02-02 14:06:04;0;0;;Validado Manual;;;
MVD:WeatherObserved:00006;Estación Meteorológica - Centro;2025-02-02 14:11:04;0;0;;Validado Manual;;;
MVD:WeatherObserved:00006;Estación Meteorológica - Centro;2025-02-02 14:16:04;0;0;;Validado Manual;;;
MVD:WeatherObserved:00006;Estación Meteorológica - Centro;2025-02-02 14:21:04;0;0;;Validado Manual;;;
MVD:WeatherObserved:00006;Estación Meteorológica - Centro;2025-02-02 14:26:24;0;0;;Validado Manual;;;
MVD:WeatherObserved:00006;Estación Meteorológica - Centro;2025-02-02 14:31:24;0;0;;Validado Manual;;;
MVD:WeatherObserved:00006;Estación Meteorológica - Centro;2025-02-02 14:36:24;0;0;;Validado Manual;;;
MVD:WeatherObserved:00006;Estación Meteorológica - Centro;2025-02-02 14:41:24;0;0;;Validado Manual;;;
MVD:WeatherObserved:00006;Estación Meteorológica - Centro;2025-02-02 14:46:24;0;0;;Validado Manual;;;
MVD:WeatherObserved:00006;Estación Meteorológica - Centro;2025-02-02 14:51:24;0;0;;Validado Manual;;;
MVD:WeatherObserved:00006;Estación Meteorológica - Centro;2025-02-02 14:56:24;0;0;;Validado Manual;;;
MVD:WeatherObserved:00006;Estación Meteorológica - Centro;2025-02-02 15:01:24;0;0;;Validado Manual;;;
MVD:WeatherObserved:00006;Estación Meteorológica - Centro;2025-02-02 15:06:25;0;0;;Validado Manual;;;
MVD:WeatherObserved:00006;Estación Meteorológica - Centro;2025-02-02 15:11:25;0;0;;Validado Manual;;;
MVD:WeatherObserved:00006;Estación Meteorológica - Centro;2025-02-02 15:16:25;0;0;;Validado Manual;;;
MVD:WeatherObserved:00006;Estación Meteorológica - Centro;2025-02-02 15:21:25;0;0;;Validado Manual;;;
MVD:WeatherObserved:00006;Estación Meteorológica - Centro;2025-02-02 15:26:25;0;0;;Validado Manual;;;
MVD:WeatherObserved:00006;Estación Meteorológica - Centro;2025-02-02 15:31:25;0;0;;Validado Manual;;;
MVD:WeatherObserved:00006;Estación Meteorológica - Centro;2025-02-02 15:36:25;0;0;;Validado Manual;;;
MVD:WeatherObserved:00006;Estación Meteorológica - Centro;2025-02-02 15:41:25;0;0;;Validado Manual;;;
MVD:WeatherObserved:00006;Estación Meteorológica - Centro;2025-02-02 15:46:25;0;0;;Validado Manual;;;
MVD:WeatherObserved:00006;Estación Meteorológica - Centro;2025-02-02 15:51:25;0;0;;Validado Manual;;;
MVD:WeatherObserved:00006;Estación Meteorológica - Centro;2025-02-02 15:56:25;0;0;;Validado Manual;;;
MVD:WeatherObserved:00006;Estación Meteorológica - Centro;2025-02-02 16:01:25;0;0;;Validado Manual;;;
MVD:WeatherObserved:00006;Estación Meteorológica - Centro;2025-02-02 16:06:25;0;0;;Validado Manual;;;
MVD:WeatherObserved:00006;Estación Meteorológica - Centro;2025-02-02 16:11:25;0;0;;Validado Manual;;;
MVD:WeatherObserved:00006;Estación Meteorológica - Centro;2025-02-02 16:16:25;0;0;;Validado Manual;;;
MVD:WeatherObserved:00006;Estación Meteorológica - Centro;2025-02-02 16:21:25;0;0;;Validado Manual;;;
MVD:WeatherObserved:00006;Estación Meteorológica - Centro;2025-02-02 16:26:25;0;0;;Validado Manual;;;
MVD:WeatherObserved:00006;Estación Meteorológica - Centro;2025-02-02 16:31:25;0;0;;Validado Manual;;;
MVD:WeatherObserved:00006;Estación Meteorológica - Centro;2025-02-02 16:36:26;0;0;;Validado Manual;;;
MVD:WeatherObserved:00006;Estación Meteorológica - Centro;2025-02-02 16:41:26;0;0;;Validado Manual;;;
MVD:WeatherObserved:00006;Estación Meteorológica - Centro;2025-02-02 16:46:26;0;0;;Validado Manual;;;
MVD:WeatherObserved:00006;Estación Meteorológica - Centro;2025-02-02 16:51:26;0;0;;Validado Manual;;;
MVD:WeatherObserved:00006;Estación Meteorológica - Centro;2025-02-02 16:56:26;0;0;;Validado Manual;;;
MVD:WeatherObserved:00006;Estación Meteorológica - Centro;2025-02-02 17:01:26;0;0;;Validado Manual;;;
MVD:WeatherObserved:00006;Estación Meteorológica - Centro;2025-02-02 17:06:26;0;0;;Validado Manual;;;
MVD:WeatherObserved:00006;Estación Meteorológica - Centro;2025-02-02 17:11:26;0;0;;Validado Manual;;;
MVD:WeatherObserved:00006;Estación Meteorológica - Centro;2025-02-02 17:16:26;0;0;;Validado Manual;;;
MVD:WeatherObserved:00006;Estación Meteorológica - Centro;2025-02-02 17:21:26;0;0;;Validado Manual;;;
MVD:WeatherObserved:00006;Estación Meteorológica - Centro;2025-02-02 17:26:26;0;0;;Validado Manual;;;
MVD:WeatherObserved:00006;Estación Meteorológica - Centro;2025-02-02 17:31:26;0;0;;Validado Manual;;;
MVD:WeatherObserved:00006;Estación Meteorológica - Centro;2025-02-02 17:36:26;0;0;;Validado Manual;;;
MVD:WeatherObserved:00006;Estación Meteorológica - Centro;2025-02-02 17:41:27;0;0;;Validado Manual;;;
MVD:WeatherObserved:00006;Estación Meteorológica - Centro;2025-02-02 17:46:27;0;0;;Validado Manual;;;
MVD:WeatherObserved:00006;Estación Meteorológica - Centro;2025-02-02 17:51:27;0;0;;Validado Manual;;;
MVD:WeatherObserved:00006;Estación Meteorológica - Centro;2025-02-02 17:56:27;0;0;;Validado Manual;;;
MVD:WeatherObserved:00006;Estación Meteorológica - Centro;2025-02-02 18:01:27;0;0;;Validado Manual;;;
MVD:WeatherObserved:00006;Estación Meteorológica - Centro;2025-02-02 18:06:27;0;0;;Validado Manual;;;
MVD:WeatherObserved:00006;Estación Meteorológica - Centro;2025-02-02 18:11:27;0;0;;Validado Manual;;;
MVD:WeatherObserved:00006;Estación Meteorológica - Centro;2025-02-02 18:16:27;0;0;;Validado Manual;;;
MVD:WeatherObserved:00006;Estación Meteorológica - Centro;2025-02-02 18:21:27;0;0;;Validado Manual;;;
MVD:WeatherObserved:00006;Estación Meteorológica - Centro;2025-02-02 18:26:27;0;0;;Validado Manual;;;
MVD:WeatherObserved:00006;Estación Meteorológica - Centro;2025-02-02 18:31:27;0;0;;Validado Manual;;;
MVD:WeatherObserved:00006;Estación Meteorológica - Centro;2025-02-02 18:36:28;0;0;;Validado Manual;;;
MVD:WeatherObserved:00006;Estación Meteorológica - Centro;2025-02-02 18:41:27;0;0;;Validado Manual;;;
MVD:WeatherObserved:00006;Estación Meteorológica - Centro;2025-02-02 18:46:27;0;0;;Validado Manual;;;
MVD:WeatherObserved:00006;Estación Meteorológica - Centro;2025-02-02 18:51:27;0;0;;Validado Manual;;;
MVD:WeatherObserved:00006;Estación Meteorológica - Centro;2025-02-02 18:56:27;0;0;;Validado Manual;;;
MVD:WeatherObserved:00006;Estación Meteorológica - Centro;2025-02-02 19:01:28;0;0;;Validado Manual;;;
MVD:WeatherObserved:00006;Estación Meteorológica - Centro;2025-02-02 19:06:28;0;0;;Validado Manual;;;
MVD:WeatherObserved:00006;Estación Meteorológica - Centro;2025-02-02 19:11:28;0;0;;Validado Manual;;;
MVD:WeatherObserved:00006;Estación Meteorológica - Centro;2025-02-02 19:16:28;0;0;;Validado Manual;;;
MVD:WeatherObserved:00006;Estación Meteorológica - Centro;2025-02-02 19:21:28;0;0;;Validado Manual;;;
MVD:WeatherObserved:00006;Estación Meteorológica - Centro;2025-02-02 19:26:28;0;0;;Validado Manual;;;
MVD:WeatherObserved:00006;Estación Meteorológica - Centro;2025-02-02 19:31:28;0;0;;Validado Manual;;;
MVD:WeatherObserved:00006;Estación Meteorológica - Centro;2025-02-02 19:36:28;0;0;;Validado Manual;;;
MVD:WeatherObserved:00006;Estación Meteorológica - Centro;2025-02-02 19:41:28;0;0;;Validado Manual;;;
MVD:WeatherObserved:00006;Estación Meteorológica - Centro;2025-02-02 19:46:28;0;0;;Validado Manual;;;
MVD:WeatherObserved:00006;Estación Meteorológica - Centro;2025-02-02 19:51:28;0;0;;Validado Manual;;;
MVD:WeatherObserved:00006;Estación Meteorológica - Centro;2025-02-02 19:56:28;0;0;;Validado Manual;;;
MVD:WeatherObserved:00006;Estación Meteorológica - Centro;2025-02-02 20:01:28;0;0;;Validado Manual;;;
MVD:WeatherObserved:00006;Estación Meteorológica - Centro;2025-02-02 20:06:28;0;0;;Validado Manual;;;
MVD:WeatherObserved:00006;Estación Meteorológica - Centro;2025-02-02 20:11:28;0;0;;Validado Manual;;;
MVD:WeatherObserved:00006;Estación Meteorológica - Centro;2025-02-02 20:16:28;0;0;;Validado Manual;;;
MVD:WeatherObserved:00006;Estación Meteorológica - Centro;2025-02-02 20:21:29;0;0;;Validado Manual;;;
MVD:WeatherObserved:00006;Estación Meteorológica - Centro;2025-02-02 20:26:29;0;0;;Validado Manual;;;
MVD:WeatherObserved:00006;Estación Meteorológica - Centro;2025-02-02 20:31:29;0;0;;Validado Manual;;;
MVD:WeatherObserved:00006;Estación Meteorológica - Centro;2025-02-02 20:36:29;0;0;;Validado Manual;;;
MVD:WeatherObserved:00006;Estación Meteorológica - Centro;2025-02-02 20:41:29;0;0;;Validado Manual;;;
MVD:WeatherObserved:00006;Estación Meteorológica - Centro;2025-02-02 20:46:29;0;0;;Validado Manual;;;
MVD:WeatherObserved:00006;Estación Meteorológica - Centro;2025-02-02 20:51:29;0;0;;Validado Manual;;;
MVD:WeatherObserved:00006;Estación Meteorológica - Centro;2025-02-02 20:56:29;0;0;;Validado Manual;;;
MVD:WeatherObserved:00006;Estación Meteorológica - Centro;2025-02-02 21:01:29;0;0;;Validado Manual;;;
MVD:WeatherObserved:00006;Estación Meteorológica - Centro;2025-02-02 21:06:29;0;0;;Validado Manual;;;
MVD:WeatherObserved:00006;Estación Meteorológica - Centro;2025-02-02 21:11:29;0;0;;Validado Manual;;;
MVD:WeatherObserved:00006;Estación Meteorológica - Centro;2025-02-02 21:16:29;0;0;;Validado Manual;;;
MVD:WeatherObserved:00006;Estación Meteorológica - Centro;2025-02-02 21:21:29;0;0;;Validado Manual;;;
MVD:WeatherObserved:00006;Estación Meteorológica - Centro;2025-02-02 21:26:29;0;0;;Validado Manual;;;
MVD:WeatherObserved:00006;Estación Meteorológica - Centro;2025-02-02 21:31:30;0;0;;Validado Manual;;;
MVD:WeatherObserved:00006;Estación Meteorológica - Centro;2025-02-02 21:36:30;0;0;;Validado Manual;;;
MVD:WeatherObserved:00006;Estación Meteorológica - Centro;2025-02-02 21:41:30;0;0;;Validado Manual;;;
MVD:WeatherObserved:00006;Estación Meteorológica - Centro;2025-02-02 21:46:30;0;0;;Validado Manual;;;
MVD:WeatherObserved:00006;Estación Meteorológica - Centro;2025-02-02 21:51:30;0;0;;Validado Manual;;;
MVD:WeatherObserved:00006;Estación Meteorológica - Centro;2025-02-02 21:56:30;0;0;;Validado Manual;;;
MVD:WeatherObserved:00006;Estación Meteorológica - Centro;2025-02-02 22:01:30;0;0;;Validado Manual;;;
MVD:WeatherObserved:00006;Estación Meteorológica - Centro;2025-02-02 22:06:30;0;0;;Validado Manual;;;
MVD:WeatherObserved:00006;Estación Meteorológica - Centro;2025-02-02 22:11:30;0;0;;Validado Manual;;;
MVD:WeatherObserved:00006;Estación Meteorológica - Centro;2025-02-02 22:16:30;0;0;;Validado Manual;;;
MVD:WeatherObserved:00006;Estación Meteorológica - Centro;2025-02-02 22:21:30;0;0;;Validado Manual;;;
MVD:WeatherObserved:00006;Estación Meteorológica - Centro;2025-02-02 22:26:30;0;0;;Validado Manual;;;
MVD:WeatherObserved:00006;Estación Meteorológica - Centro;2025-02-02 22:31:30;0;0;;Validado Manual;;;
MVD:WeatherObserved:00006;Estación Meteorológica - Centro;2025-02-02 22:36:30;0;0;;Validado Manual;;;
MVD:WeatherObserved:00006;Estación Meteorológica - Centro;2025-02-02 22:41:30;0;0;;Validado Manual;;;
MVD:WeatherObserved:00006;Estación Meteorológica - Centro;2025-02-02 22:46:30;0;0;;Validado Manual;;;
MVD:WeatherObserved:00006;Estación Meteorológica - Centro;2025-02-02 22:51:31;0;0;;Validado Manual;;;
MVD:WeatherObserved:00006;Estación Meteorológica - Centro;2025-02-02 22:56:31;0;0;;Validado Manual;;;
MVD:WeatherObserved:00006;Estación Meteorológica - Centro;2025-02-02 23:01:31;0;0;;Validado Manual;;;
MVD:WeatherObserved:00006;Estación Meteorológica - Centro;2025-02-02 23:06:31;0;0;;Validado Manual;;;
MVD:WeatherObserved:00006;Estación Meteorológica - Centro;2025-02-02 23:11:31;0;0;;Validado Manual;;;
MVD:WeatherObserved:00006;Estación Meteorológica - Centro;2025-02-02 23:16:31;0;0;;Validado Manual;;;
MVD:WeatherObserved:00006;Estación Meteorológica - Centro;2025-02-02 23:21:31;0;0;;Validado Manual;;;
MVD:WeatherObserved:00006;Estación Meteorológica - Centro;2025-02-02 23:26:31;0;0;;Validado Manual;;;
MVD:WeatherObserved:00006;Estación Meteorológica - Centro;2025-02-02 23:31:31;0;0;;Validado Manual;;;
MVD:WeatherObserved:00006;Estación Meteorológica - Centro;2025-02-02 23:36:31;0;0;;Validado Manual;;;
MVD:WeatherObserved:00006;Estación Meteorológica - Centro;2025-02-02 23:41:31;0;0;;Validado Manual;;;
MVD:WeatherObserved:00006;Estación Meteorológica - Centro;2025-02-02 23:46:31;0;0;;Validado Manual;;;
MVD:WeatherObserved:00006;Estación Meteorológica - Centro;2025-02-02 23:51:31;0;0;;Validado Manual;;;
MVD:WeatherObserved:00006;Estación Meteorológica - Centro;2025-02-02 23:56:31;0;0;;Validado Manual;;;
MVD:WeatherObserved:00006;Estación Meteorológica - Centro;2025-02-03 00:01:31;0;0;;Validado Manual;;;
MVD:WeatherObserved:00006;Estación Meteorológica - Centro;2025-02-03 00:06:31;0;0;;Validado Manual;;;
MVD:WeatherObserved:00006;Estación Meteorológica - Centro;2025-02-03 00:11:32;0;0;;Validado Manual;;;
MVD:WeatherObserved:00006;Estación Meteorológica - Centro;2025-02-03 00:16:32;0;0;;Validado Manual;;;
MVD:WeatherObserved:00006;Estación Meteorológica - Centro;2025-02-03 00:21:32;0;0;;Validado Manual;;;
MVD:WeatherObserved:00006;Estación Meteorológica - Centro;2025-02-03 00:26:32;0;0;;Validado Manual;;;
MVD:WeatherObserved:00006;Estación Meteorológica - Centro;2025-02-03 00:31:32;0;0;;Validado Manual;;;
MVD:WeatherObserved:00006;Estación Meteorológica - Centro;2025-02-03 00:36:32;0;0;;Validado Manual;;;
MVD:WeatherObserved:00006;Estación Meteorológica - Centro;2025-02-03 00:41:32;0;0;;Validado Manual;;;
MVD:WeatherObserved:00006;Estación Meteorológica - Centro;2025-02-03 00:46:32;0;0;;Validado Manual;;;
MVD:WeatherObserved:00006;Estación Meteorológica - Centro;2025-02-03 00:51:32;0;0;;Validado Manual;;;
MVD:WeatherObserved:00006;Estación Meteorológica - Centro;2025-02-03 00:56:32;0;0;;Validado Manual;;;
MVD:WeatherObserved:00006;Estación Meteorológica - Centro;2025-02-03 01:01:32;0;0;;Validado Manual;;;
MVD:WeatherObserved:00006;Estación Meteorológica - Centro;2025-02-03 01:06:32;0;0;;Validado Manual;;;
MVD:WeatherObserved:00006;Estación Meteorológica - Centro;2025-02-03 01:11:32;0;0;;Validado Manual;;;
MVD:WeatherObserved:00006;Estación Meteorológica - Centro;2025-02-03 01:16:32;0;0;;Validado Manual;;;
MVD:WeatherObserved:00006;Estación Meteorológica - Centro;2025-02-03 01:21:33;0;0;;Validado Manual;;;
MVD:WeatherObserved:00006;Estación Meteorológica - Centro;2025-02-03 01:26:33;0;0;;Validado Manual;;;
MVD:WeatherObserved:00006;Estación Meteorológica - Centro;2025-02-03 01:31:33;0;0;;Validado Manual;;;
MVD:WeatherObserved:00006;Estación Meteorológica - Centro;2025-02-03 01:36:33;0;0;;Validado Manual;;;
MVD:WeatherObserved:00006;Estación Meteorológica - Centro;2025-02-03 01:41:33;0;0;;Validado Manual;;;
MVD:WeatherObserved:00006;Estación Meteorológica - Centro;2025-02-03 01:46:33;0;0;;Validado Manual;;;
MVD:WeatherObserved:00006;Estación Meteorológica - Centro;2025-02-03 01:51:33;0;0;;Validado Manual;;;
MVD:WeatherObserved:00006;Estación Meteorológica - Centro;2025-02-03 01:56:33;0;0;;Validado Manual;;;
MVD:WeatherObserved:00006;Estación Meteorológica - Centro;2025-02-03 02:01:33;0;0;;Validado Manual;;;
MVD:WeatherObserved:00006;Estación Meteorológica - Centro;2025-02-03 02:06:33;0;0;;Validado Manual;;;
MVD:WeatherObserved:00006;Estación Meteorológica - Centro;2025-02-03 02:11:33;0;0;;Validado Manual;;;
MVD:WeatherObserved:00006;Estación Meteorológica - Centro;2025-02-03 02:16:33;0;0;;Validado Manual;;;
MVD:WeatherObserved:00006;Estación Meteorológica - Centro;2025-02-03 02:21:33;0;0;;Validado Manual;;;
MVD:WeatherObserved:00006;Estación Meteorológica - Centro;2025-02-03 02:26:34;0;0;;Validado Manual;;;
MVD:WeatherObserved:00006;Estación Meteorológica - Centro;2025-02-03 02:31:34;0;0;;Validado Manual;;;
MVD:WeatherObserved:00006;Estación Meteorológica - Centro;2025-02-03 02:36:34;0;0;;Validado Manual;;;
MVD:WeatherObserved:00006;Estación Meteorológica - Centro;2025-02-03 02:41:34;0;0;;Validado Manual;;;
MVD:WeatherObserved:00006;Estación Meteorológica - Centro;2025-02-03 02:46:34;0;0;;Validado Manual;;;
MVD:WeatherObserved:00006;Estación Meteorológica - Centro;2025-02-03 02:51:34;0;0;;Validado Manual;;;
MVD:WeatherObserved:00006;Estación Meteorológica - Centro;2025-02-03 02:56:34;0;0;;Validado Manual;;;
MVD:WeatherObserved:00006;Estación Meteorológica - Centro;2025-02-03 03:01:34;0;0;;Validado Manual;;;
MVD:WeatherObserved:00006;Estación Meteorológica - Centro;2025-02-03 03:06:34;0;0;;Validado Manual;;;
MVD:WeatherObserved:00006;Estación Meteorológica - Centro;2025-02-03 03:11:34;0;0;;Validado Manual;;;
MVD:WeatherObserved:00006;Estación Meteorológica - Centro;2025-02-03 03:16:34;0;0;;Validado Manual;;;
MVD:WeatherObserved:00006;Estación Meteorológica - Centro;2025-02-03 03:21:34;0;0;;Validado Manual;;;
MVD:WeatherObserved:00006;Estación Meteorológica - Centro;2025-02-03 03:26:34;0;0;;Validado Manual;;;
MVD:WeatherObserved:00006;Estación Meteorológica - Centro;2025-02-03 03:31:34;0;0;;Validado Manual;;;
MVD:WeatherObserved:00006;Estación Meteorológica - Centro;2025-02-03 03:36:34;0;0;;Validado Manual;;;
MVD:WeatherObserved:00006;Estación Meteorológica - Centro;2025-02-03 03:41:34;0;0;;Validado Manual;;;
MVD:WeatherObserved:00006;Estación Meteorológica - Centro;2025-02-03 03:46:34;0;0;;Validado Manual;;;
MVD:WeatherObserved:00006;Estación Meteorológica - Centro;2025-02-03 03:51:35;0;0;;Validado Manual;;;
MVD:WeatherObserved:00006;Estación Meteorológica - Centro;2025-02-03 03:56:35;0;0;;Validado Manual;;;
MVD:WeatherObserved:00006;Estación Meteorológica - Centro;2025-02-03 04:01:35;0;0;;Validado Manual;;;
MVD:WeatherObserved:00006;Estación Meteorológica - Centro;2025-02-03 04:06:35;0;0;;Validado Manual;;;
MVD:WeatherObserved:00006;Estación Meteorológica - Centro;2025-02-03 04:11:35;0;0;;Validado Manual;;;
MVD:WeatherObserved:00006;Estación Meteorológica - Centro;2025-02-03 04:16:35;0;0;;Validado Manual;;;
MVD:WeatherObserved:00006;Estación Meteorológica - Centro;2025-02-03 04:21:35;0;0;;Validado Manual;;;
MVD:WeatherObserved:00006;Estación Meteorológica - Centro;2025-02-03 04:26:35;0;0;;Validado Manual;;;
MVD:WeatherObserved:00006;Estación Meteorológica - Centro;2025-02-03 04:31:35;0;0;;Validado Manual;;;
MVD:WeatherObserved:00006;Estación Meteorológica - Centro;2025-02-03 04:36:35;0;0;;Validado Manual;;;
MVD:WeatherObserved:00006;Estación Meteorológica - Centro;2025-02-03 04:41:35;0;0;;Validado Manual;;;
MVD:WeatherObserved:00006;Estación Meteorológica - Centro;2025-02-03 04:46:35;0;0;;Validado Manual;;;
MVD:WeatherObserved:00006;Estación Meteorológica - Centro;2025-02-03 04:51:35;0;0;;Validado Manual;;;
MVD:WeatherObserved:00006;Estación Meteorológica - Centro;2025-02-03 04:56:36;0;0;;Validado Manual;;;
MVD:WeatherObserved:00006;Estación Meteorológica - Centro;2025-02-03 05:01:36;0;0;;Validado Manual;;;
MVD:WeatherObserved:00006;Estación Meteorológica - Centro;2025-02-03 05:06:36;0;0;;Validado Manual;;;
MVD:WeatherObserved:00006;Estación Meteorológica - Centro;2025-02-03 05:11:36;0;0;;Validado Manual;;;
MVD:WeatherObserved:00006;Estación Meteorológica - Centro;2025-02-03 05:16:36;0;0;;Validado Manual;;;
MVD:WeatherObserved:00006;Estación Meteorológica - Centro;2025-02-03 05:21:36;0;0;;Validado Manual;;;
MVD:WeatherObserved:00006;Estación Meteorológica - Centro;2025-02-03 05:26:36;0;0;;Validado Manual;;;
MVD:WeatherObserved:00006;Estación Meteorológica - Centro;2025-02-03 05:31:36;0;0;;Validado Manual;;;
MVD:WeatherObserved:00006;Estación Meteorológica - Centro;2025-02-03 05:36:36;0;0;;Validado Manual;;;
MVD:WeatherObserved:00006;Estación Meteorológica - Centro;2025-02-03 05:41:36;0;0;;Validado Manual;;;
MVD:WeatherObserved:00006;Estación Meteorológica - Centro;2025-02-03 05:46:36;0;0;;Validado Manual;;;
MVD:WeatherObserved:00006;Estación Meteorológica - Centro;2025-02-03 05:51:36;0;0;;Validado Manual;;;
MVD:WeatherObserved:00006;Estación Meteorológica - Centro;2025-02-03 05:56:36;0;0;;Validado Manual;;;
MVD:WeatherObserved:00006;Estación Meteorológica - Centro;2025-02-03 06:01:36;0;0;;Validado Manual;;;
MVD:WeatherObserved:00006;Estación Meteorológica - Centro;2025-02-03 06:06:36;0;0;;Validado Manual;;;
MVD:WeatherObserved:00006;Estación Meteorológica - Centro;2025-02-03 06:11:36;0;0;;Validado Manual;;;
MVD:WeatherObserved:00006;Estación Meteorológica - Centro;2025-02-03 06:16:37;0;0;;Validado Manual;;;
MVD:WeatherObserved:00006;Estación Meteorológica - Centro;2025-02-03 06:21:37;0;0;;Validado Manual;;;
MVD:WeatherObserved:00006;Estación Meteorológica - Centro;2025-02-03 06:26:37;0;0;;Validado Manual;;;
MVD:WeatherObserved:00006;Estación Meteorológica - Centro;2025-02-03 06:31:37;0;0;;Validado Manual;;;
MVD:WeatherObserved:00006;Estación Meteorológica - Centro;2025-02-03 06:36:37;0;0;;Validado Manual;;;
MVD:WeatherObserved:00006;Estación Meteorológica - Centro;2025-02-03 06:41:37;0;0;;Validado Manual;;;
MVD:WeatherObserved:00006;Estación Meteorológica - Centro;2025-02-03 06:46:37;0;0;;Validado Manual;;;
MVD:WeatherObserved:00006;Estación Meteorológica - Centro;2025-02-03 06:51:37;0;0;;Validado Manual;;;
MVD:WeatherObserved:00006;Estación Meteorológica - Centro;2025-02-03 06:56:37;0;0;;Validado Manual;;;
MVD:WeatherObserved:00006;Estación Meteorológica - Centro;2025-02-03 07:01:37;0;0;;Validado Manual;;;
MVD:WeatherObserved:00006;Estación Meteorológica - Centro;2025-02-03 07:06:37;0;0;;Validado Manual;;;
MVD:WeatherObserved:00006;Estación Meteorológica - Centro;2025-02-03 07:11:37;0;0;;Validado Manual;;;
MVD:WeatherObserved:00006;Estación Meteorológica - Centro;2025-02-03 07:16:38;0;0;;Validado Manual;;;
MVD:WeatherObserved:00006;Estación Meteorológica - Centro;2025-02-03 07:21:38;0;0;;Validado Manual;;;
MVD:WeatherObserved:00006;Estación Meteorológica - Centro;2025-02-03 07:26:38;0;0;;Validado Manual;;;
MVD:WeatherObserved:00006;Estación Meteorológica - Centro;2025-02-03 07:31:38;0;0;;Validado Manual;;;
MVD:WeatherObserved:00006;Estación Meteorológica - Centro;2025-02-03 07:36:38;0;0;;Validado Manual;;;
MVD:WeatherObserved:00006;Estación Meteorológica - Centro;2025-02-03 07:41:38;0;0;;Validado Manual;;;
MVD:WeatherObserved:00006;Estación Meteorológica - Centro;2025-02-03 07:46:38;0;0;;Validado Manual;;;
MVD:WeatherObserved:00006;Estación Meteorológica - Centro;2025-02-03 07:51:38;0;0;;Validado Manual;;;
MVD:WeatherObserved:00006;Estación Meteorológica - Centro;2025-02-03 07:56:38;0;0;;Validado Manual;;;
MVD:WeatherObserved:00006;Estación Meteorológica - Centro;2025-02-03 08:01:38;0;0;;Validado Manual;;;
MVD:WeatherObserved:00006;Estación Meteorológica - Centro;2025-02-03 08:06:38;0;0;;Validado Manual;;;
MVD:WeatherObserved:00006;Estación Meteorológica - Centro;2025-02-03 08:11:38;0;0;;Validado Manual;;;
MVD:WeatherObserved:00006;Estación Meteorológica - Centro;2025-02-03 08:16:38;0;0;;Validado Manual;;;
MVD:WeatherObserved:00006;Estación Meteorológica - Centro;2025-02-03 08:21:38;0;0;;Validado Manual;;;
MVD:WeatherObserved:00006;Estación Meteorológica - Centro;2025-02-03 08:26:38;0;0;;Validado Manual;;;
MVD:WeatherObserved:00006;Estación Meteorológica - Centro;2025-02-03 08:31:38;0;0;;Validado Manual;;;
MVD:WeatherObserved:00006;Estación Meteorológica - Centro;2025-02-03 08:36:39;0;0;;Validado Manual;;;
MVD:WeatherObserved:00006;Estación Meteorológica - Centro;2025-02-03 08:41:39;0;0;;Validado Manual;;;
MVD:WeatherObserved:00006;Estación Meteorológica - Centro;2025-02-03 08:46:39;0;0;;Validado Manual;;;
MVD:WeatherObserved:00006;Estación Meteorológica - Centro;2025-02-03 08:51:39;0;0;;Validado Manual;;;
MVD:WeatherObserved:00006;Estación Meteorológica - Centro;2025-02-03 08:56:39;0;0;;Validado Manual;;;
MVD:WeatherObserved:00006;Estación Meteorológica - Centro;2025-02-03 09:01:39;0;0;;Validado Manual;;;
MVD:WeatherObserved:00006;Estación Meteorológica - Centro;2025-02-03 09:06:39;0;0;;Validado Manual;;;
MVD:WeatherObserved:00006;Estación Meteorológica - Centro;2025-02-03 09:11:39;0;0;;Validado Manual;;;
MVD:WeatherObserved:00006;Estación Meteorológica - Centro;2025-02-03 09:16:39;0;0;;Validado Manual;;;
MVD:WeatherObserved:00006;Estación Meteorológica - Centro;2025-02-03 09:21:39;0;0;;Validado Manual;;;
MVD:WeatherObserved:00006;Estación Meteorológica - Centro;2025-02-03 09:26:39;0;0;;Validado Manual;;;
MVD:WeatherObserved:00006;Estación Meteorológica - Centro;2025-02-03 09:31:39;0;0;;Validado Manual;;;
MVD:WeatherObserved:00006;Estación Meteorológica - Centro;2025-02-03 09:36:39;0;0;;Validado Manual;;;
MVD:WeatherObserved:00006;Estación Meteorológica - Centro;2025-02-03 09:41:40;0;0;;Validado Manual;;;
MVD:WeatherObserved:00006;Estación Meteorológica - Centro;2025-02-03 09:46:40;0;0;;Validado Manual;;;
MVD:WeatherObserved:00006;Estación Meteorológica - Centro;2025-02-03 09:51:40;0;0;;Validado Manual;;;
MVD:WeatherObserved:00006;Estación Meteorológica - Centro;2025-02-03 09:56:40;0;0;;Validado Manual;;;
MVD:WeatherObserved:00006;Estación Meteorológica - Centro;2025-02-03 10:01:40;0;0;;Validado Manual;;;
MVD:WeatherObserved:00006;Estación Meteorológica - Centro;2025-02-03 10:06:40;0;0;;Validado Manual;;;
MVD:WeatherObserved:00006;Estación Meteorológica - Centro;2025-02-03 10:11:40;0;0;;Validado Manual;;;
MVD:WeatherObserved:00006;Estación Meteorológica - Centro;2025-02-03 10:16:40;0;0;;Validado Manual;;;
MVD:WeatherObserved:00006;Estación Meteorológica - Centro;2025-02-03 10:21:40;0;0;;Validado Manual;;;
MVD:WeatherObserved:00006;Estación Meteorológica - Centro;2025-02-03 10:26:40;0;0;;Validado Manual;;;
MVD:WeatherObserved:00006;Estación Meteorológica - Centro;2025-02-03 10:31:40;0;0;;Validado Manual;;;
MVD:WeatherObserved:00006;Estación Meteorológica - Centro;2025-02-03 10:36:40;0;0;;Validado Manual;;;
MVD:WeatherObserved:00006;Estación Meteorológica - Centro;2025-02-03 10:41:40;0;0;;Validado Manual;;;
MVD:WeatherObserved:00006;Estación Meteorológica - Centro;2025-02-03 10:46:40;0;0;;Validado Manual;;;
MVD:WeatherObserved:00006;Estación Meteorológica - Centro;2025-02-03 10:51:40;0;0;;Validado Manual;;;
MVD:WeatherObserved:00006;Estación Meteorológica - Centro;2025-02-03 10:56:40;0;0;;Validado Manual;;;
MVD:WeatherObserved:00006;Estación Meteorológica - Centro;2025-02-03 11:01:40;0;0;;Validado Manual;;;
MVD:WeatherObserved:00006;Estación Meteorológica - Centro;2025-02-03 11:06:40;0;0;;Validado Manual;;;
MVD:WeatherObserved:00006;Estación Meteorológica - Centro;2025-02-03 11:11:41;0;0;;Validado Manual;;;
MVD:WeatherObserved:00006;Estación Meteorológica - Centro;2025-02-03 11:16:41;0;0;;Validado Manual;;;
MVD:WeatherObserved:00006;Estación Meteorológica - Centro;2025-02-03 11:21:41;0;0;;Validado Manual;;;
MVD:WeatherObserved:00006;Estación Meteorológica - Centro;2025-02-03 11:26:41;0;0;;Validado Manual;;;
MVD:WeatherObserved:00006;Estación Meteorológica - Centro;2025-02-03 11:31:41;0;0;;Validado Manual;;;
MVD:WeatherObserved:00006;Estación Meteorológica - Centro;2025-02-03 11:36:41;0;0;;Validado Manual;;;
MVD:WeatherObserved:00006;Estación Meteorológica - Centro;2025-02-03 11:41:41;0;0;;Validado Manual;;;
MVD:WeatherObserved:00006;Estación Meteorológica - Centro;2025-02-03 11:46:41;0;0;;Validado Manual;;;
MVD:WeatherObserved:00006;Estación Meteorológica - Centro;2025-02-03 11:51:41;0;0;;Validado Manual;;;
MVD:WeatherObserved:00006;Estación Meteorológica - Centro;2025-02-03 11:56:41;0;0;;Validado Manual;;;
MVD:WeatherObserved:00006;Estación Meteorológica - Centro;2025-02-03 12:01:41;0;0;;Validado Manual;;;
MVD:WeatherObserved:00006;Estación Meteorológica - Centro;2025-02-03 12:06:41;0;0;;Validado Manual;;;
MVD:WeatherObserved:00006;Estación Meteorológica - Centro;2025-02-03 12:11:41;0;0;;Validado Manual;;;
MVD:WeatherObserved:00006;Estación Meteorológica - Centro;2025-02-03 12:16:41;0;0;;Validado Manual;;;
MVD:WeatherObserved:00006;Estación Meteorológica - Centro;2025-02-03 12:21:42;0;0;;Validado Manual;;;
MVD:WeatherObserved:00006;Estación Meteorológica - Centro;2025-02-03 12:26:42;0;0;;Validado Manual;;;
MVD:WeatherObserved:00006;Estación Meteorológica - Centro;2025-02-03 12:31:42;0;0;;Validado Manual;;;
MVD:WeatherObserved:00006;Estación Meteorológica - Centro;2025-02-03 12:36:42;0;0;;Validado Manual;;;
MVD:WeatherObserved:00006;Estación Meteorológica - Centro;2025-02-03 12:41:42;0;0;;Validado Manual;;;
MVD:WeatherObserved:00006;Estación Meteorológica - Centro;2025-02-03 12:46:42;0;0;;Validado Manual;;;
MVD:WeatherObserved:00006;Estación Meteorológica - Centro;2025-02-03 12:51:42;0;0;;Validado Manual;;;
MVD:WeatherObserved:00006;Estación Meteorológica - Centro;2025-02-03 12:56:42;0;0;;Validado Manual;;;
MVD:WeatherObserved:00006;Estación Meteorológica - Centro;2025-02-03 13:01:42;0;0;;Validado Manual;;;
MVD:WeatherObserved:00006;Estación Meteorológica - Centro;2025-02-03 13:06:42;0;0;;Validado Manual;;;
MVD:WeatherObserved:00006;Estación Meteorológica - Centro;2025-02-03 13:11:42;0;0;;Validado Manual;;;
MVD:WeatherObserved:00006;Estación Meteorológica - Centro;2025-02-03 13:16:42;0;0;;Validado Manual;;;
MVD:WeatherObserved:00006;Estación Meteorológica - Centro;2025-02-03 13:21:42;0;0;;Validado Manual;;;
MVD:WeatherObserved:00006;Estación Meteorológica - Centro;2025-02-03 13:26:42;0;0;;Validado Manual;;;
MVD:WeatherObserved:00006;Estación Meteorológica - Centro;2025-02-03 13:31:42;0;0;;Validado Manual;;;
MVD:WeatherObserved:00006;Estación Meteorológica - Centro;2025-02-03 13:36:42;0;0;;Validado Manual;;;
MVD:WeatherObserved:00006;Estación Meteorológica - Centro;2025-02-03 13:41:42;0;0;;Validado Manual;;;
MVD:WeatherObserved:00006;Estación Meteorológica - Centro;2025-02-03 13:46:43;0;0;;Validado Manual;;;
MVD:WeatherObserved:00006;Estación Meteorológica - Centro;2025-02-03 13:51:43;0;0;;Validado Manual;;;
MVD:WeatherObserved:00006;Estación Meteorológica - Centro;2025-02-03 13:56:43;0;0;;Validado Manual;;;
MVD:WeatherObserved:00006;Estación Meteorológica - Centro;2025-02-03 14:01:43;0;0;;Validado Manual;;;
MVD:WeatherObserved:00006;Estación Meteorológica - Centro;2025-02-03 14:06:43;0;0;;Validado Manual;;;
MVD:WeatherObserved:00006;Estación Meteorológica - Centro;2025-02-03 14:11:43;0;0;;Validado Manual;;;
MVD:WeatherObserved:00006;Estación Meteorológica - Centro;2025-02-03 14:16:43;0;0;;Validado Manual;;;
MVD:WeatherObserved:00006;Estación Meteorológica - Centro;2025-02-03 14:21:43;0;0;;Validado Manual;;;
MVD:WeatherObserved:00006;Estación Meteorológica - Centro;2025-02-03 14:26:43;0;0;;Validado Manual;;;
MVD:WeatherObserved:00006;Estación Meteorológica - Centro;2025-02-03 14:31:43;0;0;;Validado Manual;;;
MVD:WeatherObserved:00006;Estación Meteorológica - Centro;2025-02-03 14:36:43;0;0;;Validado Manual;;;
MVD:WeatherObserved:00006;Estación Meteorológica - Centro;2025-02-03 14:41:44;0;0;;Validado Manual;;;
MVD:WeatherObserved:00006;Estación Meteorológica - Centro;2025-02-03 14:46:44;0;0;;Validado Manual;;;
MVD:WeatherObserved:00006;Estación Meteorológica - Centro;2025-02-03 14:51:43;0;0;;Validado Manual;;;
MVD:WeatherObserved:00006;Estación Meteorológica - Centro;2025-02-03 14:56:43;0;0;;Validado Manual;;;
MVD:WeatherObserved:00006;Estación Meteorológica - Centro;2025-02-03 15:01:43;0;0;;Validado Manual;;;
MVD:WeatherObserved:00006;Estación Meteorológica - Centro;2025-02-03 15:06:44;0;0;;Validado Manual;;;
MVD:WeatherObserved:00006;Estación Meteorológica - Centro;2025-02-03 15:11:44;0;0;;Validado Manual;;;
MVD:WeatherObserved:00006;Estación Meteorológica - Centro;2025-02-03 15:16:44;0;0;;Validado Manual;;;
MVD:WeatherObserved:00006;Estación Meteorológica - Centro;2025-02-03 15:21:44;0;0;;Validado Manual;;;
MVD:WeatherObserved:00006;Estación Meteorológica - Centro;2025-02-03 15:26:44;0;0;;Validado Manual;;;
MVD:WeatherObserved:00006;Estación Meteorológica - Centro;2025-02-03 15:31:44;0;0;;Validado Manual;;;
MVD:WeatherObserved:00006;Estación Meteorológica - Centro;2025-02-03 15:36:44;0;0;;Validado Manual;;;
MVD:WeatherObserved:00006;Estación Meteorológica - Centro;2025-02-03 15:41:44;0;0;;Validado Manual;;;
MVD:WeatherObserved:00006;Estación Meteorológica - Centro;2025-02-03 15:46:44;0;0;;Validado Manual;;;
MVD:WeatherObserved:00006;Estación Meteorológica - Centro;2025-02-03 15:51:44;0;0;;Validado Manual;;;
MVD:WeatherObserved:00006;Estación Meteorológica - Centro;2025-02-03 15:56:44;0;0;;Validado Manual;;;
MVD:WeatherObserved:00006;Estación Meteorológica - Centro;2025-02-03 16:01:44;0;0;;Validado Manual;;;
MVD:WeatherObserved:00006;Estación Meteorológica - Centro;2025-02-03 16:06:44;0;0;;Validado Manual;;;
MVD:WeatherObserved:00006;Estación Meteorológica - Centro;2025-02-03 16:11:44;0;0;;Validado Manual;;;
MVD:WeatherObserved:00006;Estación Meteorológica - Centro;2025-02-03 16:16:44;0;0;;Validado Manual;;;
MVD:WeatherObserved:00006;Estación Meteorológica - Centro;2025-02-03 16:21:44;0;0;;Validado Manual;;;
MVD:WeatherObserved:00006;Estación Meteorológica - Centro;2025-02-03 16:26:45;0;0;;Validado Manual;;;
MVD:WeatherObserved:00006;Estación Meteorológica - Centro;2025-02-03 16:31:45;0;0;;Validado Manual;;;
MVD:WeatherObserved:00006;Estación Meteorológica - Centro;2025-02-03 16:36:45;0;0;;Validado Manual;;;
MVD:WeatherObserved:00006;Estación Meteorológica - Centro;2025-02-03 16:41:45;0;0;;Validado Manual;;;
MVD:WeatherObserved:00006;Estación Meteorológica - Centro;2025-02-03 16:46:45;0;0;;Validado Manual;;;
MVD:WeatherObserved:00006;Estación Meteorológica - Centro;2025-02-03 16:51:45;0;0;;Validado Manual;;;
MVD:WeatherObserved:00006;Estación Meteorológica - Centro;2025-02-03 16:56:45;0;0;;Validado Manual;;;
MVD:WeatherObserved:00006;Estación Meteorológica - Centro;2025-02-03 17:01:45;0;0;;Validado Manual;;;
MVD:WeatherObserved:00006;Estación Meteorológica - Centro;2025-02-03 17:06:45;0;0;;Validado Manual;;;
MVD:WeatherObserved:00006;Estación Meteorológica - Centro;2025-02-03 17:11:45;0;0;;Validado Manual;;;
MVD:WeatherObserved:00006;Estación Meteorológica - Centro;2025-02-03 17:16:45;0;0;;Validado Manual;;;
MVD:WeatherObserved:00006;Estación Meteorológica - Centro;2025-02-03 17:21:45;0;0;;Validado Manual;;;
MVD:WeatherObserved:00006;Estación Meteorológica - Centro;2025-02-03 17:26:45;0;0;;Validado Manual;;;
MVD:WeatherObserved:00006;Estación Meteorológica - Centro;2025-02-03 17:31:45;0;0;;Validado Manual;;;
MVD:WeatherObserved:00006;Estación Meteorológica - Centro;2025-02-03 17:36:45;0;0;;Validado Manual;;;
MVD:WeatherObserved:00006;Estación Meteorológica - Centro;2025-02-03 17:41:45;0;0;;Validado Manual;;;
MVD:WeatherObserved:00006;Estación Meteorológica - Centro;2025-02-03 17:46:45;0;0;;Validado Manual;;;
MVD:WeatherObserved:00006;Estación Meteorológica - Centro;2025-02-03 17:51:46;0;0;;Validado Manual;;;
MVD:WeatherObserved:00006;Estación Meteorológica - Centro;2025-02-03 17:56:46;0;0;;Validado Manual;;;
MVD:WeatherObserved:00006;Estación Meteorológica - Centro;2025-02-03 18:01:46;0;0;;Validado Manual;;;
MVD:WeatherObserved:00006;Estación Meteorológica - Centro;2025-02-03 18:06:46;0;0;;Validado Manual;;;
MVD:WeatherObserved:00006;Estación Meteorológica - Centro;2025-02-03 18:11:46;0;0;;Validado Manual;;;
MVD:WeatherObserved:00006;Estación Meteorológica - Centro;2025-02-03 18:16:46;0;0;;Validado Manual;;;
MVD:WeatherObserved:00006;Estación Meteorológica - Centro;2025-02-03 18:21:46;0;0;;Validado Manual;;;
MVD:WeatherObserved:00006;Estación Meteorológica - Centro;2025-02-03 18:26:46;0;0;;Validado Manual;;;
MVD:WeatherObserved:00006;Estación Meteorológica - Centro;2025-02-03 18:31:46;0;0;;Validado Manual;;;
MVD:WeatherObserved:00006;Estación Meteorológica - Centro;2025-02-03 18:36:46;0;0;;Validado Manual;;;
MVD:WeatherObserved:00006;Estación Meteorológica - Centro;2025-02-03 18:41:46;0;0;;Validado Manual;;;
MVD:WeatherObserved:00006;Estación Meteorológica - Centro;2025-02-03 18:46:46;0;0;;Validado Manual;;;
MVD:WeatherObserved:00006;Estación Meteorológica - Centro;2025-02-03 18:51:46;0;0;;Validado Manual;;;
MVD:WeatherObserved:00006;Estación Meteorológica - Centro;2025-02-03 18:56:46;0;0;;Validado Manual;;;
MVD:WeatherObserved:00006;Estación Meteorológica - Centro;2025-02-03 19:01:47;0;0;;Validado Manual;;;
MVD:WeatherObserved:00006;Estación Meteorológica - Centro;2025-02-03 19:06:47;0;0;;Validado Manual;;;
MVD:WeatherObserved:00006;Estación Meteorológica - Centro;2025-02-03 19:11:47;0;0;;Validado Manual;;;
MVD:WeatherObserved:00006;Estación Meteorológica - Centro;2025-02-03 19:16:47;0;0;;Validado Manual;;;
MVD:WeatherObserved:00006;Estación Meteorológica - Centro;2025-02-03 19:21:47;0;0;;Validado Manual;;;
MVD:WeatherObserved:00006;Estación Meteorológica - Centro;2025-02-03 19:26:47;0;0;;Validado Manual;;;
MVD:WeatherObserved:00006;Estación Meteorológica - Centro;2025-02-03 19:31:47;0;0;;Validado Manual;;;
MVD:WeatherObserved:00006;Estación Meteorológica - Centro;2025-02-03 19:36:47;0;0;;Validado Manual;;;
MVD:WeatherObserved:00006;Estación Meteorológica - Centro;2025-02-03 19:41:47;0;0;;Validado Manual;;;
MVD:WeatherObserved:00006;Estación Meteorológica - Centro;2025-02-03 19:46:47;0;0;;Validado Manual;;;
MVD:WeatherObserved:00006;Estación Meteorológica - Centro;2025-02-03 19:51:47;0;0;;Validado Manual;;;
MVD:WeatherObserved:00006;Estación Meteorológica - Centro;2025-02-03 19:56:47;0;0;;Validado Manual;;;
MVD:WeatherObserved:00006;Estación Meteorológica - Centro;2025-02-03 20:01:47;0;0;;Validado Manual;;;
MVD:WeatherObserved:00006;Estación Meteorológica - Centro;2025-02-03 20:06:47;0;0;;Validado Manual;;;
MVD:WeatherObserved:00006;Estación Meteorológica - Centro;2025-02-03 20:11:47;0;0;;Validado Manual;;;
MVD:WeatherObserved:00006;Estación Meteorológica - Centro;2025-02-03 20:16:47;0;0;;Validado Manual;;;
MVD:WeatherObserved:00006;Estación Meteorológica - Centro;2025-02-03 20:21:47;0;0;;Validado Manual;;;
MVD:WeatherObserved:00006;Estación Meteorológica - Centro;2025-02-03 20:26:48;0;0;;Validado Manual;;;
MVD:WeatherObserved:00006;Estación Meteorológica - Centro;2025-02-03 20:31:48;0;0;;Validado Manual;;;
MVD:WeatherObserved:00006;Estación Meteorológica - Centro;2025-02-03 20:36:48;0;0;;Validado Manual;;;
MVD:WeatherObserved:00006;Estación Meteorológica - Centro;2025-02-03 20:41:48;0;0;;Validado Manual;;;
MVD:WeatherObserved:00006;Estación Meteorológica - Centro;2025-02-03 20:46:48;0;0;;Validado Manual;;;
MVD:WeatherObserved:00006;Estación Meteorológica - Centro;2025-02-03 20:51:48;0;0;;Validado Manual;;;
MVD:WeatherObserved:00006;Estación Meteorológica - Centro;2025-02-03 20:56:48;0;0;;Validado Manual;;;
MVD:WeatherObserved:00006;Estación Meteorológica - Centro;2025-02-03 21:01:48;0;0;;Validado Manual;;;
MVD:WeatherObserved:00006;Estación Meteorológica - Centro;2025-02-03 21:06:48;0;0;;Validado Manual;;;
MVD:WeatherObserved:00006;Estación Meteorológica - Centro;2025-02-03 21:11:48;0;0;;Validado Manual;;;
MVD:WeatherObserved:00006;Estación Meteorológica - Centro;2025-02-03 21:16:48;0;0;;Validado Manual;;;
MVD:WeatherObserved:00006;Estación Meteorológica - Centro;2025-02-03 21:21:48;0;0;;Validado Manual;;;
MVD:WeatherObserved:00006;Estación Meteorológica - Centro;2025-02-03 21:26:48;0;0;;Validado Manual;;;
MVD:WeatherObserved:00006;Estación Meteorológica - Centro;2025-02-03 21:31:48;0;0;;Validado Manual;;;
MVD:WeatherObserved:00006;Estación Meteorológica - Centro;2025-02-03 21:36:48;0;0;;Validado Manual;;;
MVD:WeatherObserved:00006;Estación Meteorológica - Centro;2025-02-03 21:41:48;0;0;;Validado Manual;;;
MVD:WeatherObserved:00006;Estación Meteorológica - Centro;2025-02-03 21:46:49;0;0;;Validado Manual;;;
MVD:WeatherObserved:00006;Estación Meteorológica - Centro;2025-02-03 21:51:49;0;0;;Validado Manual;;;
MVD:WeatherObserved:00006;Estación Meteorológica - Centro;2025-02-03 21:56:49;0;0;;Validado Manual;;;
MVD:WeatherObserved:00006;Estación Meteorológica - Centro;2025-02-03 22:01:49;0;0;;Validado Manual;;;
MVD:WeatherObserved:00006;Estación Meteorológica - Centro;2025-02-03 22:06:49;0;0;;Validado Manual;;;
MVD:WeatherObserved:00006;Estación Meteorológica - Centro;2025-02-03 22:11:49;0;0;;Validado Manual;;;
MVD:WeatherObserved:00006;Estación Meteorológica - Centro;2025-02-03 22:16:49;0;0;;Validado Manual;;;
MVD:WeatherObserved:00006;Estación Meteorológica - Centro;2025-02-03 22:21:49;0;0;;Validado Manual;;;
MVD:WeatherObserved:00006;Estación Meteorológica - Centro;2025-02-03 22:26:49;0;0;;Validado Manual;;;
MVD:WeatherObserved:00006;Estación Meteorológica - Centro;2025-02-03 22:31:49;0;0;;Validado Manual;;;
MVD:WeatherObserved:00006;Estación Meteorológica - Centro;2025-02-03 22:36:49;0;0;;Validado Manual;;;
MVD:WeatherObserved:00006;Estación Meteorológica - Centro;2025-02-03 22:41:49;0;0;;Validado Manual;;;
MVD:WeatherObserved:00006;Estación Meteorológica - Centro;2025-02-03 22:46:49;0;0;;Validado Manual;;;
MVD:WeatherObserved:00006;Estación Meteorológica - Centro;2025-02-03 22:51:49;0;0;;Validado Manual;;;
MVD:WeatherObserved:00006;Estación Meteorológica - Centro;2025-02-03 22:56:50;0;0;;Validado Manual;;;
MVD:WeatherObserved:00006;Estación Meteorológica - Centro;2025-02-03 23:01:50;0;0;;Validado Manual;;;
MVD:WeatherObserved:00006;Estación Meteorológica - Centro;2025-02-03 23:06:50;0;0;;Validado Manual;;;
MVD:WeatherObserved:00006;Estación Meteorológica - Centro;2025-02-03 23:11:50;0;0;;Validado Manual;;;
MVD:WeatherObserved:00006;Estación Meteorológica - Centro;2025-02-03 23:16:50;0;0;;Validado Manual;;;
MVD:WeatherObserved:00006;Estación Meteorológica - Centro;2025-02-03 23:21:50;0;0;;Validado Manual;;;
MVD:WeatherObserved:00006;Estación Meteorológica - Centro;2025-02-03 23:26:50;0;0;;Validado Manual;;;
MVD:WeatherObserved:00006;Estación Meteorológica - Centro;2025-02-03 23:31:50;0;0;;Validado Manual;;;
MVD:WeatherObserved:00006;Estación Meteorológica - Centro;2025-02-03 23:36:50;0;0;;Validado Manual;;;
MVD:WeatherObserved:00006;Estación Meteorológica - Centro;2025-02-03 23:41:50;0;0;;Validado Manual;;;
MVD:WeatherObserved:00006;Estación Meteorológica - Centro;2025-02-03 23:46:50;0;0;;Validado Manual;;;
MVD:WeatherObserved:00006;Estación Meteorológica - Centro;2025-02-03 23:51:50;0;0;;Validado Manual;;;
MVD:WeatherObserved:00006;Estación Meteorológica - Centro;2025-02-03 23:56:50;0;0;;Validado Manual;;;
MVD:WeatherObserved:00006;Estación Meteorológica - Centro;2025-02-04 00:01:50;0;0;;Validado Manual;;;
MVD:WeatherObserved:00006;Estación Meteorológica - Centro;2025-02-04 00:06:50;0;0;;Validado Manual;;;
MVD:WeatherObserved:00006;Estación Meteorológica - Centro;2025-02-04 00:11:51;0;0;;Validado Manual;;;
MVD:WeatherObserved:00006;Estación Meteorológica - Centro;2025-02-04 00:16:51;0;0;;Validado Manual;;;
MVD:WeatherObserved:00006;Estación Meteorológica - Centro;2025-02-04 00:21:51;0;0;;Validado Manual;;;
MVD:WeatherObserved:00006;Estación Meteorológica - Centro;2025-02-04 00:26:51;0;0;;Validado Manual;;;
MVD:WeatherObserved:00006;Estación Meteorológica - Centro;2025-02-04 00:31:51;0;0;;Validado Manual;;;
MVD:WeatherObserved:00006;Estación Meteorológica - Centro;2025-02-04 00:36:51;0;0;;Validado Manual;;;
MVD:WeatherObserved:00006;Estación Meteorológica - Centro;2025-02-04 00:41:51;0;0;;Validado Manual;;;
MVD:WeatherObserved:00006;Estación Meteorológica - Centro;2025-02-04 00:46:51;0;0;;Validado Manual;;;
MVD:WeatherObserved:00006;Estación Meteorológica - Centro;2025-02-04 00:51:51;0;0;;Validado Manual;;;
MVD:WeatherObserved:00006;Estación Meteorológica - Centro;2025-02-04 00:56:51;0;0;;Validado Manual;;;
MVD:WeatherObserved:00006;Estación Meteorológica - Centro;2025-02-04 01:01:51;0;0;;Validado Manual;;;
MVD:WeatherObserved:00006;Estación Meteorológica - Centro;2025-02-04 01:06:51;0;0;;Validado Manual;;;
MVD:WeatherObserved:00006;Estación Meteorológica - Centro;2025-02-04 01:11:51;0;0;;Validado Manual;;;
MVD:WeatherObserved:00006;Estación Meteorológica - Centro;2025-02-04 01:16:52;0;0;;Validado Manual;;;
MVD:WeatherObserved:00006;Estación Meteorológica - Centro;2025-02-04 01:21:52;0;0;;Validado Manual;;;
MVD:WeatherObserved:00006;Estación Meteorológica - Centro;2025-02-04 01:26:52;0;0;;Validado Manual;;;
MVD:WeatherObserved:00006;Estación Meteorológica - Centro;2025-02-04 01:31:52;0;0;;Validado Manual;;;
MVD:WeatherObserved:00006;Estación Meteorológica - Centro;2025-02-04 01:36:52;0;0;;Validado Manual;;;
MVD:WeatherObserved:00006;Estación Meteorológica - Centro;2025-02-04 01:41:52;0;0;;Validado Manual;;;
MVD:WeatherObserved:00006;Estación Meteorológica - Centro;2025-02-04 01:46:52;0;0;;Validado Manual;;;
MVD:WeatherObserved:00006;Estación Meteorológica - Centro;2025-02-04 01:51:52;0;0;;Validado Manual;;;
MVD:WeatherObserved:00006;Estación Meteorológica - Centro;2025-02-04 01:56:52;0;0;;Validado Manual;;;
MVD:WeatherObserved:00006;Estación Meteorológica - Centro;2025-02-04 02:01:52;0;0;;Validado Manual;;;
MVD:WeatherObserved:00006;Estación Meteorológica - Centro;2025-02-04 02:06:52;0;0;;Validado Manual;;;
MVD:WeatherObserved:00006;Estación Meteorológica - Centro;2025-02-04 02:11:52;0;0;;Validado Manual;;;
MVD:WeatherObserved:00006;Estación Meteorológica - Centro;2025-02-04 02:16:52;0;0;;Validado Manual;;;
MVD:WeatherObserved:00006;Estación Meteorológica - Centro;2025-02-04 02:21:52;0;0;;Validado Manual;;;
MVD:WeatherObserved:00006;Estación Meteorológica - Centro;2025-02-04 02:26:52;0;0;;Validado Manual;;;
MVD:WeatherObserved:00006;Estación Meteorológica - Centro;2025-02-04 02:31:53;0;0;;Validado Manual;;;
MVD:WeatherObserved:00006;Estación Meteorológica - Centro;2025-02-04 02:36:53;0;0;;Validado Manual;;;
MVD:WeatherObserved:00006;Estación Meteorológica - Centro;2025-02-04 02:41:53;0;0;;Validado Manual;;;
MVD:WeatherObserved:00006;Estación Meteorológica - Centro;2025-02-04 02:46:53;0;0;;Validado Manual;;;
MVD:WeatherObserved:00006;Estación Meteorológica - Centro;2025-02-04 02:51:53;0;0;;Validado Manual;;;
MVD:WeatherObserved:00006;Estación Meteorológica - Centro;2025-02-04 02:56:53;0;0;;Validado Manual;;;
MVD:WeatherObserved:00006;Estación Meteorológica - Centro;2025-02-04 03:01:53;0;0;;Validado Manual;;;
MVD:WeatherObserved:00006;Estación Meteorológica - Centro;2025-02-04 03:06:53;0;0;;Validado Manual;;;
MVD:WeatherObserved:00006;Estación Meteorológica - Centro;2025-02-04 03:11:53;0;0;;Validado Manual;;;
MVD:WeatherObserved:00006;Estación Meteorológica - Centro;2025-02-04 03:16:53;0;0;;Validado Manual;;;
MVD:WeatherObserved:00006;Estación Meteorológica - Centro;2025-02-04 03:21:53;0;0;;Validado Manual;;;
MVD:WeatherObserved:00006;Estación Meteorológica - Centro;2025-02-04 03:26:53;0;0;;Validado Manual;;;
MVD:WeatherObserved:00006;Estación Meteorológica - Centro;2025-02-04 03:31:53;0;0;;Validado Manual;;;
MVD:WeatherObserved:00006;Estación Meteorológica - Centro;2025-02-04 03:36:53;0;0;;Validado Manual;;;
MVD:WeatherObserved:00006;Estación Meteorológica - Centro;2025-02-04 03:41:53;0;0;;Validado Manual;;;
MVD:WeatherObserved:00006;Estación Meteorológica - Centro;2025-02-04 03:46:53;0;0;;Validado Manual;;;
MVD:WeatherObserved:00006;Estación Meteorológica - Centro;2025-02-04 03:51:53;0;0;;Validado Manual;;;
MVD:WeatherObserved:00006;Estación Meteorológica - Centro;2025-02-04 03:56:53;0;0;;Validado Manual;;;
MVD:WeatherObserved:00006;Estación Meteorológica - Centro;2025-02-04 04:01:53;0;0;;Validado Manual;;;
MVD:WeatherObserved:00006;Estación Meteorológica - Centro;2025-02-04 04:06:54;0;0;;Validado Manual;;;
MVD:WeatherObserved:00006;Estación Meteorológica - Centro;2025-02-04 04:11:54;0;0;;Validado Manual;;;
MVD:WeatherObserved:00006;Estación Meteorológica - Centro;2025-02-04 04:16:54;0;0;;Validado Manual;;;
MVD:WeatherObserved:00006;Estación Meteorológica - Centro;2025-02-04 04:21:54;0;0;;Validado Manual;;;
MVD:WeatherObserved:00006;Estación Meteorológica - Centro;2025-02-04 04:26:54;0;0;;Validado Manual;;;
MVD:WeatherObserved:00006;Estación Meteorológica - Centro;2025-02-04 04:31:54;0;0;;Validado Manual;;;
MVD:WeatherObserved:00006;Estación Meteorológica - Centro;2025-02-04 04:36:54;0;0;;Validado Manual;;;
MVD:WeatherObserved:00006;Estación Meteorológica - Centro;2025-02-04 04:41:54;0;0;;Validado Manual;;;
MVD:WeatherObserved:00006;Estación Meteorológica - Centro;2025-02-04 04:46:54;0;0;;Validado Manual;;;
MVD:WeatherObserved:00006;Estación Meteorológica - Centro;2025-02-04 04:51:54;0;0;;Validado Manual;;;
MVD:WeatherObserved:00006;Estación Meteorológica - Centro;2025-02-04 04:56:54;0;0;;Validado Manual;;;
MVD:WeatherObserved:00006;Estación Meteorológica - Centro;2025-02-04 05:01:54;0;0;;Validado Manual;;;
MVD:WeatherObserved:00006;Estación Meteorológica - Centro;2025-02-04 05:06:54;0;0;;Validado Manual;;;
MVD:WeatherObserved:00006;Estación Meteorológica - Centro;2025-02-04 05:11:55;0;0;;Validado Manual;;;
MVD:WeatherObserved:00006;Estación Meteorológica - Centro;2025-02-04 05:16:55;0;0;;Validado Manual;;;
MVD:WeatherObserved:00006;Estación Meteorológica - Centro;2025-02-04 05:21:55;0;0;;Validado Manual;;;
MVD:WeatherObserved:00006;Estación Meteorológica - Centro;2025-02-04 05:26:56;0;0;;Validado Manual;;;
MVD:WeatherObserved:00006;Estación Meteorológica - Centro;2025-02-04 05:31:55;0;0;;Validado Manual;;;
MVD:WeatherObserved:00006;Estación Meteorológica - Centro;2025-02-04 05:36:55;0;0;;Validado Manual;;;
MVD:WeatherObserved:00006;Estación Meteorológica - Centro;2025-02-04 05:41:55;0;0;;Validado Manual;;;
MVD:WeatherObserved:00006;Estación Meteorológica - Centro;2025-02-04 05:46:55;0;0;;Validado Manual;;;
MVD:WeatherObserved:00006;Estación Meteorológica - Centro;2025-02-04 05:51:55;0;0;;Validado Manual;;;
MVD:WeatherObserved:00006;Estación Meteorológica - Centro;2025-02-04 05:56:55;0;0;;Validado Manual;;;
MVD:WeatherObserved:00006;Estación Meteorológica - Centro;2025-02-04 06:01:55;0;0;;Validado Manual;;;
MVD:WeatherObserved:00006;Estación Meteorológica - Centro;2025-02-04 06:06:55;0;0;;Validado Manual;;;
MVD:WeatherObserved:00006;Estación Meteorológica - Centro;2025-02-04 06:11:55;0;0;;Validado Manual;;;
MVD:WeatherObserved:00006;Estación Meteorológica - Centro;2025-02-04 06:16:56;0;0;;Validado Manual;;;
MVD:WeatherObserved:00006;Estación Meteorológica - Centro;2025-02-04 06:21:55;0;0;;Validado Manual;;;
MVD:WeatherObserved:00006;Estación Meteorológica - Centro;2025-02-04 06:26:56;0;0;;Validado Manual;;;
MVD:WeatherObserved:00006;Estación Meteorológica - Centro;2025-02-04 06:31:56;0;0;;Validado Manual;;;
MVD:WeatherObserved:00006;Estación Meteorológica - Centro;2025-02-04 06:36:56;0;0;;Validado Manual;;;
MVD:WeatherObserved:00006;Estación Meteorológica - Centro;2025-02-04 06:41:56;0;0;;Validado Manual;;;
MVD:WeatherObserved:00006;Estación Meteorológica - Centro;2025-02-04 06:46:56;0;0;;Validado Manual;;;
MVD:WeatherObserved:00006;Estación Meteorológica - Centro;2025-02-04 06:51:56;0;0;;Validado Manual;;;
MVD:WeatherObserved:00006;Estación Meteorológica - Centro;2025-02-04 06:56:56;0;0;;Validado Manual;;;
MVD:WeatherObserved:00006;Estación Meteorológica - Centro;2025-02-04 07:01:56;0;0;;Validado Manual;;;
MVD:WeatherObserved:00006;Estación Meteorológica - Centro;2025-02-04 07:06:56;0;0;;Validado Manual;;;
MVD:WeatherObserved:00006;Estación Meteorológica - Centro;2025-02-04 07:11:56;0;0;;Validado Manual;;;
MVD:WeatherObserved:00006;Estación Meteorológica - Centro;2025-02-04 07:16:56;0;0;;Validado Manual;;;
MVD:WeatherObserved:00006;Estación Meteorológica - Centro;2025-02-04 07:21:56;0;0;;Validado Manual;;;
MVD:WeatherObserved:00006;Estación Meteorológica - Centro;2025-02-04 07:26:56;0;0;;Validado Manual;;;
MVD:WeatherObserved:00006;Estación Meteorológica - Centro;2025-02-04 07:31:56;0;0;;Validado Manual;;;
MVD:WeatherObserved:00006;Estación Meteorológica - Centro;2025-02-04 07:36:57;0;0;;Validado Manual;;;
MVD:WeatherObserved:00006;Estación Meteorológica - Centro;2025-02-04 07:41:58;0;0;;Validado Manual;;;
MVD:WeatherObserved:00006;Estación Meteorológica - Centro;2025-02-04 07:46:57;0;0;;Validado Manual;;;
MVD:WeatherObserved:00006;Estación Meteorológica - Centro;2025-02-04 07:51:57;0;0;;Validado Manual;;;
MVD:WeatherObserved:00006;Estación Meteorológica - Centro;2025-02-04 07:56:57;0;0;;Validado Manual;;;
MVD:WeatherObserved:00006;Estación Meteorológica - Centro;2025-02-04 08:01:57;0;0;;Validado Manual;;;
MVD:WeatherObserved:00006;Estación Meteorológica - Centro;2025-02-04 08:06:57;0;0;;Validado Manual;;;
MVD:WeatherObserved:00006;Estación Meteorológica - Centro;2025-02-04 08:11:57;0;0;;Validado Manual;;;
MVD:WeatherObserved:00006;Estación Meteorológica - Centro;2025-02-04 08:16:57;0;0;;Validado Manual;;;
MVD:WeatherObserved:00006;Estación Meteorológica - Centro;2025-02-04 08:21:57;0;0;;Validado Manual;;;
MVD:WeatherObserved:00006;Estación Meteorológica - Centro;2025-02-04 08:26:57;0;0;;Validado Manual;;;
MVD:WeatherObserved:00006;Estación Meteorológica - Centro;2025-02-04 08:31:57;0;0;;Validado Manual;;;
MVD:WeatherObserved:00006;Estación Meteorológica - Centro;2025-02-04 08:36:57;0;0;;Validado Manual;;;
MVD:WeatherObserved:00006;Estación Meteorológica - Centro;2025-02-04 08:41:57;0;0;;Validado Manual;;;
MVD:WeatherObserved:00006;Estación Meteorológica - Centro;2025-02-04 08:46:58;0;0;;Validado Manual;;;
MVD:WeatherObserved:00006;Estación Meteorológica - Centro;2025-02-04 08:51:58;0;0;;Validado Manual;;;
MVD:WeatherObserved:00006;Estación Meteorológica - Centro;2025-02-04 08:56:58;0;0;;Validado Manual;;;
MVD:WeatherObserved:00006;Estación Meteorológica - Centro;2025-02-04 09:01:58;0;0;;Validado Manual;;;
MVD:WeatherObserved:00006;Estación Meteorológica - Centro;2025-02-04 09:06:58;0;0;;Validado Manual;;;
MVD:WeatherObserved:00006;Estación Meteorológica - Centro;2025-02-04 09:11:58;0;0;;Validado Manual;;;
MVD:WeatherObserved:00006;Estación Meteorológica - Centro;2025-02-04 09:16:58;0;0;;Validado Manual;;;
MVD:WeatherObserved:00006;Estación Meteorológica - Centro;2025-02-04 09:21:58;0;0;;Validado Manual;;;
MVD:WeatherObserved:00006;Estación Meteorológica - Centro;2025-02-04 09:26:58;0;0;;Validado Manual;;;
MVD:WeatherObserved:00006;Estación Meteorológica - Centro;2025-02-04 09:31:58;0;0;;Validado Manual;;;
MVD:WeatherObserved:00006;Estación Meteorológica - Centro;2025-02-04 09:36:58;0;0;;Validado Manual;;;
MVD:WeatherObserved:00006;Estación Meteorológica - Centro;2025-02-04 09:41:58;0;0;;Validado Manual;;;
MVD:WeatherObserved:00006;Estación Meteorológica - Centro;2025-02-04 09:46:58;0;0;;Validado Manual;;;
MVD:WeatherObserved:00006;Estación Meteorológica - Centro;2025-02-04 09:51:58;0;0;;Validado Manual;;;
MVD:WeatherObserved:00006;Estación Meteorológica - Centro;2025-02-04 09:56:59;0;0;;Validado Manual;;;
MVD:WeatherObserved:00006;Estación Meteorológica - Centro;2025-02-04 10:01:59;0;0;;Validado Manual;;;
MVD:WeatherObserved:00006;Estación Meteorológica - Centro;2025-02-04 10:06:59;0;0;;Validado Manual;;;
MVD:WeatherObserved:00006;Estación Meteorológica - Centro;2025-02-04 10:11:59;0;0;;Validado Manual;;;
MVD:WeatherObserved:00006;Estación Meteorológica - Centro;2025-02-04 10:16:59;0;0;;Validado Manual;;;
MVD:WeatherObserved:00006;Estación Meteorológica - Centro;2025-02-04 10:21:59;0;0;;Validado Manual;;;
MVD:WeatherObserved:00006;Estación Meteorológica - Centro;2025-02-04 10:26:59;0;0;;Validado Manual;;;
MVD:WeatherObserved:00006;Estación Meteorológica - Centro;2025-02-04 10:31:59;0;0;;Validado Manual;;;
MVD:WeatherObserved:00006;Estación Meteorológica - Centro;2025-02-04 10:36:59;0;0;;Validado Manual;;;
MVD:WeatherObserved:00006;Estación Meteorológica - Centro;2025-02-04 10:41:59;0;0;;Validado Manual;;;
MVD:WeatherObserved:00006;Estación Meteorológica - Centro;2025-02-04 10:46:59;0;0;;Validado Manual;;;
MVD:WeatherObserved:00006;Estación Meteorológica - Centro;2025-02-04 10:51:59;0;0;;Validado Manual;;;
MVD:WeatherObserved:00006;Estación Meteorológica - Centro;2025-02-04 10:56:59;0;0;;Validado Manual;;;
MVD:WeatherObserved:00006;Estación Meteorológica - Centro;2025-02-04 11:01:59;0;0;;Validado Manual;;;
MVD:WeatherObserved:00006;Estación Meteorológica - Centro;2025-02-04 11:06:59;0;0;;Validado Manual;;;
MVD:WeatherObserved:00006;Estación Meteorológica - Centro;2025-02-04 11:12:00;0;0;;Validado Manual;;;
MVD:WeatherObserved:00006;Estación Meteorológica - Centro;2025-02-04 11:17:00;0;0;;Validado Manual;;;
MVD:WeatherObserved:00006;Estación Meteorológica - Centro;2025-02-04 11:22:00;0;0;;Validado Manual;;;
MVD:WeatherObserved:00006;Estación Meteorológica - Centro;2025-02-04 11:27:00;0;0;;Validado Manual;;;
MVD:WeatherObserved:00006;Estación Meteorológica - Centro;2025-02-04 11:32:00;0;0;;Validado Manual;;;
MVD:WeatherObserved:00006;Estación Meteorológica - Centro;2025-02-04 11:37:00;0;0;;Validado Manual;;;
MVD:WeatherObserved:00006;Estación Meteorológica - Centro;2025-02-04 11:42:00;0;0;;Validado Manual;;;
MVD:WeatherObserved:00006;Estación Meteorológica - Centro;2025-02-04 11:47:00;0;0;;Validado Manual;;;
MVD:WeatherObserved:00006;Estación Meteorológica - Centro;2025-02-04 11:52:00;0;0;;Validado Manual;;;
MVD:WeatherObserved:00006;Estación Meteorológica - Centro;2025-02-04 11:57:00;0;0;;Validado Manual;;;
MVD:WeatherObserved:00006;Estación Meteorológica - Centro;2025-02-04 12:02:00;0;0;;Validado Manual;;;
MVD:WeatherObserved:00006;Estación Meteorológica - Centro;2025-02-04 12:07:00;0;0;;Validado Manual;;;
MVD:WeatherObserved:00006;Estación Meteorológica - Centro;2025-02-04 12:12:00;0;0;;Validado Manual;;;
MVD:WeatherObserved:00006;Estación Meteorológica - Centro;2025-02-04 12:17:01;0;0;;Validado Manual;;;
MVD:WeatherObserved:00006;Estación Meteorológica - Centro;2025-02-04 12:22:01;0;0;;Validado Manual;;;
MVD:WeatherObserved:00006;Estación Meteorológica - Centro;2025-02-04 12:27:01;0;0;;Validado Manual;;;
MVD:WeatherObserved:00006;Estación Meteorológica - Centro;2025-02-04 12:32:01;0;0;;Validado Manual;;;
MVD:WeatherObserved:00006;Estación Meteorológica - Centro;2025-02-04 12:37:01;0;0;;Validado Manual;;;
MVD:WeatherObserved:00006;Estación Meteorológica - Centro;2025-02-04 12:42:01;0;0;;Validado Manual;;;
MVD:WeatherObserved:00006;Estación Meteorológica - Centro;2025-02-04 12:47:01;0;0;;Validado Manual;;;
MVD:WeatherObserved:00006;Estación Meteorológica - Centro;2025-02-04 12:52:01;0;0;;Validado Manual;;;
MVD:WeatherObserved:00006;Estación Meteorológica - Centro;2025-02-04 12:57:01;0;0;;Validado Manual;;;
MVD:WeatherObserved:00006;Estación Meteorológica - Centro;2025-02-04 13:02:01;0;0;;Validado Manual;;;
MVD:WeatherObserved:00006;Estación Meteorológica - Centro;2025-02-04 13:07:01;0;0;;Validado Manual;;;
MVD:WeatherObserved:00006;Estación Meteorológica - Centro;2025-02-04 13:12:01;0;0;;Validado Manual;;;
MVD:WeatherObserved:00006;Estación Meteorológica - Centro;2025-02-04 13:17:01;0;0;;Validado Manual;;;
MVD:WeatherObserved:00006;Estación Meteorológica - Centro;2025-02-04 13:22:01;0;0;;Validado Manual;;;
MVD:WeatherObserved:00006;Estación Meteorológica - Centro;2025-02-04 13:27:02;0;0;;Validado Manual;;;
MVD:WeatherObserved:00006;Estación Meteorológica - Centro;2025-02-04 13:32:02;0;0;;Validado Manual;;;
MVD:WeatherObserved:00006;Estación Meteorológica - Centro;2025-02-04 13:37:02;0;0;;Validado Manual;;;
MVD:WeatherObserved:00006;Estación Meteorológica - Centro;2025-02-04 13:42:02;0;0;;Validado Manual;;;
MVD:WeatherObserved:00006;Estación Meteorológica - Centro;2025-02-04 13:47:02;0;0;;Validado Manual;;;
MVD:WeatherObserved:00006;Estación Meteorológica - Centro;2025-02-04 13:52:02;0;0;;Validado Manual;;;
MVD:WeatherObserved:00006;Estación Meteorológica - Centro;2025-02-04 13:57:02;0;0;;Validado Manual;;;
MVD:WeatherObserved:00006;Estación Meteorológica - Centro;2025-02-04 14:02:02;0;0;;Validado Manual;;;
MVD:WeatherObserved:00006;Estación Meteorológica - Centro;2025-02-04 14:07:02;0;0;;Validado Manual;;;
MVD:WeatherObserved:00006;Estación Meteorológica - Centro;2025-02-04 14:12:02;0;0;;Validado Manual;;;
MVD:WeatherObserved:00006;Estación Meteorológica - Centro;2025-02-04 14:17:02;0;0;;Validado Manual;;;
MVD:WeatherObserved:00006;Estación Meteorológica - Centro;2025-02-04 14:22:02;0;0;;Validado Manual;;;
MVD:WeatherObserved:00006;Estación Meteorológica - Centro;2025-02-04 14:27:03;0;0;;Validado Manual;;;
MVD:WeatherObserved:00006;Estación Meteorológica - Centro;2025-02-04 14:32:03;0;0;;Validado Manual;;;
MVD:WeatherObserved:00006;Estación Meteorológica - Centro;2025-02-04 14:37:03;0;0;;Validado Manual;;;
MVD:WeatherObserved:00006;Estación Meteorológica - Centro;2025-02-04 14:42:03;0;0;;Validado Manual;;;
MVD:WeatherObserved:00006;Estación Meteorológica - Centro;2025-02-04 14:47:04;0;0;;Validado Manual;;;
MVD:WeatherObserved:00006;Estación Meteorológica - Centro;2025-02-04 14:52:03;0;0;;Validado Manual;;;
MVD:WeatherObserved:00006;Estación Meteorológica - Centro;2025-02-04 14:57:03;0;0;;Validado Manual;;;
MVD:WeatherObserved:00006;Estación Meteorológica - Centro;2025-02-04 15:02:03;0;0;;Validado Manual;;;
MVD:WeatherObserved:00006;Estación Meteorológica - Centro;2025-02-04 15:07:03;0;0;;Validado Manual;;;
MVD:WeatherObserved:00006;Estación Meteorológica - Centro;2025-02-04 15:12:03;0;0;;Validado Manual;;;
MVD:WeatherObserved:00006;Estación Meteorológica - Centro;2025-02-04 15:17:03;0;0;;Validado Manual;;;
MVD:WeatherObserved:00006;Estación Meteorológica - Centro;2025-02-04 15:22:03;0;0;;Validado Manual;;;
MVD:WeatherObserved:00006;Estación Meteorológica - Centro;2025-02-04 15:27:03;0;0;;Validado Manual;;;
MVD:WeatherObserved:00006;Estación Meteorológica - Centro;2025-02-04 15:32:03;0;0;;Validado Manual;;;
MVD:WeatherObserved:00006;Estación Meteorológica - Centro;2025-02-04 15:37:03;0;0;;Validado Manual;;;
MVD:WeatherObserved:00006;Estación Meteorológica - Centro;2025-02-04 15:42:04;0;0;;Validado Manual;;;
MVD:WeatherObserved:00006;Estación Meteorológica - Centro;2025-02-04 15:47:04;0;0;;Validado Manual;;;
MVD:WeatherObserved:00006;Estación Meteorológica - Centro;2025-02-04 15:52:04;0;0;;Validado Manual;;;
MVD:WeatherObserved:00006;Estación Meteorológica - Centro;2025-02-04 15:57:04;0;0;;Validado Manual;;;
MVD:WeatherObserved:00006;Estación Meteorológica - Centro;2025-02-04 16:02:04;0;0;;Validado Manual;;;
MVD:WeatherObserved:00006;Estación Meteorológica - Centro;2025-02-04 16:07:04;0;0;;Validado Manual;;;
MVD:WeatherObserved:00006;Estación Meteorológica - Centro;2025-02-04 16:12:04;0;0;;Validado Manual;;;
MVD:WeatherObserved:00006;Estación Meteorológica - Centro;2025-02-04 16:17:04;0;0;;Validado Manual;;;
MVD:WeatherObserved:00006;Estación Meteorológica - Centro;2025-02-04 16:22:04;0;0;;Validado Manual;;;
MVD:WeatherObserved:00006;Estación Meteorológica - Centro;2025-02-04 16:27:04;0;0;;Validado Manual;;;
MVD:WeatherObserved:00006;Estación Meteorológica - Centro;2025-02-04 16:32:04;0;0;;Validado Manual;;;
MVD:WeatherObserved:00006;Estación Meteorológica - Centro;2025-02-04 16:37:04;0;0;;Validado Manual;;;
MVD:WeatherObserved:00006;Estación Meteorológica - Centro;2025-02-04 16:42:04;0;0;;Validado Manual;;;
MVD:WeatherObserved:00006;Estación Meteorológica - Centro;2025-02-04 16:47:04;0;0;;Validado Manual;;;
MVD:WeatherObserved:00006;Estación Meteorológica - Centro;2025-02-04 16:52:04;0;0;;Validado Manual;;;
MVD:WeatherObserved:00006;Estación Meteorológica - Centro;2025-02-04 16:57:04;0;0;;Validado Manual;;;
MVD:WeatherObserved:00006;Estación Meteorológica - Centro;2025-02-04 17:02:05;0;0;;Validado Manual;;;
MVD:WeatherObserved:00006;Estación Meteorológica - Centro;2025-02-04 17:07:05;0;0;;Validado Manual;;;
MVD:WeatherObserved:00006;Estación Meteorológica - Centro;2025-02-04 17:12:05;0;0;;Validado Manual;;;
MVD:WeatherObserved:00006;Estación Meteorológica - Centro;2025-02-04 17:17:05;0;0;;Validado Manual;;;
MVD:WeatherObserved:00006;Estación Meteorológica - Centro;2025-02-04 17:22:05;0;0;;Validado Manual;;;
MVD:WeatherObserved:00006;Estación Meteorológica - Centro;2025-02-04 17:27:05;0;0;;Validado Manual;;;
MVD:WeatherObserved:00006;Estación Meteorológica - Centro;2025-02-04 17:32:05;0;0;;Validado Manual;;;
MVD:WeatherObserved:00006;Estación Meteorológica - Centro;2025-02-04 17:37:05;0;0;;Validado Manual;;;
MVD:WeatherObserved:00006;Estación Meteorológica - Centro;2025-02-04 17:42:05;0;0;;Validado Manual;;;
MVD:WeatherObserved:00006;Estación Meteorológica - Centro;2025-02-04 17:47:05;0;0;;Validado Manual;;;
MVD:WeatherObserved:00006;Estación Meteorológica - Centro;2025-02-04 17:52:05;0;0;;Validado Manual;;;
MVD:WeatherObserved:00006;Estación Meteorológica - Centro;2025-02-04 17:57:05;0;0;;Validado Manual;;;
MVD:WeatherObserved:00006;Estación Meteorológica - Centro;2025-02-04 18:02:05;0;0;;Validado Manual;;;
MVD:WeatherObserved:00006;Estación Meteorológica - Centro;2025-02-04 18:07:05;0;0;;Validado Manual;;;
MVD:WeatherObserved:00006;Estación Meteorológica - Centro;2025-02-04 18:12:05;0;0;;Validado Manual;;;
MVD:WeatherObserved:00006;Estación Meteorológica - Centro;2025-02-04 18:17:05;0;0;;Validado Manual;;;
MVD:WeatherObserved:00006;Estación Meteorológica - Centro;2025-02-04 18:22:05;0;0;;Validado Manual;;;
MVD:WeatherObserved:00006;Estación Meteorológica - Centro;2025-02-04 18:27:06;0;0;;Validado Manual;;;
MVD:WeatherObserved:00006;Estación Meteorológica - Centro;2025-02-04 18:32:06;0;0;;Validado Manual;;;
MVD:WeatherObserved:00006;Estación Meteorológica - Centro;2025-02-04 18:37:06;0;0;;Validado Manual;;;
MVD:WeatherObserved:00006;Estación Meteorológica - Centro;2025-02-04 18:42:06;0;0;;Validado Manual;;;
MVD:WeatherObserved:00006;Estación Meteorológica - Centro;2025-02-04 18:47:06;0;0;;Validado Manual;;;
MVD:WeatherObserved:00006;Estación Meteorológica - Centro;2025-02-04 18:52:06;0;0;;Validado Manual;;;
MVD:WeatherObserved:00006;Estación Meteorológica - Centro;2025-02-04 18:57:06;0;0;;Validado Manual;;;
MVD:WeatherObserved:00006;Estación Meteorológica - Centro;2025-02-04 19:02:06;0;0;;Validado Manual;;;
MVD:WeatherObserved:00006;Estación Meteorológica - Centro;2025-02-04 19:07:06;0;0;;Validado Manual;;;
MVD:WeatherObserved:00006;Estación Meteorológica - Centro;2025-02-04 19:12:06;0;0;;Validado Manual;;;
MVD:WeatherObserved:00006;Estación Meteorológica - Centro;2025-02-04 19:17:06;0;0;;Validado Manual;;;
MVD:WeatherObserved:00006;Estación Meteorológica - Centro;2025-02-04 19:22:06;0;0;;Validado Manual;;;
MVD:WeatherObserved:00006;Estación Meteorológica - Centro;2025-02-04 19:27:06;0;0;;Validado Manual;;;
MVD:WeatherObserved:00006;Estación Meteorológica - Centro;2025-02-04 19:32:06;0;0;;Validado Manual;;;
MVD:WeatherObserved:00006;Estación Meteorológica - Centro;2025-02-04 19:37:06;0;0;;Validado Manual;;;
MVD:WeatherObserved:00006;Estación Meteorológica - Centro;2025-02-04 19:42:06;0;0;;Validado Manual;;;
MVD:WeatherObserved:00006;Estación Meteorológica - Centro;2025-02-04 19:47:07;0;0;;Validado Manual;;;
MVD:WeatherObserved:00006;Estación Meteorológica - Centro;2025-02-04 19:52:07;0;0;;Validado Manual;;;
MVD:WeatherObserved:00006;Estación Meteorológica - Centro;2025-02-04 19:57:07;0;0;;Validado Manual;;;
MVD:WeatherObserved:00006;Estación Meteorológica - Centro;2025-02-04 20:02:07;0;0;;Validado Manual;;;
MVD:WeatherObserved:00006;Estación Meteorológica - Centro;2025-02-04 20:07:07;0;0;;Validado Manual;;;
MVD:WeatherObserved:00006;Estación Meteorológica - Centro;2025-02-04 20:12:07;0;0;;Validado Manual;;;
MVD:WeatherObserved:00006;Estación Meteorológica - Centro;2025-02-04 20:17:07;0;0;;Validado Manual;;;
MVD:WeatherObserved:00006;Estación Meteorológica - Centro;2025-02-04 20:22:07;0;0;;Validado Manual;;;
MVD:WeatherObserved:00006;Estación Meteorológica - Centro;2025-02-04 20:27:07;0;0;;Validado Manual;;;
MVD:WeatherObserved:00006;Estación Meteorológica - Centro;2025-02-04 20:32:07;0;0;;Validado Manual;;;
MVD:WeatherObserved:00006;Estación Meteorológica - Centro;2025-02-04 20:37:07;0;0;;Validado Manual;;;
MVD:WeatherObserved:00006;Estación Meteorológica - Centro;2025-02-04 20:42:07;0;0;;Validado Manual;;;
MVD:WeatherObserved:00006;Estación Meteorológica - Centro;2025-02-04 20:47:07;0;0;;Validado Manual;;;
MVD:WeatherObserved:00006;Estación Meteorológica - Centro;2025-02-04 20:52:08;0;0;;Validado Manual;;;
MVD:WeatherObserved:00006;Estación Meteorológica - Centro;2025-02-04 20:57:08;0;0;;Validado Manual;;;
MVD:WeatherObserved:00006;Estación Meteorológica - Centro;2025-02-04 21:02:08;0;0;;Validado Manual;;;
MVD:WeatherObserved:00006;Estación Meteorológica - Centro;2025-02-04 21:07:08;0;0;;Validado Manual;;;
MVD:WeatherObserved:00006;Estación Meteorológica - Centro;2025-02-04 21:12:08;0;0;;Validado Manual;;;
MVD:WeatherObserved:00006;Estación Meteorológica - Centro;2025-02-04 21:17:08;0;0;;Validado Manual;;;
MVD:WeatherObserved:00006;Estación Meteorológica - Centro;2025-02-04 21:22:08;0;0;;Validado Manual;;;
MVD:WeatherObserved:00006;Estación Meteorológica - Centro;2025-02-04 21:27:08;0;0;;Validado Manual;;;
MVD:WeatherObserved:00006;Estación Meteorológica - Centro;2025-02-04 21:32:08;0;0;;Validado Manual;;;
MVD:WeatherObserved:00006;Estación Meteorológica - Centro;2025-02-04 21:37:08;0;0;;Validado Manual;;;
MVD:WeatherObserved:00006;Estación Meteorológica - Centro;2025-02-04 21:42:08;0;0;;Validado Manual;;;
MVD:WeatherObserved:00006;Estación Meteorológica - Centro;2025-02-04 21:47:08;0;0;;Validado Manual;;;
MVD:WeatherObserved:00006;Estación Meteorológica - Centro;2025-02-04 21:52:08;0;0;;Validado Manual;;;
MVD:WeatherObserved:00006;Estación Meteorológica - Centro;2025-02-04 21:57:08;0;0;;Validado Manual;;;
MVD:WeatherObserved:00006;Estación Meteorológica - Centro;2025-02-04 22:02:09;0;0;;Validado Manual;;;
MVD:WeatherObserved:00006;Estación Meteorológica - Centro;2025-02-04 22:07:09;0;0;;Validado Manual;;;
MVD:WeatherObserved:00006;Estación Meteorológica - Centro;2025-02-04 22:12:09;0;0;;Validado Manual;;;
MVD:WeatherObserved:00006;Estación Meteorológica - Centro;2025-02-04 22:17:09;0;0;;Validado Manual;;;
MVD:WeatherObserved:00006;Estación Meteorológica - Centro;2025-02-04 22:22:09;0;0;;Validado Manual;;;
MVD:WeatherObserved:00006;Estación Meteorológica - Centro;2025-02-04 22:27:09;0;0;;Validado Manual;;;
MVD:WeatherObserved:00006;Estación Meteorológica - Centro;2025-02-04 22:32:09;0;0;;Validado Manual;;;
MVD:WeatherObserved:00006;Estación Meteorológica - Centro;2025-02-04 22:37:09;0;0;;Validado Manual;;;
MVD:WeatherObserved:00006;Estación Meteorológica - Centro;2025-02-04 22:42:09;0;0;;Validado Manual;;;
MVD:WeatherObserved:00006;Estación Meteorológica - Centro;2025-02-04 22:47:09;0;0;;Validado Manual;;;
MVD:WeatherObserved:00006;Estación Meteorológica - Centro;2025-02-04 22:52:09;0;0;;Validado Manual;;;
MVD:WeatherObserved:00006;Estación Meteorológica - Centro;2025-02-04 22:57:09;0;0;;Validado Manual;;;
MVD:WeatherObserved:00006;Estación Meteorológica - Centro;2025-02-04 23:02:09;0;0;;Validado Manual;;;
MVD:WeatherObserved:00006;Estación Meteorológica - Centro;2025-02-04 23:07:09;0;0;;Validado Manual;;;
MVD:WeatherObserved:00006;Estación Meteorológica - Centro;2025-02-04 23:12:10;0;0;;Validado Manual;;;
MVD:WeatherObserved:00006;Estación Meteorológica - Centro;2025-02-04 23:17:10;0;0;;Validado Manual;;;
MVD:WeatherObserved:00006;Estación Meteorológica - Centro;2025-02-04 23:22:10;0;0;;Validado Manual;;;
MVD:WeatherObserved:00006;Estación Meteorológica - Centro;2025-02-04 23:27:10;0;0;;Validado Manual;;;
MVD:WeatherObserved:00006;Estación Meteorológica - Centro;2025-02-04 23:32:10;0;0;;Validado Manual;;;
MVD:WeatherObserved:00006;Estación Meteorológica - Centro;2025-02-04 23:37:10;0;0;;Validado Manual;;;
MVD:WeatherObserved:00006;Estación Meteorológica - Centro;2025-02-04 23:42:10;0;0;;Validado Manual;;;
MVD:WeatherObserved:00006;Estación Meteorológica - Centro;2025-02-04 23:47:10;0;0;;Validado Manual;;;
MVD:WeatherObserved:00006;Estación Meteorológica - Centro;2025-02-04 23:52:10;0;0;;Validado Manual;;;
MVD:WeatherObserved:00006;Estación Meteorológica - Centro;2025-02-04 23:57:10;0;0;;Validado Manual;;;
MVD:WeatherObserved:00006;Estación Meteorológica - Centro;2025-02-05 00:02:10;0;0;;Validado Manual;;;
MVD:WeatherObserved:00006;Estación Meteorológica - Centro;2025-02-05 00:07:10;0;0;;Validado Manual;;;
MVD:WeatherObserved:00006;Estación Meteorológica - Centro;2025-02-05 00:12:11;0;0;;Validado Manual;;;
MVD:WeatherObserved:00006;Estación Meteorológica - Centro;2025-02-05 00:17:11;0;0;;Validado Manual;;;
MVD:WeatherObserved:00006;Estación Meteorológica - Centro;2025-02-05 00:22:11;0;0;;Validado Manual;;;
MVD:WeatherObserved:00006;Estación Meteorológica - Centro;2025-02-05 00:27:11;0;0;;Validado Manual;;;
MVD:WeatherObserved:00006;Estación Meteorológica - Centro;2025-02-05 00:32:11;0;0;;Validado Manual;;;
MVD:WeatherObserved:00006;Estación Meteorológica - Centro;2025-02-05 00:37:11;0;0;;Validado Manual;;;
MVD:WeatherObserved:00006;Estación Meteorológica - Centro;2025-02-05 00:42:11;0;0;;Validado Manual;;;
MVD:WeatherObserved:00006;Estación Meteorológica - Centro;2025-02-05 00:47:11;0;0;;Validado Manual;;;
MVD:WeatherObserved:00006;Estación Meteorológica - Centro;2025-02-05 00:52:11;0;0;;Validado Manual;;;
MVD:WeatherObserved:00006;Estación Meteorológica - Centro;2025-02-05 00:57:11;0;0;;Validado Manual;;;
MVD:WeatherObserved:00006;Estación Meteorológica - Centro;2025-02-05 01:02:11;0;0;;Validado Manual;;;
MVD:WeatherObserved:00006;Estación Meteorológica - Centro;2025-02-05 01:07:11;0;0;;Validado Manual;;;
MVD:WeatherObserved:00006;Estación Meteorológica - Centro;2025-02-05 01:12:11;0;0;;Validado Manual;;;
MVD:WeatherObserved:00006;Estación Meteorológica - Centro;2025-02-05 01:17:12;0;0;;Validado Manual;;;
MVD:WeatherObserved:00006;Estación Meteorológica - Centro;2025-02-05 01:22:12;0;0;;Validado Manual;;;
MVD:WeatherObserved:00006;Estación Meteorológica - Centro;2025-02-05 01:27:12;0;0;;Validado Manual;;;
MVD:WeatherObserved:00006;Estación Meteorológica - Centro;2025-02-05 01:32:12;0;0;;Validado Manual;;;
MVD:WeatherObserved:00006;Estación Meteorológica - Centro;2025-02-05 01:37:12;0;0;;Validado Manual;;;
MVD:WeatherObserved:00006;Estación Meteorológica - Centro;2025-02-05 01:42:12;0;0;;Validado Manual;;;
MVD:WeatherObserved:00006;Estación Meteorológica - Centro;2025-02-05 01:47:12;0;0;;Validado Manual;;;
MVD:WeatherObserved:00006;Estación Meteorológica - Centro;2025-02-05 01:52:12;0;0;;Validado Manual;;;
MVD:WeatherObserved:00006;Estación Meteorológica - Centro;2025-02-05 01:57:12;0;0;;Validado Manual;;;
MVD:WeatherObserved:00006;Estación Meteorológica - Centro;2025-02-05 02:02:13;0;0;;Validado Manual;;;
MVD:WeatherObserved:00006;Estación Meteorológica - Centro;2025-02-05 02:07:12;0;0;;Validado Manual;;;
MVD:WeatherObserved:00006;Estación Meteorológica - Centro;2025-02-05 02:12:12;0;0;;Validado Manual;;;
MVD:WeatherObserved:00006;Estación Meteorológica - Centro;2025-02-05 02:17:12;0;0;;Validado Manual;;;
MVD:WeatherObserved:00006;Estación Meteorológica - Centro;2025-02-05 02:22:12;0;0;;Validado Manual;;;
MVD:WeatherObserved:00006;Estación Meteorológica - Centro;2025-02-05 02:27:13;0;0;;Validado Manual;;;
MVD:WeatherObserved:00006;Estación Meteorológica - Centro;2025-02-05 02:32:13;0;0;;Validado Manual;;;
MVD:WeatherObserved:00006;Estación Meteorológica - Centro;2025-02-05 02:37:13;0;0;;Validado Manual;;;
MVD:WeatherObserved:00006;Estación Meteorológica - Centro;2025-02-05 02:42:13;0;0;;Validado Manual;;;
MVD:WeatherObserved:00006;Estación Meteorológica - Centro;2025-02-05 02:47:13;0;0;;Validado Manual;;;
MVD:WeatherObserved:00006;Estación Meteorológica - Centro;2025-02-05 02:52:13;0;0;;Validado Manual;;;
MVD:WeatherObserved:00006;Estación Meteorológica - Centro;2025-02-05 02:57:13;0;0;;Validado Manual;;;
MVD:WeatherObserved:00006;Estación Meteorológica - Centro;2025-02-05 03:02:13;0;0;;Validado Manual;;;
MVD:WeatherObserved:00006;Estación Meteorológica - Centro;2025-02-05 03:07:13;0;0;;Validado Manual;;;
MVD:WeatherObserved:00006;Estación Meteorológica - Centro;2025-02-05 03:12:13;0;0;;Validado Manual;;;
MVD:WeatherObserved:00006;Estación Meteorológica - Centro;2025-02-05 03:17:13;0;0;;Validado Manual;;;
MVD:WeatherObserved:00006;Estación Meteorológica - Centro;2025-02-05 03:22:13;0;0;;Validado Manual;;;
MVD:WeatherObserved:00006;Estación Meteorológica - Centro;2025-02-05 03:27:13;0;0;;Validado Manual;;;
MVD:WeatherObserved:00006;Estación Meteorológica - Centro;2025-02-05 03:32:13;0;0;;Validado Manual;;;
MVD:WeatherObserved:00006;Estación Meteorológica - Centro;2025-02-05 03:37:14;0;0;;Validado Manual;;;
MVD:WeatherObserved:00006;Estación Meteorológica - Centro;2025-02-05 03:42:14;0;0;;Validado Manual;;;
MVD:WeatherObserved:00006;Estación Meteorológica - Centro;2025-02-05 03:47:14;0;0;;Validado Manual;;;
MVD:WeatherObserved:00006;Estación Meteorológica - Centro;2025-02-05 03:52:14;0;0;;Validado Manual;;;
MVD:WeatherObserved:00006;Estación Meteorológica - Centro;2025-02-05 03:57:14;0;0;;Validado Manual;;;
MVD:WeatherObserved:00006;Estación Meteorológica - Centro;2025-02-05 04:02:14;0;0;;Validado Manual;;;
MVD:WeatherObserved:00006;Estación Meteorológica - Centro;2025-02-05 04:07:14;0;0;;Validado Manual;;;
MVD:WeatherObserved:00006;Estación Meteorológica - Centro;2025-02-05 04:12:14;0;0;;Validado Manual;;;
MVD:WeatherObserved:00006;Estación Meteorológica - Centro;2025-02-05 04:17:14;0;0;;Validado Manual;;;
MVD:WeatherObserved:00006;Estación Meteorológica - Centro;2025-02-05 04:22:14;0;0;;Validado Manual;;;
MVD:WeatherObserved:00006;Estación Meteorológica - Centro;2025-02-05 04:27:14;0;0;;Validado Manual;;;
MVD:WeatherObserved:00006;Estación Meteorológica - Centro;2025-02-05 04:32:14;0;0;;Validado Manual;;;
MVD:WeatherObserved:00006;Estación Meteorológica - Centro;2025-02-05 04:37:14;0;0;;Validado Manual;;;
MVD:WeatherObserved:00006;Estación Meteorológica - Centro;2025-02-05 04:42:14;0;0;;Validado Manual;;;
MVD:WeatherObserved:00006;Estación Meteorológica - Centro;2025-02-05 04:47:14;0;0;;Validado Manual;;;
MVD:WeatherObserved:00006;Estación Meteorológica - Centro;2025-02-05 04:52:14;0;0;;Validado Manual;;;
MVD:WeatherObserved:00006;Estación Meteorológica - Centro;2025-02-05 04:57:14;0;0;;Validado Manual;;;
MVD:WeatherObserved:00006;Estación Meteorológica - Centro;2025-02-05 05:02:15;0;0;;Validado Manual;;;
MVD:WeatherObserved:00006;Estación Meteorológica - Centro;2025-02-05 05:07:15;0;0;;Validado Manual;;;
MVD:WeatherObserved:00006;Estación Meteorológica - Centro;2025-02-05 05:12:15;0;0;;Validado Manual;;;
MVD:WeatherObserved:00006;Estación Meteorológica - Centro;2025-02-05 05:17:15;0;0;;Validado Manual;;;
MVD:WeatherObserved:00006;Estación Meteorológica - Centro;2025-02-05 05:22:15;0;0;;Validado Manual;;;
MVD:WeatherObserved:00006;Estación Meteorológica - Centro;2025-02-05 05:27:15;0;0;;Validado Manual;;;
MVD:WeatherObserved:00006;Estación Meteorológica - Centro;2025-02-05 05:32:15;0;0;;Validado Manual;;;
MVD:WeatherObserved:00006;Estación Meteorológica - Centro;2025-02-05 05:37:15;0;0;;Validado Manual;;;
MVD:WeatherObserved:00006;Estación Meteorológica - Centro;2025-02-05 05:42:15;0;0;;Validado Manual;;;
MVD:WeatherObserved:00006;Estación Meteorológica - Centro;2025-02-05 05:47:15;0;0;;Validado Manual;;;
MVD:WeatherObserved:00006;Estación Meteorológica - Centro;2025-02-05 05:52:15;0;0;;Validado Manual;;;
MVD:WeatherObserved:00006;Estación Meteorológica - Centro;2025-02-05 05:57:15;0;0;;Validado Manual;;;
MVD:WeatherObserved:00006;Estación Meteorológica - Centro;2025-02-05 06:02:15;0;0;;Validado Manual;;;
MVD:WeatherObserved:00006;Estación Meteorológica - Centro;2025-02-05 06:07:15;0;0;;Validado Manual;;;
MVD:WeatherObserved:00006;Estación Meteorológica - Centro;2025-02-05 06:12:15;0;0;;Validado Manual;;;
MVD:WeatherObserved:00006;Estación Meteorológica - Centro;2025-02-05 06:17:15;0;0;;Validado Manual;;;
MVD:WeatherObserved:00006;Estación Meteorológica - Centro;2025-02-05 06:22:16;0;0;;Validado Manual;;;
MVD:WeatherObserved:00006;Estación Meteorológica - Centro;2025-02-05 06:27:16;0;0;;Validado Manual;;;
MVD:WeatherObserved:00006;Estación Meteorológica - Centro;2025-02-05 06:32:16;0;0;;Validado Manual;;;
MVD:WeatherObserved:00006;Estación Meteorológica - Centro;2025-02-05 06:37:16;0;0;;Validado Manual;;;
MVD:WeatherObserved:00006;Estación Meteorológica - Centro;2025-02-05 06:42:16;0;0;;Validado Manual;;;
MVD:WeatherObserved:00006;Estación Meteorológica - Centro;2025-02-05 06:47:16;0;0;;Validado Manual;;;
MVD:WeatherObserved:00006;Estación Meteorológica - Centro;2025-02-05 06:52:16;0;0;;Validado Manual;;;
MVD:WeatherObserved:00006;Estación Meteorológica - Centro;2025-02-05 06:57:16;0;0;;Validado Manual;;;
MVD:WeatherObserved:00006;Estación Meteorológica - Centro;2025-02-05 07:02:16;0;0;;Validado Manual;;;
MVD:WeatherObserved:00006;Estación Meteorológica - Centro;2025-02-05 07:07:16;0;0;;Validado Manual;;;
MVD:WeatherObserved:00006;Estación Meteorológica - Centro;2025-02-05 07:12:16;0;0;;Validado Manual;;;
MVD:WeatherObserved:00006;Estación Meteorológica - Centro;2025-02-05 07:17:16;0;0;;Validado Manual;;;
MVD:WeatherObserved:00006;Estación Meteorológica - Centro;2025-02-05 07:22:16;0;0;;Validado Manual;;;
MVD:WeatherObserved:00006;Estación Meteorológica - Centro;2025-02-05 07:27:17;0;0;;Validado Manual;;;
MVD:WeatherObserved:00006;Estación Meteorológica - Centro;2025-02-05 07:32:17;0;0;;Validado Manual;;;
MVD:WeatherObserved:00006;Estación Meteorológica - Centro;2025-02-05 07:37:17;0;0;;Validado Manual;;;
MVD:WeatherObserved:00006;Estación Meteorológica - Centro;2025-02-05 07:42:17;0;0;;Validado Manual;;;
MVD:WeatherObserved:00006;Estación Meteorológica - Centro;2025-02-05 07:47:17;0;0;;Validado Manual;;;
MVD:WeatherObserved:00006;Estación Meteorológica - Centro;2025-02-05 07:52:17;0;0;;Validado Manual;;;
MVD:WeatherObserved:00006;Estación Meteorológica - Centro;2025-02-05 07:57:17;0;0;;Validado Manual;;;
MVD:WeatherObserved:00006;Estación Meteorológica - Centro;2025-02-05 08:02:17;0;0;;Validado Manual;;;
MVD:WeatherObserved:00006;Estación Meteorológica - Centro;2025-02-05 08:07:17;0;0;;Validado Manual;;;
MVD:WeatherObserved:00006;Estación Meteorológica - Centro;2025-02-05 08:12:17;0;0;;Validado Manual;;;
MVD:WeatherObserved:00006;Estación Meteorológica - Centro;2025-02-05 08:17:17;0;0;;Validado Manual;;;
MVD:WeatherObserved:00006;Estación Meteorológica - Centro;2025-02-05 08:22:17;0;0;;Validado Manual;;;
MVD:WeatherObserved:00006;Estación Meteorológica - Centro;2025-02-05 08:27:18;0;0;;Validado Manual;;;
MVD:WeatherObserved:00006;Estación Meteorológica - Centro;2025-02-05 08:32:18;0;0;;Validado Manual;;;
MVD:WeatherObserved:00006;Estación Meteorológica - Centro;2025-02-05 08:37:18;0;0;;Validado Manual;;;
MVD:WeatherObserved:00006;Estación Meteorológica - Centro;2025-02-05 08:42:18;0;0;;Validado Manual;;;
MVD:WeatherObserved:00006;Estación Meteorológica - Centro;2025-02-05 08:47:18;0;0;;Validado Manual;;;
MVD:WeatherObserved:00006;Estación Meteorológica - Centro;2025-02-05 08:52:18;0,76;0,76;0,76;Validado Manual;;;
MVD:WeatherObserved:00006;Estación Meteorológica - Centro;2025-02-05 08:57:18;0,76;0,76;0,76;Validado Manual;;;
MVD:WeatherObserved:00006;Estación Meteorológica - Centro;2025-02-05 09:02:18;0,76;0,76;0,76;Validado Manual;;;
MVD:WeatherObserved:00006;Estación Meteorológica - Centro;2025-02-05 09:07:18;1,02;1,02;1,02;Validado Manual;;;
MVD:WeatherObserved:00006;Estación Meteorológica - Centro;2025-02-05 09:12:18;1,02;1,02;1,02;Validado Manual;;;
MVD:WeatherObserved:00006;Estación Meteorológica - Centro;2025-02-05 09:17:18;2,03;2,03;2,03;Validado Manual;;;
MVD:WeatherObserved:00006;Estación Meteorológica - Centro;2025-02-05 09:22:18;2,29;2,29;2,29;Validado Manual;;;
MVD:WeatherObserved:00006;Estación Meteorológica - Centro;2025-02-05 09:27:18;2,54;2,54;2,54;Validado Manual;;;
MVD:WeatherObserved:00006;Estación Meteorológica - Centro;2025-02-05 09:32:18;2,79;2,79;2,79;Validado Manual;;;
MVD:WeatherObserved:00006;Estación Meteorológica - Centro;2025-02-05 09:37:18;3,05;3,05;3,05;Validado Manual;;;
MVD:WeatherObserved:00006;Estación Meteorológica - Centro;2025-02-05 09:42:19;3,3;3,3;3,3;Validado Manual;;;
MVD:WeatherObserved:00006;Estación Meteorológica - Centro;2025-02-05 09:47:19;3,56;3,56;3,56;Validado Manual;;;
MVD:WeatherObserved:00006;Estación Meteorológica - Centro;2025-02-05 09:52:20;3,56;3,56;3,56;Validado Manual;;;
MVD:WeatherObserved:00006;Estación Meteorológica - Centro;2025-02-05 09:57:19;4,06;4,06;4,06;Validado Manual;;;
MVD:WeatherObserved:00006;Estación Meteorológica - Centro;2025-02-05 10:02:19;4,06;4,06;4,06;Validado Manual;;;
MVD:WeatherObserved:00006;Estación Meteorológica - Centro;2025-02-05 10:07:19;4,32;4,32;4,32;Validado Manual;;;
MVD:WeatherObserved:00006;Estación Meteorológica - Centro;2025-02-05 10:12:19;4,32;4,32;4,32;Validado Manual;;;
MVD:WeatherObserved:00006;Estación Meteorológica - Centro;2025-02-05 10:17:19;4,32;4,32;4,32;Validado Manual;;;
MVD:WeatherObserved:00006;Estación Meteorológica - Centro;2025-02-05 10:22:19;4,57;4,57;4,57;Validado Manual;;;
MVD:WeatherObserved:00006;Estación Meteorológica - Centro;2025-02-05 10:27:19;4,57;4,57;4,57;Validado Manual;;;
MVD:WeatherObserved:00006;Estación Meteorológica - Centro;2025-02-05 10:32:19;4,83;4,83;4,83;Validado Manual;;;
MVD:WeatherObserved:00006;Estación Meteorológica - Centro;2025-02-05 10:37:19;4,83;4,83;4,83;Validado Manual;;;
MVD:WeatherObserved:00006;Estación Meteorológica - Centro;2025-02-05 10:42:19;5,08;5,08;5,08;Validado Manual;;;
MVD:WeatherObserved:00006;Estación Meteorológica - Centro;2025-02-05 10:47:41;5,33;5,33;5,33;Validado Manual;;;
MVD:WeatherObserved:00006;Estación Meteorológica - Centro;2025-02-05 10:52:19;5,59;5,59;5,59;Validado Manual;;;
MVD:WeatherObserved:00006;Estación Meteorológica - Centro;2025-02-05 10:57:20;5,59;5,59;5,59;Validado Manual;;;
MVD:WeatherObserved:00006;Estación Meteorológica - Centro;2025-02-05 11:02:20;5,84;5,84;5,84;Validado Manual;;;
MVD:WeatherObserved:00006;Estación Meteorológica - Centro;2025-02-05 11:07:20;6,1;6,1;6,1;Validado Manual;;;
MVD:WeatherObserved:00006;Estación Meteorológica - Centro;2025-02-05 11:12:20;6,35;6,35;6,35;Validado Manual;;;
MVD:WeatherObserved:00006;Estación Meteorológica - Centro;2025-02-05 11:17:20;6,86;6,86;6,86;Validado Manual;;;
MVD:WeatherObserved:00006;Estación Meteorológica - Centro;2025-02-05 11:22:20;7,11;7,11;7,11;Validado Manual;;;
MVD:WeatherObserved:00006;Estación Meteorológica - Centro;2025-02-05 11:27:20;7,37;7,37;7,37;Validado Manual;;;
MVD:WeatherObserved:00006;Estación Meteorológica - Centro;2025-02-05 11:37:20;7,87;7,87;7,87;Validado Manual;;;
MVD:WeatherObserved:00006;Estación Meteorológica - Centro;2025-02-05 11:42:20;8,13;8,13;8,13;Validado Manual;;;
MVD:WeatherObserved:00006;Estación Meteorológica - Centro;2025-02-05 11:47:20;8,38;8,38;8,38;Validado Manual;;;
MVD:WeatherObserved:00006;Estación Meteorológica - Centro;2025-02-05 11:52:20;8,89;8,89;8,89;Validado Manual;;;
MVD:WeatherObserved:00006;Estación Meteorológica - Centro;2025-02-05 11:57:20;8,89;8,89;8,89;Validado Manual;;;
MVD:WeatherObserved:00006;Estación Meteorológica - Centro;2025-02-05 12:02:20;9,14;9,14;9,14;Validado Manual;;;
MVD:WeatherObserved:00006;Estación Meteorológica - Centro;2025-02-05 12:07:21;9,14;9,14;9,14;Validado Manual;;;
MVD:WeatherObserved:00006;Estación Meteorológica - Centro;2025-02-05 12:12:21;9,14;9,14;9,14;Validado Manual;;;
MVD:WeatherObserved:00006;Estación Meteorológica - Centro;2025-02-05 12:17:21;9,4;9,4;9,4;Validado Manual;;;
MVD:WeatherObserved:00006;Estación Meteorológica - Centro;2025-02-05 12:22:21;9,4;9,4;9,4;Validado Manual;;;
MVD:WeatherObserved:00006;Estación Meteorológica - Centro;2025-02-05 12:27:21;9,65;9,65;9,65;Validado Manual;;;
MVD:WeatherObserved:00006;Estación Meteorológica - Centro;2025-02-05 12:32:21;9,65;9,65;9,65;Validado Manual;;;
MVD:WeatherObserved:00006;Estación Meteorológica - Centro;2025-02-05 12:37:21;9,91;9,91;9,91;Validado Manual;;;
MVD:WeatherObserved:00006;Estación Meteorológica - Centro;2025-02-05 12:42:21;9,91;9,91;9,91;Validado Manual;;;
MVD:WeatherObserved:00006;Estación Meteorológica - Centro;2025-02-05 12:47:21;10,16;10,16;10,16;Validado Manual;;;
MVD:WeatherObserved:00006;Estación Meteorológica - Centro;2025-02-05 12:52:21;10,41;10,41;10,41;Validado Manual;;;
MVD:WeatherObserved:00006;Estación Meteorológica - Centro;2025-02-05 12:57:21;10,67;10,67;10,67;Validado Manual;;;
MVD:WeatherObserved:00006;Estación Meteorológica - Centro;2025-02-05 13:02:21;10,67;10,67;10,67;Validado Manual;;;
MVD:WeatherObserved:00006;Estación Meteorológica - Centro;2025-02-05 13:07:21;10,67;10,67;10,67;Validado Manual;;;
MVD:WeatherObserved:00006;Estación Meteorológica - Centro;2025-02-05 13:12:21;10,92;10,92;10,92;Validado Manual;;;
MVD:WeatherObserved:00006;Estación Meteorológica - Centro;2025-02-05 13:17:21;10,92;10,92;10,92;Validado Manual;;;
MVD:WeatherObserved:00006;Estación Meteorológica - Centro;2025-02-05 13:22:21;11,18;11,18;11,18;Validado Manual;;;
MVD:WeatherObserved:00006;Estación Meteorológica - Centro;2025-02-05 13:27:21;11,18;11,18;11,18;Validado Manual;;;
MVD:WeatherObserved:00006;Estación Meteorológica - Centro;2025-02-05 13:32:21;11,18;11,18;11,18;Validado Manual;;;
MVD:WeatherObserved:00006;Estación Meteorológica - Centro;2025-02-05 13:37:22;11,18;11,18;11,18;Validado Manual;;;
MVD:WeatherObserved:00006;Estación Meteorológica - Centro;2025-02-05 13:42:22;11,43;11,43;11,43;Validado Manual;;;
MVD:WeatherObserved:00006;Estación Meteorológica - Centro;2025-02-05 13:47:22;11,43;11,43;11,43;Validado Manual;;;
MVD:WeatherObserved:00006;Estación Meteorológica - Centro;2025-02-05 13:52:22;11,43;11,43;11,43;Validado Manual;;;
MVD:WeatherObserved:00006;Estación Meteorológica - Centro;2025-02-05 13:57:22;11,68;11,68;11,68;Validado Manual;;;
MVD:WeatherObserved:00006;Estación Meteorológica - Centro;2025-02-05 14:02:22;11,68;11,68;11,68;Validado Manual;;;
MVD:WeatherObserved:00006;Estación Meteorológica - Centro;2025-02-05 14:07:22;11,68;11,68;11,68;Validado Manual;;;
MVD:WeatherObserved:00006;Estación Meteorológica - Centro;2025-02-05 14:12:22;11,94;11,94;11,94;Validado Manual;;;
MVD:WeatherObserved:00006;Estación Meteorológica - Centro;2025-02-05 14:17:22;12,19;12,19;12,19;Validado Manual;;;
MVD:WeatherObserved:00006;Estación Meteorológica - Centro;2025-02-05 14:22:22;12,45;12,45;12,45;Validado Manual;;;
MVD:WeatherObserved:00006;Estación Meteorológica - Centro;2025-02-05 14:27:22;12,7;12,7;12,7;Validado Manual;;;
MVD:WeatherObserved:00006;Estación Meteorológica - Centro;2025-02-05 14:32:22;12,95;12,95;12,95;Validado Manual;;;
MVD:WeatherObserved:00006;Estación Meteorológica - Centro;2025-02-05 14:37:22;12,95;12,95;12,95;Validado Manual;;;
MVD:WeatherObserved:00006;Estación Meteorológica - Centro;2025-02-05 14:42:22;13,46;13,46;13,46;Validado Manual;;;
MVD:WeatherObserved:00006;Estación Meteorológica - Centro;2025-02-05 14:47:22;14,22;14,22;14,22;Validado Manual;;;
MVD:WeatherObserved:00006;Estación Meteorológica - Centro;2025-02-05 14:52:22;14,99;14,99;14,99;Validado Manual;;;
MVD:WeatherObserved:00006;Estación Meteorológica - Centro;2025-02-05 14:57:23;15,75;15,75;15,75;Validado Manual;;;
MVD:WeatherObserved:00006;Estación Meteorológica - Centro;2025-02-05 15:02:23;16;16;16;Validado Manual;;;
MVD:WeatherObserved:00006;Estación Meteorológica - Centro;2025-02-05 15:07:23;16;16;16;Validado Manual;;;
MVD:WeatherObserved:00006;Estación Meteorológica - Centro;2025-02-05 15:12:23;16,26;16,26;16,26;Validado Manual;;;
MVD:WeatherObserved:00006;Estación Meteorológica - Centro;2025-02-05 15:17:23;16,51;16,51;16,51;Validado Manual;;;
MVD:WeatherObserved:00006;Estación Meteorológica - Centro;2025-02-05 15:22:23;16,76;16,76;16,76;Validado Manual;;;
MVD:WeatherObserved:00006;Estación Meteorológica - Centro;2025-02-05 15:27:23;17,02;17,02;17,02;Validado Manual;;;
MVD:WeatherObserved:00006;Estación Meteorológica - Centro;2025-02-05 15:32:23;17,27;17,27;17,27;Validado Manual;;;
MVD:WeatherObserved:00006;Estación Meteorológica - Centro;2025-02-05 15:37:23;17,27;17,27;17,27;Validado Manual;;;
MVD:WeatherObserved:00006;Estación Meteorológica - Centro;2025-02-05 15:42:23;17,53;17,53;17,53;Validado Manual;;;
MVD:WeatherObserved:00006;Estación Meteorológica - Centro;2025-02-05 15:47:23;17,78;17,78;17,78;Validado Manual;;;
MVD:WeatherObserved:00006;Estación Meteorológica - Centro;2025-02-05 15:52:23;18,03;18,03;18,03;Validado Manual;;;
MVD:WeatherObserved:00006;Estación Meteorológica - Centro;2025-02-05 15:57:23;18,03;18,03;18,03;Validado Manual;;;
MVD:WeatherObserved:00006;Estación Meteorológica - Centro;2025-02-05 16:02:23;18,03;18,03;18,03;Validado Manual;;;
MVD:WeatherObserved:00006;Estación Meteorológica - Centro;2025-02-05 16:07:23;18,03;18,03;18,03;Validado Manual;;;
MVD:WeatherObserved:00006;Estación Meteorológica - Centro;2025-02-05 16:12:23;18,29;18,29;18,29;Validado Manual;;;
MVD:WeatherObserved:00006;Estación Meteorológica - Centro;2025-02-05 16:17:23;18,54;18,54;18,54;Validado Manual;;;
MVD:WeatherObserved:00006;Estación Meteorológica - Centro;2025-02-05 16:22:23;18,54;18,54;18,54;Validado Manual;;;
MVD:WeatherObserved:00006;Estación Meteorológica - Centro;2025-02-05 16:27:23;18,54;18,54;18,54;Validado Manual;;;
MVD:WeatherObserved:00006;Estación Meteorológica - Centro;2025-02-05 16:32:24;18,54;18,54;18,54;Validado Manual;;;
MVD:WeatherObserved:00006;Estación Meteorológica - Centro;2025-02-05 16:37:24;18,54;18,54;18,54;Validado Manual;;;
MVD:WeatherObserved:00006;Estación Meteorológica - Centro;2025-02-05 16:42:24;18,8;18,8;18,8;Validado Manual;;;
MVD:WeatherObserved:00006;Estación Meteorológica - Centro;2025-02-05 16:47:24;18,8;18,8;18,8;Validado Manual;;;
MVD:WeatherObserved:00006;Estación Meteorológica - Centro;2025-02-05 16:52:24;18,8;18,8;18,8;Validado Manual;;;
MVD:WeatherObserved:00006;Estación Meteorológica - Centro;2025-02-05 16:57:24;19,05;19,05;19,05;Validado Manual;;;
MVD:WeatherObserved:00006;Estación Meteorológica - Centro;2025-02-05 17:02:24;19,56;19,56;19,56;Validado Manual;;;
MVD:WeatherObserved:00006;Estación Meteorológica - Centro;2025-02-05 17:07:24;20,07;20,07;20,07;Validado Manual;;;
MVD:WeatherObserved:00006;Estación Meteorológica - Centro;2025-02-05 17:12:24;22,1;22,1;22,1;Validado Manual;;;
MVD:WeatherObserved:00006;Estación Meteorológica - Centro;2025-02-05 17:17:24;23,62;23,62;23,62;Validado Manual;;;
MVD:WeatherObserved:00006;Estación Meteorológica - Centro;2025-02-05 17:22:24;24,38;24,38;24,38;Validado Manual;;;
MVD:WeatherObserved:00006;Estación Meteorológica - Centro;2025-02-05 17:27:24;24,64;24,64;24,64;Validado Manual;;;
MVD:WeatherObserved:00006;Estación Meteorológica - Centro;2025-02-05 17:32:24;24,64;24,64;24,64;Validado Manual;;;
MVD:WeatherObserved:00006;Estación Meteorológica - Centro;2025-02-05 17:37:25;24,64;24,64;24,64;Validado Manual;;;
MVD:WeatherObserved:00006;Estación Meteorológica - Centro;2025-02-05 17:42:25;24,64;24,64;24,64;Validado Manual;;;
MVD:WeatherObserved:00006;Estación Meteorológica - Centro;2025-02-05 17:47:25;24,64;24,64;24,64;Validado Manual;;;
MVD:WeatherObserved:00006;Estación Meteorológica - Centro;2025-02-05 17:52:25;24,64;24,64;24,64;Validado Manual;;;
MVD:WeatherObserved:00006;Estación Meteorológica - Centro;2025-02-05 17:57:25;24,64;24,64;24,64;Validado Manual;;;
MVD:WeatherObserved:00006;Estación Meteorológica - Centro;2025-02-05 18:02:25;24,64;24,64;24,64;Validado Manual;;;
MVD:WeatherObserved:00006;Estación Meteorológica - Centro;2025-02-05 18:07:25;24,64;24,64;24,64;Validado Manual;;;
MVD:WeatherObserved:00006;Estación Meteorológica - Centro;2025-02-05 18:12:25;24,64;24,64;24,64;Validado Manual;;;
MVD:WeatherObserved:00006;Estación Meteorológica - Centro;2025-02-05 18:17:25;24,64;24,64;24,64;Validado Manual;;;
MVD:WeatherObserved:00006;Estación Meteorológica - Centro;2025-02-05 18:22:25;24,64;24,64;24,64;Validado Manual;;;
MVD:WeatherObserved:00006;Estación Meteorológica - Centro;2025-02-05 18:27:25;24,64;24,64;24,64;Validado Manual;;;
MVD:WeatherObserved:00006;Estación Meteorológica - Centro;2025-02-05 18:32:25;24,64;24,64;24,64;Validado Manual;;;
MVD:WeatherObserved:00006;Estación Meteorológica - Centro;2025-02-05 18:37:25;24,64;24,64;24,64;Validado Manual;;;
MVD:WeatherObserved:00006;Estación Meteorológica - Centro;2025-02-05 18:42:26;24,64;24,64;24,64;Validado Manual;;;
MVD:WeatherObserved:00006;Estación Meteorológica - Centro;2025-02-05 18:47:26;24,64;24,64;24,64;Validado Manual;;;
MVD:WeatherObserved:00006;Estación Meteorológica - Centro;2025-02-05 18:52:26;24,64;24,64;24,64;Validado Manual;;;
MVD:WeatherObserved:00006;Estación Meteorológica - Centro;2025-02-05 18:57:26;24,64;24,64;24,64;Validado Manual;;;
MVD:WeatherObserved:00006;Estación Meteorológica - Centro;2025-02-05 19:02:26;24,64;24,64;24,64;Validado Manual;;;
MVD:WeatherObserved:00006;Estación Meteorológica - Centro;2025-02-05 19:07:26;24,64;24,64;24,64;Validado Manual;;;
MVD:WeatherObserved:00006;Estación Meteorológica - Centro;2025-02-05 19:12:26;24,64;24,64;24,64;Validado Manual;;;
MVD:WeatherObserved:00006;Estación Meteorológica - Centro;2025-02-05 19:17:26;24,64;24,64;24,64;Validado Manual;;;
MVD:WeatherObserved:00006;Estación Meteorológica - Centro;2025-02-05 19:22:26;24,64;24,64;24,64;Validado Manual;;;
MVD:WeatherObserved:00006;Estación Meteorológica - Centro;2025-02-05 19:27:26;24,64;24,64;24,64;Validado Manual;;;
MVD:WeatherObserved:00006;Estación Meteorológica - Centro;2025-02-05 19:32:26;24,64;24,64;24,64;Validado Manual;;;
MVD:WeatherObserved:00006;Estación Meteorológica - Centro;2025-02-05 19:37:26;24,64;24,64;24,64;Validado Manual;;;
MVD:WeatherObserved:00006;Estación Meteorológica - Centro;2025-02-05 19:42:26;24,89;24,89;24,89;Validado Manual;;;
MVD:WeatherObserved:00006;Estación Meteorológica - Centro;2025-02-05 19:47:26;24,89;24,89;24,89;Validado Manual;;;
MVD:WeatherObserved:00006;Estación Meteorológica - Centro;2025-02-05 19:52:26;24,89;24,89;24,89;Validado Manual;;;
MVD:WeatherObserved:00006;Estación Meteorológica - Centro;2025-02-05 19:57:27;24,89;24,89;24,89;Validado Manual;;;
MVD:WeatherObserved:00006;Estación Meteorológica - Centro;2025-02-05 20:02:27;24,89;24,89;24,89;Validado Manual;;;
MVD:WeatherObserved:00006;Estación Meteorológica - Centro;2025-02-05 20:07:27;25,15;25,15;25,15;Validado Manual;;;
MVD:WeatherObserved:00006;Estación Meteorológica - Centro;2025-02-05 20:12:27;25,15;25,15;25,15;Validado Manual;;;
MVD:WeatherObserved:00006;Estación Meteorológica - Centro;2025-02-05 20:17:27;25,15;25,15;25,15;Validado Manual;;;
MVD:WeatherObserved:00006;Estación Meteorológica - Centro;2025-02-05 20:22:27;25,15;25,15;25,15;Validado Manual;;;
MVD:WeatherObserved:00006;Estación Meteorológica - Centro;2025-02-05 20:27:27;25,15;25,15;25,15;Validado Manual;;;
MVD:WeatherObserved:00006;Estación Meteorológica - Centro;2025-02-05 20:32:27;25,15;25,15;25,15;Validado Manual;;;
MVD:WeatherObserved:00006;Estación Meteorológica - Centro;2025-02-05 20:37:27;25,15;25,15;25,15;Validado Manual;;;
MVD:WeatherObserved:00006;Estación Meteorológica - Centro;2025-02-05 20:42:27;25,15;25,15;25,15;Validado Manual;;;
MVD:WeatherObserved:00006;Estación Meteorológica - Centro;2025-02-05 20:47:28;25,15;25,15;25,15;Validado Manual;;;
MVD:WeatherObserved:00006;Estación Meteorológica - Centro;2025-02-05 20:52:27;25,15;25,15;25,15;Validado Manual;;;
MVD:WeatherObserved:00006;Estación Meteorológica - Centro;2025-02-05 20:57:28;25,15;25,15;25,15;Validado Manual;;;
MVD:WeatherObserved:00006;Estación Meteorológica - Centro;2025-02-05 21:02:28;25,15;25,15;25,15;Validado Manual;;;
MVD:WeatherObserved:00006;Estación Meteorológica - Centro;2025-02-05 21:07:28;25,15;25,15;25,15;Validado Manual;;;
MVD:WeatherObserved:00006;Estación Meteorológica - Centro;2025-02-05 21:12:28;25,15;25,15;25,15;Validado Manual;;;
MVD:WeatherObserved:00006;Estación Meteorológica - Centro;2025-02-05 21:17:28;25,15;25,15;25,15;Validado Manual;;;
MVD:WeatherObserved:00006;Estación Meteorológica - Centro;2025-02-05 21:22:28;25,15;25,15;25,15;Validado Manual;;;
MVD:WeatherObserved:00006;Estación Meteorológica - Centro;2025-02-05 21:27:28;25,15;25,15;25,15;Validado Manual;;;
MVD:WeatherObserved:00006;Estación Meteorológica - Centro;2025-02-05 21:32:28;25,4;25,4;25,4;Validado Manual;;;
MVD:WeatherObserved:00006;Estación Meteorológica - Centro;2025-02-05 21:37:28;25,4;25,4;25,4;Validado Manual;;;
MVD:WeatherObserved:00006;Estación Meteorológica - Centro;2025-02-05 21:42:28;25,4;25,4;25,4;Validado Manual;;;
MVD:WeatherObserved:00006;Estación Meteorológica - Centro;2025-02-05 21:47:28;25,4;25,4;25,4;Validado Manual;;;
MVD:WeatherObserved:00006;Estación Meteorológica - Centro;2025-02-05 21:52:28;25,4;25,4;25,4;Validado Manual;;;
MVD:WeatherObserved:00006;Estación Meteorológica - Centro;2025-02-05 21:57:29;25,4;25,4;25,4;Validado Manual;;;
MVD:WeatherObserved:00006;Estación Meteorológica - Centro;2025-02-05 22:02:28;25,4;25,4;25,4;Validado Manual;;;
MVD:WeatherObserved:00006;Estación Meteorológica - Centro;2025-02-05 22:07:29;25,4;25,4;25,4;Validado Manual;;;
MVD:WeatherObserved:00006;Estación Meteorológica - Centro;2025-02-05 22:12:29;25,4;25,4;25,4;Validado Manual;;;
MVD:WeatherObserved:00006;Estación Meteorológica - Centro;2025-02-05 22:17:29;25,4;25,4;25,4;Validado Manual;;;
MVD:WeatherObserved:00006;Estación Meteorológica - Centro;2025-02-05 22:22:29;25,4;25,4;25,4;Validado Manual;;;
MVD:WeatherObserved:00006;Estación Meteorológica - Centro;2025-02-05 22:27:29;25,4;25,4;25,4;Validado Manual;;;
MVD:WeatherObserved:00006;Estación Meteorológica - Centro;2025-02-05 22:32:29;25,4;25,4;25,4;Validado Manual;;;
MVD:WeatherObserved:00006;Estación Meteorológica - Centro;2025-02-05 22:37:29;25,65;25,65;25,65;Validado Manual;;;
MVD:WeatherObserved:00006;Estación Meteorológica - Centro;2025-02-05 22:42:29;25,65;25,65;25,65;Validado Manual;;;
MVD:WeatherObserved:00006;Estación Meteorológica - Centro;2025-02-05 22:47:29;25,65;25,65;25,65;Validado Manual;;;
MVD:WeatherObserved:00006;Estación Meteorológica - Centro;2025-02-05 22:52:29;25,65;25,65;25,65;Validado Manual;;;
MVD:WeatherObserved:00006;Estación Meteorológica - Centro;2025-02-05 22:57:29;25,65;25,65;25,65;Validado Manual;;;
MVD:WeatherObserved:00006;Estación Meteorológica - Centro;2025-02-05 23:02:29;25,65;25,65;25,65;Validado Manual;;;
MVD:WeatherObserved:00006;Estación Meteorológica - Centro;2025-02-05 23:07:29;25,65;25,65;25,65;Validado Manual;;;
MVD:WeatherObserved:00006;Estación Meteorológica - Centro;2025-02-05 23:12:30;25,65;25,65;25,65;Validado Manual;;;
MVD:WeatherObserved:00006;Estación Meteorológica - Centro;2025-02-05 23:17:30;25,65;25,65;25,65;Validado Manual;;;
MVD:WeatherObserved:00006;Estación Meteorológica - Centro;2025-02-05 23:22:30;25,65;25,65;25,65;Validado Manual;;;
MVD:WeatherObserved:00006;Estación Meteorológica - Centro;2025-02-05 23:27:30;25,65;25,65;25,65;Validado Manual;;;
MVD:WeatherObserved:00006;Estación Meteorológica - Centro;2025-02-05 23:32:30;25,65;25,65;25,65;Validado Manual;;;
MVD:WeatherObserved:00006;Estación Meteorológica - Centro;2025-02-05 23:37:30;25,65;25,65;25,65;Validado Manual;;;
MVD:WeatherObserved:00006;Estación Meteorológica - Centro;2025-02-05 23:42:30;25,65;25,65;25,65;Validado Manual;;;
MVD:WeatherObserved:00006;Estación Meteorológica - Centro;2025-02-05 23:47:30;25,65;25,65;25,65;Validado Manual;;;
MVD:WeatherObserved:00006;Estación Meteorológica - Centro;2025-02-05 23:52:30;25,65;25,65;25,65;Validado Manual;;;
MVD:WeatherObserved:00006;Estación Meteorológica - Centro;2025-02-05 23:57:30;25,65;25,65;25,65;Validado Manual;;;
MVD:WeatherObserved:00006;Estación Meteorológica - Centro;2025-02-06 00:02:30;0;0;;Validado Manual;;;
MVD:WeatherObserved:00006;Estación Meteorológica - Centro;2025-02-06 00:07:30;0;0;;Validado Manual;;;
MVD:WeatherObserved:00006;Estación Meteorológica - Centro;2025-02-06 00:12:30;0;0;;Validado Manual;;;
MVD:WeatherObserved:00006;Estación Meteorológica - Centro;2025-02-06 00:17:30;0;0;;Validado Manual;;;
MVD:WeatherObserved:00006;Estación Meteorológica - Centro;2025-02-06 00:22:31;0;0;;Validado Manual;;;
MVD:WeatherObserved:00006;Estación Meteorológica - Centro;2025-02-06 00:27:31;0;0;;Validado Manual;;;
MVD:WeatherObserved:00006;Estación Meteorológica - Centro;2025-02-06 00:32:31;0;0;;Validado Manual;;;
MVD:WeatherObserved:00006;Estación Meteorológica - Centro;2025-02-06 00:37:31;0;0;;Validado Manual;;;
MVD:WeatherObserved:00006;Estación Meteorológica - Centro;2025-02-06 00:42:31;0;0;;Validado Manual;;;
MVD:WeatherObserved:00006;Estación Meteorológica - Centro;2025-02-06 00:47:31;0;0;;Validado Manual;;;
MVD:WeatherObserved:00006;Estación Meteorológica - Centro;2025-02-06 00:52:31;0;0;;Validado Manual;;;
MVD:WeatherObserved:00006;Estación Meteorológica - Centro;2025-02-06 00:57:31;0;0;;Validado Manual;;;
MVD:WeatherObserved:00006;Estación Meteorológica - Centro;2025-02-06 01:02:31;0;0;;Validado Manual;;;
MVD:WeatherObserved:00006;Estación Meteorológica - Centro;2025-02-06 01:07:31;0;0;;Validado Manual;;;
MVD:WeatherObserved:00006;Estación Meteorológica - Centro;2025-02-06 01:12:31;0;0;;Validado Manual;;;
MVD:WeatherObserved:00006;Estación Meteorológica - Centro;2025-02-06 01:17:31;0;0;;Validado Manual;;;
MVD:WeatherObserved:00006;Estación Meteorológica - Centro;2025-02-06 01:22:31;0;0;;Validado Manual;;;
MVD:WeatherObserved:00006;Estación Meteorológica - Centro;2025-02-06 01:27:32;0;0;;Validado Manual;;;
MVD:WeatherObserved:00006;Estación Meteorológica - Centro;2025-02-06 01:32:32;0;0;;Validado Manual;;;
MVD:WeatherObserved:00006;Estación Meteorológica - Centro;2025-02-06 01:37:32;0;0;;Validado Manual;;;
MVD:WeatherObserved:00006;Estación Meteorológica - Centro;2025-02-06 01:42:32;0;0;;Validado Manual;;;
MVD:WeatherObserved:00006;Estación Meteorológica - Centro;2025-02-06 01:47:32;0;0;;Validado Manual;;;
MVD:WeatherObserved:00006;Estación Meteorológica - Centro;2025-02-06 01:52:32;0;0;;Validado Manual;;;
MVD:WeatherObserved:00006;Estación Meteorológica - Centro;2025-02-06 01:57:32;0;0;;Validado Manual;;;
MVD:WeatherObserved:00006;Estación Meteorológica - Centro;2025-02-06 02:02:32;0;0;;Validado Manual;;;
MVD:WeatherObserved:00006;Estación Meteorológica - Centro;2025-02-06 02:07:32;0;0;;Validado Manual;;;
MVD:WeatherObserved:00006;Estación Meteorológica - Centro;2025-02-06 02:12:32;0;0;;Validado Manual;;;
MVD:WeatherObserved:00006;Estación Meteorológica - Centro;2025-02-06 02:17:32;0;0;;Validado Manual;;;
MVD:WeatherObserved:00006;Estación Meteorológica - Centro;2025-02-06 02:22:32;0;0;;Validado Manual;;;
MVD:WeatherObserved:00006;Estación Meteorológica - Centro;2025-02-06 02:27:32;0;0;;Validado Manual;;;
MVD:WeatherObserved:00006;Estación Meteorológica - Centro;2025-02-06 02:32:33;0;0;;Validado Manual;;;
MVD:WeatherObserved:00006;Estación Meteorológica - Centro;2025-02-06 02:37:33;0;0;;Validado Manual;;;
MVD:WeatherObserved:00006;Estación Meteorológica - Centro;2025-02-06 02:42:33;0;0;;Validado Manual;;;
MVD:WeatherObserved:00006;Estación Meteorológica - Centro;2025-02-06 02:47:33;0;0;;Validado Manual;;;
MVD:WeatherObserved:00006;Estación Meteorológica - Centro;2025-02-06 02:52:33;0;0;;Validado Manual;;;
MVD:WeatherObserved:00006;Estación Meteorológica - Centro;2025-02-06 02:57:33;0;0;;Validado Manual;;;
MVD:WeatherObserved:00006;Estación Meteorológica - Centro;2025-02-06 03:02:33;0;0;;Validado Manual;;;
MVD:WeatherObserved:00006;Estación Meteorológica - Centro;2025-02-06 03:07:33;0;0;;Validado Manual;;;
MVD:WeatherObserved:00006;Estación Meteorológica - Centro;2025-02-06 03:12:33;0;0;;Validado Manual;;;
MVD:WeatherObserved:00006;Estación Meteorológica - Centro;2025-02-06 03:17:33;0;0;;Validado Manual;;;
MVD:WeatherObserved:00006;Estación Meteorológica - Centro;2025-02-06 03:22:33;0;0;;Validado Manual;;;
MVD:WeatherObserved:00006;Estación Meteorológica - Centro;2025-02-06 03:27:33;0;0;;Validado Manual;;;
MVD:WeatherObserved:00006;Estación Meteorológica - Centro;2025-02-06 03:32:33;0;0;;Validado Manual;;;
MVD:WeatherObserved:00006;Estación Meteorológica - Centro;2025-02-06 03:37:33;0;0;;Validado Manual;;;
MVD:WeatherObserved:00006;Estación Meteorológica - Centro;2025-02-06 03:42:33;0;0;;Validado Manual;;;
MVD:WeatherObserved:00006;Estación Meteorológica - Centro;2025-02-06 03:47:33;0;0;;Validado Manual;;;
MVD:WeatherObserved:00006;Estación Meteorológica - Centro;2025-02-06 03:52:34;0;0;;Validado Manual;;;
MVD:WeatherObserved:00006;Estación Meteorológica - Centro;2025-02-06 03:57:34;0;0;;Validado Manual;;;
MVD:WeatherObserved:00006;Estación Meteorológica - Centro;2025-02-06 04:02:34;0;0;;Validado Manual;;;
MVD:WeatherObserved:00006;Estación Meteorológica - Centro;2025-02-06 04:07:34;0;0;;Validado Manual;;;
MVD:WeatherObserved:00006;Estación Meteorológica - Centro;2025-02-06 04:12:34;0;0;;Validado Manual;;;
MVD:WeatherObserved:00006;Estación Meteorológica - Centro;2025-02-06 04:17:34;0;0;;Validado Manual;;;
MVD:WeatherObserved:00006;Estación Meteorológica - Centro;2025-02-06 04:22:34;0;0;;Validado Manual;;;
MVD:WeatherObserved:00006;Estación Meteorológica - Centro;2025-02-06 04:27:34;0;0;;Validado Manual;;;
MVD:WeatherObserved:00006;Estación Meteorológica - Centro;2025-02-06 04:32:34;0;0;;Validado Manual;;;
MVD:WeatherObserved:00006;Estación Meteorológica - Centro;2025-02-06 04:37:34;0;0;;Validado Manual;;;
MVD:WeatherObserved:00006;Estación Meteorológica - Centro;2025-02-06 04:42:34;0;0;;Validado Manual;;;
MVD:WeatherObserved:00006;Estación Meteorológica - Centro;2025-02-06 04:47:34;0;0;;Validado Manual;;;
MVD:WeatherObserved:00006;Estación Meteorológica - Centro;2025-02-06 04:52:35;0;0;;Validado Manual;;;
MVD:WeatherObserved:00006;Estación Meteorológica - Centro;2025-02-06 04:57:35;0;0;;Validado Manual;;;
MVD:WeatherObserved:00006;Estación Meteorológica - Centro;2025-02-06 05:02:35;0;0;;Validado Manual;;;
MVD:WeatherObserved:00006;Estación Meteorológica - Centro;2025-02-06 05:07:35;0;0;;Validado Manual;;;
MVD:WeatherObserved:00006;Estación Meteorológica - Centro;2025-02-06 05:12:35;0;0;;Validado Manual;;;
MVD:WeatherObserved:00006;Estación Meteorológica - Centro;2025-02-06 05:17:35;0;0;;Validado Manual;;;
MVD:WeatherObserved:00006;Estación Meteorológica - Centro;2025-02-06 05:22:35;0;0;;Validado Manual;;;
MVD:WeatherObserved:00006;Estación Meteorológica - Centro;2025-02-06 05:27:35;0;0;;Validado Manual;;;
MVD:WeatherObserved:00006;Estación Meteorológica - Centro;2025-02-06 05:32:35;0;0;;Validado Manual;;;
MVD:WeatherObserved:00006;Estación Meteorológica - Centro;2025-02-06 05:37:35;0;0;;Validado Manual;;;
MVD:WeatherObserved:00006;Estación Meteorológica - Centro;2025-02-06 05:42:35;0;0;;Validado Manual;;;
MVD:WeatherObserved:00006;Estación Meteorológica - Centro;2025-02-06 05:47:35;0;0;;Validado Manual;;;
MVD:WeatherObserved:00006;Estación Meteorológica - Centro;2025-02-06 05:52:35;0;0;;Validado Manual;;;
MVD:WeatherObserved:00006;Estación Meteorológica - Centro;2025-02-06 05:57:35;0;0;;Validado Manual;;;
MVD:WeatherObserved:00006;Estación Meteorológica - Centro;2025-02-06 06:02:35;0;0;;Validado Manual;;;
MVD:WeatherObserved:00006;Estación Meteorológica - Centro;2025-02-06 06:07:35;0;0;;Validado Manual;;;
MVD:WeatherObserved:00006;Estación Meteorológica - Centro;2025-02-06 06:12:36;0;0;;Validado Manual;;;
MVD:WeatherObserved:00006;Estación Meteorológica - Centro;2025-02-06 06:17:36;0;0;;Validado Manual;;;
MVD:WeatherObserved:00006;Estación Meteorológica - Centro;2025-02-06 06:22:36;0;0;;Validado Manual;;;
MVD:WeatherObserved:00006;Estación Meteorológica - Centro;2025-02-06 06:27:36;0;0;;Validado Manual;;;
MVD:WeatherObserved:00006;Estación Meteorológica - Centro;2025-02-06 06:32:36;0;0;;Validado Manual;;;
MVD:WeatherObserved:00006;Estación Meteorológica - Centro;2025-02-06 06:37:36;0;0;;Validado Manual;;;
MVD:WeatherObserved:00006;Estación Meteorológica - Centro;2025-02-06 06:42:36;0;0;;Validado Manual;;;
MVD:WeatherObserved:00006;Estación Meteorológica - Centro;2025-02-06 06:47:36;0;0;;Validado Manual;;;
MVD:WeatherObserved:00006;Estación Meteorológica - Centro;2025-02-06 06:52:36;0;0;;Validado Manual;;;
MVD:WeatherObserved:00006;Estación Meteorológica - Centro;2025-02-06 06:57:36;0;0;;Validado Manual;;;
MVD:WeatherObserved:00006;Estación Meteorológica - Centro;2025-02-06 07:02:36;0;0;;Validado Manual;;;
MVD:WeatherObserved:00006;Estación Meteorológica - Centro;2025-02-06 07:07:36;0;0;;Validado Manual;;;
MVD:WeatherObserved:00006;Estación Meteorológica - Centro;2025-02-06 07:12:36;0;0;;Validado Manual;;;
MVD:WeatherObserved:00006;Estación Meteorológica - Centro;2025-02-06 07:17:36;0;0;;Validado Manual;;;
MVD:WeatherObserved:00006;Estación Meteorológica - Centro;2025-02-06 07:22:36;0;0;;Validado Manual;;;
MVD:WeatherObserved:00006;Estación Meteorológica - Centro;2025-02-06 07:27:36;0;0;;Validado Manual;;;
MVD:WeatherObserved:00006;Estación Meteorológica - Centro;2025-02-06 07:32:37;0;0;;Validado Manual;;;
MVD:WeatherObserved:00006;Estación Meteorológica - Centro;2025-02-06 07:37:37;0;0;;Validado Manual;;;
MVD:WeatherObserved:00006;Estación Meteorológica - Centro;2025-02-06 07:42:37;0;0;;Validado Manual;;;
MVD:WeatherObserved:00006;Estación Meteorológica - Centro;2025-02-06 07:47:37;0;0;;Validado Manual;;;
MVD:WeatherObserved:00006;Estación Meteorológica - Centro;2025-02-06 07:52:37;0;0;;Validado Manual;;;
MVD:WeatherObserved:00006;Estación Meteorológica - Centro;2025-02-06 07:57:37;0;0;;Validado Manual;;;
MVD:WeatherObserved:00006;Estación Meteorológica - Centro;2025-02-06 08:02:37;0;0;;Validado Manual;;;
MVD:WeatherObserved:00006;Estación Meteorológica - Centro;2025-02-06 08:07:37;0;0;;Validado Manual;;;
MVD:WeatherObserved:00006;Estación Meteorológica - Centro;2025-02-06 08:12:37;0;0;;Validado Manual;;;
MVD:WeatherObserved:00006;Estación Meteorológica - Centro;2025-02-06 08:17:37;0;0;;Validado Manual;;;
MVD:WeatherObserved:00006;Estación Meteorológica - Centro;2025-02-06 08:22:37;0;0;;Validado Manual;;;
MVD:WeatherObserved:00006;Estación Meteorológica - Centro;2025-02-06 08:27:37;0;0;;Validado Manual;;;
MVD:WeatherObserved:00006;Estación Meteorológica - Centro;2025-02-06 08:32:37;0;0;;Validado Manual;;;
MVD:WeatherObserved:00006;Estación Meteorológica - Centro;2025-02-06 08:37:38;0;0;;Validado Manual;;;
MVD:WeatherObserved:00006;Estación Meteorológica - Centro;2025-02-06 08:42:38;0;0;;Validado Manual;;;
MVD:WeatherObserved:00006;Estación Meteorológica - Centro;2025-02-06 08:47:38;0;0;;Validado Manual;;;
MVD:WeatherObserved:00006;Estación Meteorológica - Centro;2025-02-06 08:52:38;0;0;;Validado Manual;;;
MVD:WeatherObserved:00006;Estación Meteorológica - Centro;2025-02-06 08:57:38;0;0;;Validado Manual;;;
MVD:WeatherObserved:00006;Estación Meteorológica - Centro;2025-02-06 09:02:38;0;0;;Validado Manual;;;
MVD:WeatherObserved:00006;Estación Meteorológica - Centro;2025-02-06 09:07:38;0;0;;Validado Manual;;;
MVD:WeatherObserved:00006;Estación Meteorológica - Centro;2025-02-06 09:12:38;0;0;;Validado Manual;;;
MVD:WeatherObserved:00006;Estación Meteorológica - Centro;2025-02-06 09:17:38;0;0;;Validado Manual;;;
MVD:WeatherObserved:00006;Estación Meteorológica - Centro;2025-02-06 09:22:38;0;0;;Validado Manual;;;
MVD:WeatherObserved:00006;Estación Meteorológica - Centro;2025-02-06 09:27:38;0;0;;Validado Manual;;;
MVD:WeatherObserved:00006;Estación Meteorológica - Centro;2025-02-06 09:32:38;0;0;;Validado Manual;;;
MVD:WeatherObserved:00006;Estación Meteorológica - Centro;2025-02-06 09:37:39;0;0;;Validado Manual;;;
MVD:WeatherObserved:00006;Estación Meteorológica - Centro;2025-02-06 09:42:39;0;0;;Validado Manual;;;
MVD:WeatherObserved:00006;Estación Meteorológica - Centro;2025-02-06 09:47:39;0;0;;Validado Manual;;;
MVD:WeatherObserved:00006;Estación Meteorológica - Centro;2025-02-06 09:52:39;0;0;;Validado Manual;;;
MVD:WeatherObserved:00006;Estación Meteorológica - Centro;2025-02-06 09:57:39;0;0;;Validado Manual;;;
MVD:WeatherObserved:00006;Estación Meteorológica - Centro;2025-02-06 10:02:39;0;0;;Validado Manual;;;
MVD:WeatherObserved:00006;Estación Meteorológica - Centro;2025-02-06 10:07:39;0;0;;Validado Manual;;;
MVD:WeatherObserved:00006;Estación Meteorológica - Centro;2025-02-06 10:12:39;0;0;;Validado Manual;;;
MVD:WeatherObserved:00006;Estación Meteorológica - Centro;2025-02-06 10:17:39;0;0;;Validado Manual;;;
MVD:WeatherObserved:00006;Estación Meteorológica - Centro;2025-02-06 10:22:39;0;0;;Validado Manual;;;
MVD:WeatherObserved:00006;Estación Meteorológica - Centro;2025-02-06 10:27:39;0;0;;Validado Manual;;;
MVD:WeatherObserved:00006;Estación Meteorológica - Centro;2025-02-06 10:32:39;0;0;;Validado Manual;;;
MVD:WeatherObserved:00006;Estación Meteorológica - Centro;2025-02-06 10:37:40;0;0;;Validado Manual;;;
MVD:WeatherObserved:00006;Estación Meteorológica - Centro;2025-02-06 10:42:40;0;0;;Validado Manual;;;
MVD:WeatherObserved:00006;Estación Meteorológica - Centro;2025-02-06 10:47:40;0;0;;Validado Manual;;;
MVD:WeatherObserved:00006;Estación Meteorológica - Centro;2025-02-06 10:52:40;0;0;;Validado Manual;;;
MVD:WeatherObserved:00006;Estación Meteorológica - Centro;2025-02-06 10:57:40;0;0;;Validado Manual;;;
MVD:WeatherObserved:00006;Estación Meteorológica - Centro;2025-02-06 11:02:40;0;0;;Validado Manual;;;
MVD:WeatherObserved:00006;Estación Meteorológica - Centro;2025-02-06 11:07:40;0;0;;Validado Manual;;;
MVD:WeatherObserved:00006;Estación Meteorológica - Centro;2025-02-06 11:12:40;0;0;;Validado Manual;;;
MVD:WeatherObserved:00006;Estación Meteorológica - Centro;2025-02-06 11:17:40;0;0;;Validado Manual;;;
MVD:WeatherObserved:00006;Estación Meteorológica - Centro;2025-02-06 11:22:40;0;0;;Validado Manual;;;
MVD:WeatherObserved:00006;Estación Meteorológica - Centro;2025-02-06 11:27:40;0;0;;Validado Manual;;;
MVD:WeatherObserved:00006;Estación Meteorológica - Centro;2025-02-06 11:32:40;0;0;;Validado Manual;;;
MVD:WeatherObserved:00006;Estación Meteorológica - Centro;2025-02-06 11:37:40;0;0;;Validado Manual;;;
MVD:WeatherObserved:00006;Estación Meteorológica - Centro;2025-02-06 11:42:40;0;0;;Validado Manual;;;
MVD:WeatherObserved:00006;Estación Meteorológica - Centro;2025-02-06 11:47:40;0;0;;Validado Manual;;;
MVD:WeatherObserved:00006;Estación Meteorológica - Centro;2025-02-06 11:52:40;0;0;;Validado Manual;;;
MVD:WeatherObserved:00006;Estación Meteorológica - Centro;2025-02-06 11:57:41;0;0;;Validado Manual;;;
MVD:WeatherObserved:00006;Estación Meteorológica - Centro;2025-02-06 12:02:41;0;0;;Validado Manual;;;
MVD:WeatherObserved:00006;Estación Meteorológica - Centro;2025-02-06 12:07:41;0;0;;Validado Manual;;;
MVD:WeatherObserved:00006;Estación Meteorológica - Centro;2025-02-06 12:12:41;0;0;;Validado Manual;;;
MVD:WeatherObserved:00006;Estación Meteorológica - Centro;2025-02-06 12:17:41;0;0;;Validado Manual;;;
MVD:WeatherObserved:00006;Estación Meteorológica - Centro;2025-02-06 12:22:41;0;0;;Validado Manual;;;
MVD:WeatherObserved:00006;Estación Meteorológica - Centro;2025-02-06 12:27:41;0;0;;Validado Manual;;;
MVD:WeatherObserved:00006;Estación Meteorológica - Centro;2025-02-06 12:32:41;0;0;;Validado Manual;;;
MVD:WeatherObserved:00006;Estación Meteorológica - Centro;2025-02-06 12:37:41;0;0;;Validado Manual;;;
MVD:WeatherObserved:00006;Estación Meteorológica - Centro;2025-02-06 12:42:41;0;0;;Validado Manual;;;
MVD:WeatherObserved:00006;Estación Meteorológica - Centro;2025-02-06 12:47:41;0;0;;Validado Manual;;;
MVD:WeatherObserved:00006;Estación Meteorológica - Centro;2025-02-06 12:52:42;0;0;;Validado Manual;;;
MVD:WeatherObserved:00006;Estación Meteorológica - Centro;2025-02-06 12:57:41;0;0;;Validado Manual;;;
MVD:WeatherObserved:00006;Estación Meteorológica - Centro;2025-02-06 13:02:41;0;0;;Validado Manual;;;
MVD:WeatherObserved:00006;Estación Meteorológica - Centro;2025-02-06 13:07:41;0;0;;Validado Manual;;;
MVD:WeatherObserved:00006;Estación Meteorológica - Centro;2025-02-06 13:12:42;0;0;;Validado Manual;;;
MVD:WeatherObserved:00006;Estación Meteorológica - Centro;2025-02-06 13:17:46;0;0;;Validado Manual;;;
MVD:WeatherObserved:00006;Estación Meteorológica - Centro;2025-02-06 13:22:42;0;0;;Validado Manual;;;
MVD:WeatherObserved:00006;Estación Meteorológica - Centro;2025-02-06 13:27:42;0;0;;Validado Manual;;;
MVD:WeatherObserved:00006;Estación Meteorológica - Centro;2025-02-06 13:32:42;0;0;;Validado Manual;;;
MVD:WeatherObserved:00006;Estación Meteorológica - Centro;2025-02-06 13:37:42;0;0;;Validado Manual;;;
MVD:WeatherObserved:00006;Estación Meteorológica - Centro;2025-02-06 13:42:42;0;0;;Validado Manual;;;
MVD:WeatherObserved:00006;Estación Meteorológica - Centro;2025-02-06 13:47:42;0;0;;Validado Manual;;;
MVD:WeatherObserved:00006;Estación Meteorológica - Centro;2025-02-06 13:52:42;0;0;;Validado Manual;;;
MVD:WeatherObserved:00006;Estación Meteorológica - Centro;2025-02-06 13:57:42;0;0;;Validado Manual;;;
MVD:WeatherObserved:00006;Estación Meteorológica - Centro;2025-02-06 14:02:42;0;0;;Validado Manual;;;
MVD:WeatherObserved:00006;Estación Meteorológica - Centro;2025-02-06 14:07:42;0;0;;Validado Manual;;;
MVD:WeatherObserved:00006;Estación Meteorológica - Centro;2025-02-06 14:12:42;0;0;;Validado Manual;;;
MVD:WeatherObserved:00006;Estación Meteorológica - Centro;2025-02-06 14:17:42;0;0;;Validado Manual;;;
MVD:WeatherObserved:00006;Estación Meteorológica - Centro;2025-02-06 14:22:43;0;0;;Validado Manual;;;
MVD:WeatherObserved:00006;Estación Meteorológica - Centro;2025-02-06 14:27:43;0;0;;Validado Manual;;;
MVD:WeatherObserved:00006;Estación Meteorológica - Centro;2025-02-06 14:32:43;0;0;;Validado Manual;;;
MVD:WeatherObserved:00006;Estación Meteorológica - Centro;2025-02-06 14:37:43;0;0;;Validado Manual;;;
MVD:WeatherObserved:00006;Estación Meteorológica - Centro;2025-02-06 14:42:43;0;0;;Validado Manual;;;
MVD:WeatherObserved:00006;Estación Meteorológica - Centro;2025-02-06 14:47:43;0;0;;Validado Manual;;;
MVD:WeatherObserved:00006;Estación Meteorológica - Centro;2025-02-06 14:52:43;0;0;;Validado Manual;;;
MVD:WeatherObserved:00006;Estación Meteorológica - Centro;2025-02-06 14:57:43;0;0;;Validado Manual;;;
MVD:WeatherObserved:00006;Estación Meteorológica - Centro;2025-02-06 15:02:43;0;0;;Validado Manual;;;
MVD:WeatherObserved:00006;Estación Meteorológica - Centro;2025-02-06 15:07:43;0;0;;Validado Manual;;;
MVD:WeatherObserved:00006;Estación Meteorológica - Centro;2025-02-06 15:12:43;0;0;;Validado Manual;;;
MVD:WeatherObserved:00006;Estación Meteorológica - Centro;2025-02-06 15:17:43;0;0;;Validado Manual;;;
MVD:WeatherObserved:00006;Estación Meteorológica - Centro;2025-02-06 15:22:43;0;0;;Validado Manual;;;
MVD:WeatherObserved:00006;Estación Meteorológica - Centro;2025-02-06 15:27:43;0;0;;Validado Manual;;;
MVD:WeatherObserved:00006;Estación Meteorológica - Centro;2025-02-06 15:32:43;0;0;;Validado Manual;;;
MVD:WeatherObserved:00006;Estación Meteorológica - Centro;2025-02-06 15:37:43;0;0;;Validado Manual;;;
MVD:WeatherObserved:00006;Estación Meteorológica - Centro;2025-02-06 15:42:44;0;0;;Validado Manual;;;
MVD:WeatherObserved:00006;Estación Meteorológica - Centro;2025-02-06 15:47:44;0;0;;Validado Manual;;;
MVD:WeatherObserved:00006;Estación Meteorológica - Centro;2025-02-06 15:52:44;0;0;;Validado Manual;;;
MVD:WeatherObserved:00006;Estación Meteorológica - Centro;2025-02-06 15:57:44;0;0;;Validado Manual;;;
MVD:WeatherObserved:00006;Estación Meteorológica - Centro;2025-02-06 16:02:44;0;0;;Validado Manual;;;
MVD:WeatherObserved:00006;Estación Meteorológica - Centro;2025-02-06 16:07:44;0;0;;Validado Manual;;;
MVD:WeatherObserved:00006;Estación Meteorológica - Centro;2025-02-06 16:12:44;0;0;;Validado Manual;;;
MVD:WeatherObserved:00006;Estación Meteorológica - Centro;2025-02-06 16:17:44;0;0;;Validado Manual;;;
MVD:WeatherObserved:00006;Estación Meteorológica - Centro;2025-02-06 16:22:44;0;0;;Validado Manual;;;
MVD:WeatherObserved:00006;Estación Meteorológica - Centro;2025-02-06 16:27:44;0;0;;Validado Manual;;;
MVD:WeatherObserved:00006;Estación Meteorológica - Centro;2025-02-06 16:32:44;0;0;;Validado Manual;;;
MVD:WeatherObserved:00006;Estación Meteorológica - Centro;2025-02-06 16:37:44;0;0;;Validado Manual;;;
MVD:WeatherObserved:00006;Estación Meteorológica - Centro;2025-02-06 16:42:44;0;0;;Validado Manual;;;
MVD:WeatherObserved:00006;Estación Meteorológica - Centro;2025-02-06 16:47:44;0;0;;Validado Manual;;;
MVD:WeatherObserved:00006;Estación Meteorológica - Centro;2025-02-06 16:52:45;0;0;;Validado Manual;;;
MVD:WeatherObserved:00006;Estación Meteorológica - Centro;2025-02-06 16:57:45;0;0;;Validado Manual;;;
MVD:WeatherObserved:00006;Estación Meteorológica - Centro;2025-02-06 17:02:45;0;0;;Validado Manual;;;
MVD:WeatherObserved:00006;Estación Meteorológica - Centro;2025-02-06 17:07:45;0;0;;Validado Manual;;;
MVD:WeatherObserved:00006;Estación Meteorológica - Centro;2025-02-06 17:12:45;0;0;;Validado Manual;;;
MVD:WeatherObserved:00006;Estación Meteorológica - Centro;2025-02-06 17:17:45;0;0;;Validado Manual;;;
MVD:WeatherObserved:00006;Estación Meteorológica - Centro;2025-02-06 17:22:45;0;0;;Validado Manual;;;
MVD:WeatherObserved:00006;Estación Meteorológica - Centro;2025-02-06 17:27:45;0;0;;Validado Manual;;;
MVD:WeatherObserved:00006;Estación Meteorológica - Centro;2025-02-06 17:32:45;0;0;;Validado Manual;;;
MVD:WeatherObserved:00006;Estación Meteorológica - Centro;2025-02-06 17:37:45;0;0;;Validado Manual;;;
MVD:WeatherObserved:00006;Estación Meteorológica - Centro;2025-02-06 17:42:45;0;0;;Validado Manual;;;
MVD:WeatherObserved:00006;Estación Meteorológica - Centro;2025-02-06 17:47:45;0;0;;Validado Manual;;;
MVD:WeatherObserved:00006;Estación Meteorológica - Centro;2025-02-06 17:52:45;0;0;;Validado Manual;;;
MVD:WeatherObserved:00006;Estación Meteorológica - Centro;2025-02-06 17:57:46;0;0;;Validado Manual;;;
MVD:WeatherObserved:00006;Estación Meteorológica - Centro;2025-02-06 18:02:46;0;0;;Validado Manual;;;
MVD:WeatherObserved:00006;Estación Meteorológica - Centro;2025-02-06 18:07:46;0;0;;Validado Manual;;;
MVD:WeatherObserved:00006;Estación Meteorológica - Centro;2025-02-06 18:12:46;0;0;;Validado Manual;;;
MVD:WeatherObserved:00006;Estación Meteorológica - Centro;2025-02-06 18:17:46;0;0;;Validado Manual;;;
MVD:WeatherObserved:00006;Estación Meteorológica - Centro;2025-02-06 18:22:46;0;0;;Validado Manual;;;
MVD:WeatherObserved:00006;Estación Meteorológica - Centro;2025-02-06 18:27:46;0;0;;Validado Manual;;;
MVD:WeatherObserved:00006;Estación Meteorológica - Centro;2025-02-06 18:32:46;0;0;;Validado Manual;;;
MVD:WeatherObserved:00006;Estación Meteorológica - Centro;2025-02-06 18:37:46;0;0;;Validado Manual;;;
MVD:WeatherObserved:00006;Estación Meteorológica - Centro;2025-02-06 18:42:46;0;0;;Validado Manual;;;
MVD:WeatherObserved:00006;Estación Meteorológica - Centro;2025-02-06 18:47:46;0;0;;Validado Manual;;;
MVD:WeatherObserved:00006;Estación Meteorológica - Centro;2025-02-06 18:52:46;0;0;;Validado Manual;;;
MVD:WeatherObserved:00006;Estación Meteorológica - Centro;2025-02-06 18:57:46;0;0;;Validado Manual;;;
MVD:WeatherObserved:00006;Estación Meteorológica - Centro;2025-02-06 19:02:46;0;0;;Validado Manual;;;
MVD:WeatherObserved:00006;Estación Meteorológica - Centro;2025-02-06 19:07:46;0;0;;Validado Manual;;;
MVD:WeatherObserved:00006;Estación Meteorológica - Centro;2025-02-06 19:12:47;0;0;;Validado Manual;;;
MVD:WeatherObserved:00006;Estación Meteorológica - Centro;2025-02-06 19:17:47;0;0;;Validado Manual;;;
MVD:WeatherObserved:00006;Estación Meteorológica - Centro;2025-02-06 19:22:47;0;0;;Validado Manual;;;
MVD:WeatherObserved:00006;Estación Meteorológica - Centro;2025-02-06 19:27:47;0;0;;Validado Manual;;;
MVD:WeatherObserved:00006;Estación Meteorológica - Centro;2025-02-06 19:32:47;0;0;;Validado Manual;;;
MVD:WeatherObserved:00006;Estación Meteorológica - Centro;2025-02-06 19:37:47;0;0;;Validado Manual;;;
MVD:WeatherObserved:00006;Estación Meteorológica - Centro;2025-02-06 19:42:47;0;0;;Validado Manual;;;
MVD:WeatherObserved:00006;Estación Meteorológica - Centro;2025-02-06 19:47:47;0;0;;Validado Manual;;;
MVD:WeatherObserved:00006;Estación Meteorológica - Centro;2025-02-06 19:52:47;0;0;;Validado Manual;;;
MVD:WeatherObserved:00006;Estación Meteorológica - Centro;2025-02-06 19:57:47;0;0;;Validado Manual;;;
MVD:WeatherObserved:00006;Estación Meteorológica - Centro;2025-02-06 20:02:47;0;0;;Validado Manual;;;
MVD:WeatherObserved:00006;Estación Meteorológica - Centro;2025-02-06 20:07:47;0;0;;Validado Manual;;;
MVD:WeatherObserved:00006;Estación Meteorológica - Centro;2025-02-06 20:12:47;0;0;;Validado Manual;;;
MVD:WeatherObserved:00006;Estación Meteorológica - Centro;2025-02-06 20:17:47;0;0;;Validado Manual;;;
MVD:WeatherObserved:00006;Estación Meteorológica - Centro;2025-02-06 20:22:48;0;0;;Validado Manual;;;
MVD:WeatherObserved:00006;Estación Meteorológica - Centro;2025-02-06 20:27:48;0;0;;Validado Manual;;;
MVD:WeatherObserved:00006;Estación Meteorológica - Centro;2025-02-06 20:32:48;0;0;;Validado Manual;;;
MVD:WeatherObserved:00006;Estación Meteorológica - Centro;2025-02-06 20:37:48;0;0;;Validado Manual;;;
MVD:WeatherObserved:00006;Estación Meteorológica - Centro;2025-02-06 20:42:48;0;0;;Validado Manual;;;
MVD:WeatherObserved:00006;Estación Meteorológica - Centro;2025-02-06 20:47:48;0;0;;Validado Manual;;;
MVD:WeatherObserved:00006;Estación Meteorológica - Centro;2025-02-06 20:52:48;0;0;;Validado Manual;;;
MVD:WeatherObserved:00006;Estación Meteorológica - Centro;2025-02-06 20:57:48;0;0;;Validado Manual;;;
MVD:WeatherObserved:00006;Estación Meteorológica - Centro;2025-02-06 21:02:48;0;0;;Validado Manual;;;
MVD:WeatherObserved:00006;Estación Meteorológica - Centro;2025-02-06 21:07:48;0;0;;Validado Manual;;;
MVD:WeatherObserved:00006;Estación Meteorológica - Centro;2025-02-06 21:12:48;0;0;;Validado Manual;;;
MVD:WeatherObserved:00006;Estación Meteorológica - Centro;2025-02-06 21:17:49;0;0;;Validado Manual;;;
MVD:WeatherObserved:00006;Estación Meteorológica - Centro;2025-02-06 21:22:49;0;0;;Validado Manual;;;
MVD:WeatherObserved:00006;Estación Meteorológica - Centro;2025-02-06 21:27:49;0;0;;Validado Manual;;;
MVD:WeatherObserved:00006;Estación Meteorológica - Centro;2025-02-06 21:32:49;0;0;;Validado Manual;;;
MVD:WeatherObserved:00006;Estación Meteorológica - Centro;2025-02-06 21:37:49;0;0;;Validado Manual;;;
MVD:WeatherObserved:00006;Estación Meteorológica - Centro;2025-02-06 21:42:49;0;0;;Validado Manual;;;
MVD:WeatherObserved:00006;Estación Meteorológica - Centro;2025-02-06 21:47:49;0;0;;Validado Manual;;;
MVD:WeatherObserved:00006;Estación Meteorológica - Centro;2025-02-06 21:52:49;0;0;;Validado Manual;;;
MVD:WeatherObserved:00006;Estación Meteorológica - Centro;2025-02-06 21:57:49;0;0;;Validado Manual;;;
MVD:WeatherObserved:00006;Estación Meteorológica - Centro;2025-02-06 22:02:49;0;0;;Validado Manual;;;
MVD:WeatherObserved:00006;Estación Meteorológica - Centro;2025-02-06 22:07:49;0;0;;Validado Manual;;;
MVD:WeatherObserved:00006;Estación Meteorológica - Centro;2025-02-06 22:12:49;0;0;;Validado Manual;;;
MVD:WeatherObserved:00006;Estación Meteorológica - Centro;2025-02-06 22:17:49;0;0;;Validado Manual;;;
MVD:WeatherObserved:00006;Estación Meteorológica - Centro;2025-02-06 22:22:49;0;0;;Validado Manual;;;
MVD:WeatherObserved:00006;Estación Meteorológica - Centro;2025-02-06 22:27:49;0;0;;Validado Manual;;;
MVD:WeatherObserved:00006;Estación Meteorológica - Centro;2025-02-06 22:32:49;0;0;;Validado Manual;;;
MVD:WeatherObserved:00006;Estación Meteorológica - Centro;2025-02-06 22:37:49;0;0;;Validado Manual;;;
MVD:WeatherObserved:00006;Estación Meteorológica - Centro;2025-02-06 22:42:49;0;0;;Validado Manual;;;
MVD:WeatherObserved:00006;Estación Meteorológica - Centro;2025-02-06 22:47:50;0;0;;Validado Manual;;;
MVD:WeatherObserved:00006;Estación Meteorológica - Centro;2025-02-06 22:52:50;0;0;;Validado Manual;;;
MVD:WeatherObserved:00006;Estación Meteorológica - Centro;2025-02-06 22:57:50;0;0;;Validado Manual;;;
MVD:WeatherObserved:00006;Estación Meteorológica - Centro;2025-02-06 23:02:50;0;0;;Validado Manual;;;
MVD:WeatherObserved:00006;Estación Meteorológica - Centro;2025-02-06 23:07:50;0;0;;Validado Manual;;;
MVD:WeatherObserved:00006;Estación Meteorológica - Centro;2025-02-06 23:12:51;0;0;;Validado Manual;;;
MVD:WeatherObserved:00006;Estación Meteorológica - Centro;2025-02-06 23:17:50;0;0;;Validado Manual;;;
MVD:WeatherObserved:00006;Estación Meteorológica - Centro;2025-02-06 23:22:50;0;0;;Validado Manual;;;
MVD:WeatherObserved:00006;Estación Meteorológica - Centro;2025-02-06 23:27:50;0;0;;Validado Manual;;;
MVD:WeatherObserved:00006;Estación Meteorológica - Centro;2025-02-06 23:32:50;0;0;;Validado Manual;;;
MVD:WeatherObserved:00006;Estación Meteorológica - Centro;2025-02-06 23:37:50;0;0;;Validado Manual;;;
MVD:WeatherObserved:00006;Estación Meteorológica - Centro;2025-02-06 23:42:51;0;0;;Validado Manual;;;
MVD:WeatherObserved:00006;Estación Meteorológica - Centro;2025-02-06 23:47:51;0;0;;Validado Manual;;;
MVD:WeatherObserved:00006;Estación Meteorológica - Centro;2025-02-06 23:52:51;0;0;;Validado Manual;;;
MVD:WeatherObserved:00006;Estación Meteorológica - Centro;2025-02-06 23:57:51;0;0;;Validado Manual;;;
MVD:WeatherObserved:00006;Estación Meteorológica - Centro;2025-02-07 00:02:51;0;0;;Validado Manual;;;
MVD:WeatherObserved:00006;Estación Meteorológica - Centro;2025-02-07 00:07:51;0;0;;Validado Manual;;;
MVD:WeatherObserved:00006;Estación Meteorológica - Centro;2025-02-07 00:12:51;0;0;;Validado Manual;;;
MVD:WeatherObserved:00006;Estación Meteorológica - Centro;2025-02-07 00:17:51;0;0;;Validado Manual;;;
MVD:WeatherObserved:00006;Estación Meteorológica - Centro;2025-02-07 00:22:51;0;0;;Validado Manual;;;
MVD:WeatherObserved:00006;Estación Meteorológica - Centro;2025-02-07 00:27:51;0;0;;Validado Manual;;;
MVD:WeatherObserved:00006;Estación Meteorológica - Centro;2025-02-07 00:32:51;0;0;;Validado Manual;;;
MVD:WeatherObserved:00006;Estación Meteorológica - Centro;2025-02-07 00:37:51;0;0;;Validado Manual;;;
MVD:WeatherObserved:00006;Estación Meteorológica - Centro;2025-02-07 00:42:51;0;0;;Validado Manual;;;
MVD:WeatherObserved:00006;Estación Meteorológica - Centro;2025-02-07 00:47:52;0;0;;Validado Manual;;;
MVD:WeatherObserved:00006;Estación Meteorológica - Centro;2025-02-07 00:52:52;0;0;;Validado Manual;;;
MVD:WeatherObserved:00006;Estación Meteorológica - Centro;2025-02-07 00:57:52;0;0;;Validado Manual;;;
MVD:WeatherObserved:00006;Estación Meteorológica - Centro;2025-02-07 01:02:52;0;0;;Validado Manual;;;
MVD:WeatherObserved:00006;Estación Meteorológica - Centro;2025-02-07 01:07:52;0;0;;Validado Manual;;;
MVD:WeatherObserved:00006;Estación Meteorológica - Centro;2025-02-07 01:12:52;0;0;;Validado Manual;;;
MVD:WeatherObserved:00006;Estación Meteorológica - Centro;2025-02-07 01:17:52;0;0;;Validado Manual;;;
MVD:WeatherObserved:00006;Estación Meteorológica - Centro;2025-02-07 01:22:52;0;0;;Validado Manual;;;
MVD:WeatherObserved:00006;Estación Meteorológica - Centro;2025-02-07 01:27:52;0;0;;Validado Manual;;;
MVD:WeatherObserved:00006;Estación Meteorológica - Centro;2025-02-07 01:32:52;0;0;;Validado Manual;;;
MVD:WeatherObserved:00006;Estación Meteorológica - Centro;2025-02-07 01:37:52;0;0;;Validado Manual;;;
MVD:WeatherObserved:00006;Estación Meteorológica - Centro;2025-02-07 01:42:52;0;0;;Validado Manual;;;
MVD:WeatherObserved:00006;Estación Meteorológica - Centro;2025-02-07 01:47:52;0;0;;Validado Manual;;;
MVD:WeatherObserved:00006;Estación Meteorológica - Centro;2025-02-07 01:52:52;0;0;;Validado Manual;;;
MVD:WeatherObserved:00006;Estación Meteorológica - Centro;2025-02-07 01:57:53;0;0;;Validado Manual;;;
MVD:WeatherObserved:00006;Estación Meteorológica - Centro;2025-02-07 02:02:53;0;0;;Validado Manual;;;
MVD:WeatherObserved:00006;Estación Meteorológica - Centro;2025-02-07 02:07:53;0;0;;Validado Manual;;;
MVD:WeatherObserved:00006;Estación Meteorológica - Centro;2025-02-07 02:12:53;0;0;;Validado Manual;;;
MVD:WeatherObserved:00006;Estación Meteorológica - Centro;2025-02-07 02:17:53;0;0;;Validado Manual;;;
MVD:WeatherObserved:00006;Estación Meteorológica - Centro;2025-02-07 02:22:53;0;0;;Validado Manual;;;
MVD:WeatherObserved:00006;Estación Meteorológica - Centro;2025-02-07 02:27:53;0;0;;Validado Manual;;;
MVD:WeatherObserved:00006;Estación Meteorológica - Centro;2025-02-07 02:32:53;0;0;;Validado Manual;;;
MVD:WeatherObserved:00006;Estación Meteorológica - Centro;2025-02-07 02:37:53;0;0;;Validado Manual;;;
MVD:WeatherObserved:00006;Estación Meteorológica - Centro;2025-02-07 02:42:53;0;0;;Validado Manual;;;
MVD:WeatherObserved:00006;Estación Meteorológica - Centro;2025-02-07 02:47:53;0;0;;Validado Manual;;;
MVD:WeatherObserved:00006;Estación Meteorológica - Centro;2025-02-07 02:52:53;0;0;;Validado Manual;;;
MVD:WeatherObserved:00006;Estación Meteorológica - Centro;2025-02-07 02:57:53;0;0;;Validado Manual;;;
MVD:WeatherObserved:00006;Estación Meteorológica - Centro;2025-02-07 03:02:54;0;0;;Validado Manual;;;
MVD:WeatherObserved:00006;Estación Meteorológica - Centro;2025-02-07 03:07:54;0;0;;Validado Manual;;;
MVD:WeatherObserved:00006;Estación Meteorológica - Centro;2025-02-07 03:12:54;0;0;;Validado Manual;;;
MVD:WeatherObserved:00006;Estación Meteorológica - Centro;2025-02-07 03:17:54;0;0;;Validado Manual;;;
MVD:WeatherObserved:00006;Estación Meteorológica - Centro;2025-02-07 03:22:54;0;0;;Validado Manual;;;
MVD:WeatherObserved:00006;Estación Meteorológica - Centro;2025-02-07 03:27:54;0;0;;Validado Manual;;;
MVD:WeatherObserved:00006;Estación Meteorológica - Centro;2025-02-07 03:32:54;0;0;;Validado Manual;;;
MVD:WeatherObserved:00006;Estación Meteorológica - Centro;2025-02-07 03:37:54;0;0;;Validado Manual;;;
MVD:WeatherObserved:00006;Estación Meteorológica - Centro;2025-02-07 03:42:54;0;0;;Validado Manual;;;
MVD:WeatherObserved:00006;Estación Meteorológica - Centro;2025-02-07 03:47:54;0;0;;Validado Manual;;;
MVD:WeatherObserved:00006;Estación Meteorológica - Centro;2025-02-07 03:52:54;0;0;;Validado Manual;;;
MVD:WeatherObserved:00006;Estación Meteorológica - Centro;2025-02-07 03:57:54;0;0;;Validado Manual;;;
MVD:WeatherObserved:00006;Estación Meteorológica - Centro;2025-02-07 04:02:54;0;0;;Validado Manual;;;
MVD:WeatherObserved:00006;Estación Meteorológica - Centro;2025-02-07 04:12:55;0;0;;Validado Manual;;;
MVD:WeatherObserved:00006;Estación Meteorológica - Centro;2025-02-07 04:17:55;0;0;;Validado Manual;;;
MVD:WeatherObserved:00006;Estación Meteorológica - Centro;2025-02-07 04:22:55;0;0;;Validado Manual;;;
MVD:WeatherObserved:00006;Estación Meteorológica - Centro;2025-02-07 04:27:55;0;0;;Validado Manual;;;
MVD:WeatherObserved:00006;Estación Meteorológica - Centro;2025-02-07 04:32:55;0;0;;Validado Manual;;;
MVD:WeatherObserved:00006;Estación Meteorológica - Centro;2025-02-07 04:37:55;0;0;;Validado Manual;;;
MVD:WeatherObserved:00006;Estación Meteorológica - Centro;2025-02-07 04:42:55;0;0;;Validado Manual;;;
MVD:WeatherObserved:00006;Estación Meteorológica - Centro;2025-02-07 04:47:55;0;0;;Validado Manual;;;
MVD:WeatherObserved:00006;Estación Meteorológica - Centro;2025-02-07 04:52:55;0;0;;Validado Manual;;;
MVD:WeatherObserved:00006;Estación Meteorológica - Centro;2025-02-07 04:57:55;0;0;;Validado Manual;;;
MVD:WeatherObserved:00006;Estación Meteorológica - Centro;2025-02-07 05:02:55;0;0;;Validado Manual;;;
MVD:WeatherObserved:00006;Estación Meteorológica - Centro;2025-02-07 05:07:55;0;0;;Validado Manual;;;
MVD:WeatherObserved:00006;Estación Meteorológica - Centro;2025-02-07 05:12:55;0;0;;Validado Manual;;;
MVD:WeatherObserved:00006;Estación Meteorológica - Centro;2025-02-07 05:17:55;0;0;;Validado Manual;;;
MVD:WeatherObserved:00006;Estación Meteorológica - Centro;2025-02-07 05:22:55;0;0;;Validado Manual;;;
MVD:WeatherObserved:00006;Estación Meteorológica - Centro;2025-02-07 05:27:56;0;0;;Validado Manual;;;
MVD:WeatherObserved:00006;Estación Meteorológica - Centro;2025-02-07 05:32:56;0;0;;Validado Manual;;;
MVD:WeatherObserved:00006;Estación Meteorológica - Centro;2025-02-07 05:37:56;0;0;;Validado Manual;;;
MVD:WeatherObserved:00006;Estación Meteorológica - Centro;2025-02-07 05:42:56;0;0;;Validado Manual;;;
MVD:WeatherObserved:00006;Estación Meteorológica - Centro;2025-02-07 05:47:56;0;0;;Validado Manual;;;
MVD:WeatherObserved:00006;Estación Meteorológica - Centro;2025-02-07 05:52:56;0;0;;Validado Manual;;;
MVD:WeatherObserved:00006;Estación Meteorológica - Centro;2025-02-07 05:57:56;0;0;;Validado Manual;;;
MVD:WeatherObserved:00006;Estación Meteorológica - Centro;2025-02-07 06:02:56;0;0;;Validado Manual;;;
MVD:WeatherObserved:00006;Estación Meteorológica - Centro;2025-02-07 06:07:56;0;0;;Validado Manual;;;
MVD:WeatherObserved:00006;Estación Meteorológica - Centro;2025-02-07 06:12:56;0;0;;Validado Manual;;;
MVD:WeatherObserved:00006;Estación Meteorológica - Centro;2025-02-07 06:17:56;0;0;;Validado Manual;;;
MVD:WeatherObserved:00006;Estación Meteorológica - Centro;2025-02-07 06:22:56;0;0;;Validado Manual;;;
MVD:WeatherObserved:00006;Estación Meteorológica - Centro;2025-02-07 06:27:57;0;0;;Validado Manual;;;
MVD:WeatherObserved:00006;Estación Meteorológica - Centro;2025-02-07 06:32:57;0;0;;Validado Manual;;;
MVD:WeatherObserved:00006;Estación Meteorológica - Centro;2025-02-07 06:37:57;0;0;;Validado Manual;;;
MVD:WeatherObserved:00006;Estación Meteorológica - Centro;2025-02-07 06:42:57;0;0;;Validado Manual;;;
MVD:WeatherObserved:00006;Estación Meteorológica - Centro;2025-02-07 06:47:57;0;0;;Validado Manual;;;
MVD:WeatherObserved:00006;Estación Meteorológica - Centro;2025-02-07 06:52:57;0;0;;Validado Manual;;;
MVD:WeatherObserved:00006;Estación Meteorológica - Centro;2025-02-07 06:57:57;0;0;;Validado Manual;;;
MVD:WeatherObserved:00006;Estación Meteorológica - Centro;2025-02-07 07:02:57;0;0;;Validado Manual;;;
MVD:WeatherObserved:00006;Estación Meteorológica - Centro;2025-02-07 07:07:57;0;0;;Validado Manual;;;
MVD:WeatherObserved:00006;Estación Meteorológica - Centro;2025-02-07 07:12:57;0;0;;Validado Manual;;;
MVD:WeatherObserved:00006;Estación Meteorológica - Centro;2025-02-07 07:17:57;0;0;;Validado Manual;;;
MVD:WeatherObserved:00006;Estación Meteorológica - Centro;2025-02-07 07:22:57;0;0;;Validado Manual;;;
MVD:WeatherObserved:00006;Estación Meteorológica - Centro;2025-02-07 07:27:57;0;0;;Validado Manual;;;
MVD:WeatherObserved:00006;Estación Meteorológica - Centro;2025-02-07 07:32:57;0;0;;Validado Manual;;;
MVD:WeatherObserved:00006;Estación Meteorológica - Centro;2025-02-07 07:37:57;0;0;;Validado Manual;;;
MVD:WeatherObserved:00006;Estación Meteorológica - Centro;2025-02-07 07:42:58;0;0;;Validado Manual;;;
MVD:WeatherObserved:00006;Estación Meteorológica - Centro;2025-02-07 07:47:58;0;0;;Validado Manual;;;
MVD:WeatherObserved:00006;Estación Meteorológica - Centro;2025-02-07 07:52:58;0;0;;Validado Manual;;;
MVD:WeatherObserved:00006;Estación Meteorológica - Centro;2025-02-07 07:57:58;0;0;;Validado Manual;;;
MVD:WeatherObserved:00006;Estación Meteorológica - Centro;2025-02-07 08:02:58;0;0;;Validado Manual;;;
MVD:WeatherObserved:00006;Estación Meteorológica - Centro;2025-02-07 08:07:58;0;0;;Validado Manual;;;
MVD:WeatherObserved:00006;Estación Meteorológica - Centro;2025-02-07 08:12:58;0;0;;Validado Manual;;;
MVD:WeatherObserved:00006;Estación Meteorológica - Centro;2025-02-07 08:17:58;0;0;;Validado Manual;;;
MVD:WeatherObserved:00006;Estación Meteorológica - Centro;2025-02-07 08:22:58;0;0;;Validado Manual;;;
MVD:WeatherObserved:00006;Estación Meteorológica - Centro;2025-02-07 08:27:58;0;0;;Validado Manual;;;
MVD:WeatherObserved:00006;Estación Meteorológica - Centro;2025-02-07 08:32:58;0;0;;Validado Manual;;;
MVD:WeatherObserved:00006;Estación Meteorológica - Centro;2025-02-07 08:37:58;0;0;;Validado Manual;;;
MVD:WeatherObserved:00006;Estación Meteorológica - Centro;2025-02-07 08:42:59;0;0;;Validado Manual;;;
MVD:WeatherObserved:00006;Estación Meteorológica - Centro;2025-02-07 08:47:59;0;0;;Validado Manual;;;
MVD:WeatherObserved:00006;Estación Meteorológica - Centro;2025-02-07 08:52:59;0;0;;Validado Manual;;;
MVD:WeatherObserved:00006;Estación Meteorológica - Centro;2025-02-07 08:57:59;0;0;;Validado Manual;;;
MVD:WeatherObserved:00006;Estación Meteorológica - Centro;2025-02-07 09:02:59;0;0;;Validado Manual;;;
MVD:WeatherObserved:00006;Estación Meteorológica - Centro;2025-02-07 09:07:59;0;0;;Validado Manual;;;
MVD:WeatherObserved:00006;Estación Meteorológica - Centro;2025-02-07 09:12:59;0;0;;Validado Manual;;;
MVD:WeatherObserved:00006;Estación Meteorológica - Centro;2025-02-07 09:17:59;0;0;;Validado Manual;;;
MVD:WeatherObserved:00006;Estación Meteorológica - Centro;2025-02-07 09:22:59;0;0;;Validado Manual;;;
MVD:WeatherObserved:00006;Estación Meteorológica - Centro;2025-02-07 09:27:59;0;0;;Validado Manual;;;
MVD:WeatherObserved:00006;Estación Meteorológica - Centro;2025-02-07 09:32:59;0;0;;Validado Manual;;;
MVD:WeatherObserved:00006;Estación Meteorológica - Centro;2025-02-07 09:37:59;0;0;;Validado Manual;;;
MVD:WeatherObserved:00006;Estación Meteorológica - Centro;2025-02-07 09:42:59;0;0;;Validado Manual;;;
MVD:WeatherObserved:00006;Estación Meteorológica - Centro;2025-02-07 09:48:00;0;0;;Validado Manual;;;
MVD:WeatherObserved:00006;Estación Meteorológica - Centro;2025-02-07 09:53:00;0;0;;Validado Manual;;;
MVD:WeatherObserved:00006;Estación Meteorológica - Centro;2025-02-07 09:58:00;0;0;;Validado Manual;;;
MVD:WeatherObserved:00006;Estación Meteorológica - Centro;2025-02-07 10:03:00;0;0;;Validado Manual;;;
MVD:WeatherObserved:00006;Estación Meteorológica - Centro;2025-02-07 10:08:00;0;0;;Validado Manual;;;
MVD:WeatherObserved:00006;Estación Meteorológica - Centro;2025-02-07 10:13:00;0;0;;Validado Manual;;;
MVD:WeatherObserved:00006;Estación Meteorológica - Centro;2025-02-07 10:18:00;0;0;;Validado Manual;;;
MVD:WeatherObserved:00006;Estación Meteorológica - Centro;2025-02-07 10:23:00;0;0;;Validado Manual;;;
MVD:WeatherObserved:00006;Estación Meteorológica - Centro;2025-02-07 10:28:00;0;0;;Validado Manual;;;
MVD:WeatherObserved:00006;Estación Meteorológica - Centro;2025-02-07 10:33:00;0;0;;Validado Manual;;;
MVD:WeatherObserved:00006;Estación Meteorológica - Centro;2025-02-07 10:38:00;0;0;;Validado Manual;;;
MVD:WeatherObserved:00006;Estación Meteorológica - Centro;2025-02-07 10:43:00;0;0;;Validado Manual;;;
MVD:WeatherObserved:00006;Estación Meteorológica - Centro;2025-02-07 10:48:00;0;0;;Validado Manual;;;
MVD:WeatherObserved:00006;Estación Meteorológica - Centro;2025-02-07 10:53:00;0;0;;Validado Manual;;;
MVD:WeatherObserved:00006;Estación Meteorológica - Centro;2025-02-07 10:58:01;0;0;;Validado Manual;;;
MVD:WeatherObserved:00006;Estación Meteorológica - Centro;2025-02-07 11:03:01;0;0;;Validado Manual;;;
MVD:WeatherObserved:00006;Estación Meteorológica - Centro;2025-02-07 11:08:01;0;0;;Validado Manual;;;
MVD:WeatherObserved:00006;Estación Meteorológica - Centro;2025-02-07 11:13:01;0;0;;Validado Manual;;;
MVD:WeatherObserved:00006;Estación Meteorológica - Centro;2025-02-07 11:18:01;0;0;;Validado Manual;;;
MVD:WeatherObserved:00006;Estación Meteorológica - Centro;2025-02-07 11:23:01;0;0;;Validado Manual;;;
MVD:WeatherObserved:00006;Estación Meteorológica - Centro;2025-02-07 11:28:01;0;0;;Validado Manual;;;
MVD:WeatherObserved:00006;Estación Meteorológica - Centro;2025-02-07 11:33:01;0;0;;Validado Manual;;;
MVD:WeatherObserved:00006;Estación Meteorológica - Centro;2025-02-07 11:38:01;0;0;;Validado Manual;;;
MVD:WeatherObserved:00006;Estación Meteorológica - Centro;2025-02-07 11:43:01;0;0;;Validado Manual;;;
MVD:WeatherObserved:00006;Estación Meteorológica - Centro;2025-02-07 11:48:01;0;0;;Validado Manual;;;
MVD:WeatherObserved:00006;Estación Meteorológica - Centro;2025-02-07 11:53:01;0;0;;Validado Manual;;;
MVD:WeatherObserved:00006;Estación Meteorológica - Centro;2025-02-07 11:58:01;0;0;;Validado Manual;;;
MVD:WeatherObserved:00006;Estación Meteorológica - Centro;2025-02-07 12:03:01;0;0;;Validado Manual;;;
MVD:WeatherObserved:00006;Estación Meteorológica - Centro;2025-02-07 12:08:01;0;0;;Validado Manual;;;
MVD:WeatherObserved:00006;Estación Meteorológica - Centro;2025-02-07 12:13:02;0;0;;Validado Manual;;;
MVD:WeatherObserved:00006;Estación Meteorológica - Centro;2025-02-07 12:18:02;0;0;;Validado Manual;;;
MVD:WeatherObserved:00006;Estación Meteorológica - Centro;2025-02-07 12:23:02;0;0;;Validado Manual;;;
MVD:WeatherObserved:00006;Estación Meteorológica - Centro;2025-02-07 12:28:02;0;0;;Validado Manual;;;
MVD:WeatherObserved:00006;Estación Meteorológica - Centro;2025-02-07 12:33:02;0;0;;Validado Manual;;;
MVD:WeatherObserved:00006;Estación Meteorológica - Centro;2025-02-07 12:38:02;0;0;;Validado Manual;;;
MVD:WeatherObserved:00006;Estación Meteorológica - Centro;2025-02-07 12:43:02;0;0;;Validado Manual;;;
MVD:WeatherObserved:00006;Estación Meteorológica - Centro;2025-02-07 12:48:02;0;0;;Validado Manual;;;
MVD:WeatherObserved:00006;Estación Meteorológica - Centro;2025-02-07 12:53:02;0;0;;Validado Manual;;;
MVD:WeatherObserved:00006;Estación Meteorológica - Centro;2025-02-07 12:58:02;0;0;;Validado Manual;;;
MVD:WeatherObserved:00006;Estación Meteorológica - Centro;2025-02-07 13:03:02;0;0;;Validado Manual;;;
MVD:WeatherObserved:00006;Estación Meteorológica - Centro;2025-02-07 13:08:02;0;0;;Validado Manual;;;
MVD:WeatherObserved:00006;Estación Meteorológica - Centro;2025-02-07 13:13:02;0;0;;Validado Manual;;;
MVD:WeatherObserved:00006;Estación Meteorológica - Centro;2025-02-07 13:18:02;0;0;;Validado Manual;;;
MVD:WeatherObserved:00006;Estación Meteorológica - Centro;2025-02-07 13:23:02;0;0;;Validado Manual;;;
MVD:WeatherObserved:00006;Estación Meteorológica - Centro;2025-02-07 13:28:02;0;0;;Validado Manual;;;
MVD:WeatherObserved:00006;Estación Meteorológica - Centro;2025-02-07 13:33:03;0;0;;Validado Manual;;;
MVD:WeatherObserved:00006;Estación Meteorológica - Centro;2025-02-07 13:38:03;0;0;;Validado Manual;;;
MVD:WeatherObserved:00006;Estación Meteorológica - Centro;2025-02-07 13:43:03;0;0;;Validado Manual;;;
MVD:WeatherObserved:00006;Estación Meteorológica - Centro;2025-02-07 13:48:03;0;0;;Validado Manual;;;
MVD:WeatherObserved:00006;Estación Meteorológica - Centro;2025-02-07 13:53:03;0;0;;Validado Manual;;;
MVD:WeatherObserved:00006;Estación Meteorológica - Centro;2025-02-07 13:58:03;0;0;;Validado Manual;;;
MVD:WeatherObserved:00006;Estación Meteorológica - Centro;2025-02-07 14:03:03;0;0;;Validado Manual;;;
MVD:WeatherObserved:00006;Estación Meteorológica - Centro;2025-02-07 14:08:03;0;0;;Validado Manual;;;
MVD:WeatherObserved:00006;Estación Meteorológica - Centro;2025-02-07 14:13:03;0;0;;Validado Manual;;;
MVD:WeatherObserved:00006;Estación Meteorológica - Centro;2025-02-07 14:18:03;0;0;;Validado Manual;;;
MVD:WeatherObserved:00006;Estación Meteorológica - Centro;2025-02-07 14:23:03;0;0;;Validado Manual;;;
MVD:WeatherObserved:00006;Estación Meteorológica - Centro;2025-02-07 14:28:04;0;0;;Validado Manual;;;
MVD:WeatherObserved:00006;Estación Meteorológica - Centro;2025-02-07 14:33:03;0;0;;Validado Manual;;;
MVD:WeatherObserved:00006;Estación Meteorológica - Centro;2025-02-07 14:38:04;0;0;;Validado Manual;;;
MVD:WeatherObserved:00006;Estación Meteorológica - Centro;2025-02-07 14:43:03;0;0;;Validado Manual;;;
MVD:WeatherObserved:00006;Estación Meteorológica - Centro;2025-02-07 14:48:03;0;0;;Validado Manual;;;
MVD:WeatherObserved:00006;Estación Meteorológica - Centro;2025-02-07 14:53:04;0;0;;Validado Manual;;;
MVD:WeatherObserved:00006;Estación Meteorológica - Centro;2025-02-07 14:58:04;0;0;;Validado Manual;;;
MVD:WeatherObserved:00006;Estación Meteorológica - Centro;2025-02-07 15:03:04;0;0;;Validado Manual;;;
MVD:WeatherObserved:00006;Estación Meteorológica - Centro;2025-02-07 15:08:04;0;0;;Validado Manual;;;
MVD:WeatherObserved:00006;Estación Meteorológica - Centro;2025-02-07 15:13:04;0;0;;Validado Manual;;;
MVD:WeatherObserved:00006;Estación Meteorológica - Centro;2025-02-07 15:18:04;0;0;;Validado Manual;;;
MVD:WeatherObserved:00006;Estación Meteorológica - Centro;2025-02-07 15:23:04;0;0;;Validado Manual;;;
MVD:WeatherObserved:00006;Estación Meteorológica - Centro;2025-02-07 15:28:04;0;0;;Validado Manual;;;
MVD:WeatherObserved:00006;Estación Meteorológica - Centro;2025-02-07 15:33:04;0;0;;Validado Manual;;;
MVD:WeatherObserved:00006;Estación Meteorológica - Centro;2025-02-07 15:38:04;0;0;;Validado Manual;;;
MVD:WeatherObserved:00006;Estación Meteorológica - Centro;2025-02-07 15:43:04;0;0;;Validado Manual;;;
MVD:WeatherObserved:00006;Estación Meteorológica - Centro;2025-02-07 15:48:04;0;0;;Validado Manual;;;
MVD:WeatherObserved:00006;Estación Meteorológica - Centro;2025-02-07 15:53:04;0;0;;Validado Manual;;;
MVD:WeatherObserved:00006;Estación Meteorológica - Centro;2025-02-07 15:58:04;0;0;;Validado Manual;;;
MVD:WeatherObserved:00006;Estación Meteorológica - Centro;2025-02-07 16:03:04;0;0;;Validado Manual;;;
MVD:WeatherObserved:00006;Estación Meteorológica - Centro;2025-02-07 16:08:05;0;0;;Validado Manual;;;
MVD:WeatherObserved:00006;Estación Meteorológica - Centro;2025-02-07 16:13:05;0;0;;Validado Manual;;;
MVD:WeatherObserved:00006;Estación Meteorológica - Centro;2025-02-07 16:18:05;0;0;;Validado Manual;;;
MVD:WeatherObserved:00006;Estación Meteorológica - Centro;2025-02-07 16:23:05;0;0;;Validado Manual;;;
MVD:WeatherObserved:00006;Estación Meteorológica - Centro;2025-02-07 16:28:05;0;0;;Validado Manual;;;
MVD:WeatherObserved:00006;Estación Meteorológica - Centro;2025-02-07 16:33:05;0;0;;Validado Manual;;;
MVD:WeatherObserved:00006;Estación Meteorológica - Centro;2025-02-07 16:38:05;0;0;;Validado Manual;;;
MVD:WeatherObserved:00006;Estación Meteorológica - Centro;2025-02-07 16:43:05;0;0;;Validado Manual;;;
MVD:WeatherObserved:00006;Estación Meteorológica - Centro;2025-02-07 16:48:05;0;0;;Validado Manual;;;
MVD:WeatherObserved:00006;Estación Meteorológica - Centro;2025-02-07 16:53:05;0;0;;Validado Manual;;;
MVD:WeatherObserved:00006;Estación Meteorológica - Centro;2025-02-07 16:58:05;0;0;;Validado Manual;;;
MVD:WeatherObserved:00006;Estación Meteorológica - Centro;2025-02-07 17:03:05;0;0;;Validado Manual;;;
MVD:WeatherObserved:00006;Estación Meteorológica - Centro;2025-02-07 17:08:05;0;0;;Validado Manual;;;
MVD:WeatherObserved:00006;Estación Meteorológica - Centro;2025-02-07 17:13:05;0;0;;Validado Manual;;;
MVD:WeatherObserved:00006;Estación Meteorológica - Centro;2025-02-07 17:18:06;0;0;;Validado Manual;;;
MVD:WeatherObserved:00006;Estación Meteorológica - Centro;2025-02-07 17:23:06;0;0;;Validado Manual;;;
MVD:WeatherObserved:00006;Estación Meteorológica - Centro;2025-02-07 17:28:06;0;0;;Validado Manual;;;
MVD:WeatherObserved:00006;Estación Meteorológica - Centro;2025-02-07 17:33:06;0;0;;Validado Manual;;;
MVD:WeatherObserved:00006;Estación Meteorológica - Centro;2025-02-07 17:38:06;0;0;;Validado Manual;;;
MVD:WeatherObserved:00006;Estación Meteorológica - Centro;2025-02-07 17:43:06;0;0;;Validado Manual;;;
MVD:WeatherObserved:00006;Estación Meteorológica - Centro;2025-02-07 17:48:06;0;0;;Validado Manual;;;
MVD:WeatherObserved:00006;Estación Meteorológica - Centro;2025-02-07 17:53:06;0;0;;Validado Manual;;;
MVD:WeatherObserved:00006;Estación Meteorológica - Centro;2025-02-07 17:58:06;0;0;;Validado Manual;;;
MVD:WeatherObserved:00006;Estación Meteorológica - Centro;2025-02-07 18:03:06;0;0;;Validado Manual;;;
MVD:WeatherObserved:00006;Estación Meteorológica - Centro;2025-02-07 18:08:06;0;0;;Validado Manual;;;
MVD:WeatherObserved:00006;Estación Meteorológica - Centro;2025-02-07 18:13:06;0;0;;Validado Manual;;;
MVD:WeatherObserved:00006;Estación Meteorológica - Centro;2025-02-07 18:18:06;0;0;;Validado Manual;;;
MVD:WeatherObserved:00006;Estación Meteorológica - Centro;2025-02-07 18:23:07;0;0;;Validado Manual;;;
MVD:WeatherObserved:00006;Estación Meteorológica - Centro;2025-02-07 18:28:07;0;0;;Validado Manual;;;
MVD:WeatherObserved:00006;Estación Meteorológica - Centro;2025-02-07 18:33:07;0;0;;Validado Manual;;;
MVD:WeatherObserved:00006;Estación Meteorológica - Centro;2025-02-07 18:38:07;0;0;;Validado Manual;;;
MVD:WeatherObserved:00006;Estación Meteorológica - Centro;2025-02-07 18:43:07;0;0;;Validado Manual;;;
MVD:WeatherObserved:00006;Estación Meteorológica - Centro;2025-02-07 18:48:07;0;0;;Validado Manual;;;
MVD:WeatherObserved:00006;Estación Meteorológica - Centro;2025-02-07 18:53:07;0;0;;Validado Manual;;;
MVD:WeatherObserved:00006;Estación Meteorológica - Centro;2025-02-07 18:58:07;0;0;;Validado Manual;;;
MVD:WeatherObserved:00006;Estación Meteorológica - Centro;2025-02-07 19:03:07;0;0;;Validado Manual;;;
MVD:WeatherObserved:00006;Estación Meteorológica - Centro;2025-02-07 19:08:07;0;0;;Validado Manual;;;
MVD:WeatherObserved:00006;Estación Meteorológica - Centro;2025-02-07 19:13:07;0;0;;Validado Manual;;;
MVD:WeatherObserved:00006;Estación Meteorológica - Centro;2025-02-07 19:18:07;0;0;;Validado Manual;;;
MVD:WeatherObserved:00006;Estación Meteorológica - Centro;2025-02-07 19:23:07;0;0;;Validado Manual;;;
MVD:WeatherObserved:00006;Estación Meteorológica - Centro;2025-02-07 19:28:07;0;0;;Validado Manual;;;
MVD:WeatherObserved:00006;Estación Meteorológica - Centro;2025-02-07 19:33:07;0;0;;Validado Manual;;;
MVD:WeatherObserved:00006;Estación Meteorológica - Centro;2025-02-07 19:38:07;0;0;;Validado Manual;;;
MVD:WeatherObserved:00006;Estación Meteorológica - Centro;2025-02-07 19:43:07;0;0;;Validado Manual;;;
MVD:WeatherObserved:00006;Estación Meteorológica - Centro;2025-02-07 19:48:07;0;0;;Validado Manual;;;
MVD:WeatherObserved:00006;Estación Meteorológica - Centro;2025-02-07 19:53:07;0;0;;Validado Manual;;;
MVD:WeatherObserved:00006;Estación Meteorológica - Centro;2025-02-07 19:58:07;0;0;;Validado Manual;;;
MVD:WeatherObserved:00006;Estación Meteorológica - Centro;2025-02-07 20:03:08;0;0;;Validado Manual;;;
MVD:WeatherObserved:00006;Estación Meteorológica - Centro;2025-02-07 20:08:08;0;0;;Validado Manual;;;
MVD:WeatherObserved:00006;Estación Meteorológica - Centro;2025-02-07 20:13:08;0;0;;Validado Manual;;;
MVD:WeatherObserved:00006;Estación Meteorológica - Centro;2025-02-07 20:18:08;0;0;;Validado Manual;;;
MVD:WeatherObserved:00006;Estación Meteorológica - Centro;2025-02-07 20:23:08;0;0;;Validado Manual;;;
MVD:WeatherObserved:00006;Estación Meteorológica - Centro;2025-02-07 20:28:08;0;0;;Validado Manual;;;
MVD:WeatherObserved:00006;Estación Meteorológica - Centro;2025-02-07 20:33:08;0;0;;Validado Manual;;;
MVD:WeatherObserved:00006;Estación Meteorológica - Centro;2025-02-07 20:38:08;0;0;;Validado Manual;;;
MVD:WeatherObserved:00006;Estación Meteorológica - Centro;2025-02-07 20:43:08;0;0;;Validado Manual;;;
MVD:WeatherObserved:00006;Estación Meteorológica - Centro;2025-02-07 20:48:08;0;0;;Validado Manual;;;
MVD:WeatherObserved:00006;Estación Meteorológica - Centro;2025-02-07 20:53:08;0;0;;Validado Manual;;;
MVD:WeatherObserved:00006;Estación Meteorológica - Centro;2025-02-07 20:58:08;0;0;;Validado Manual;;;
MVD:WeatherObserved:00006;Estación Meteorológica - Centro;2025-02-07 21:03:08;0;0;;Validado Manual;;;
MVD:WeatherObserved:00006;Estación Meteorológica - Centro;2025-02-07 21:08:08;0;0;;Validado Manual;;;
MVD:WeatherObserved:00006;Estación Meteorológica - Centro;2025-02-07 21:13:08;0;0;;Validado Manual;;;
MVD:WeatherObserved:00006;Estación Meteorológica - Centro;2025-02-07 21:18:09;0;0;;Validado Manual;;;
MVD:WeatherObserved:00006;Estación Meteorológica - Centro;2025-02-07 21:23:09;0;0;;Validado Manual;;;
MVD:WeatherObserved:00006;Estación Meteorológica - Centro;2025-02-07 21:28:09;0;0;;Validado Manual;;;
MVD:WeatherObserved:00006;Estación Meteorológica - Centro;2025-02-07 21:33:09;0;0;;Validado Manual;;;
MVD:WeatherObserved:00006;Estación Meteorológica - Centro;2025-02-07 21:38:09;0;0;;Validado Manual;;;
MVD:WeatherObserved:00006;Estación Meteorológica - Centro;2025-02-07 21:43:09;0;0;;Validado Manual;;;
MVD:WeatherObserved:00006;Estación Meteorológica - Centro;2025-02-07 21:48:09;0;0;;Validado Manual;;;
MVD:WeatherObserved:00006;Estación Meteorológica - Centro;2025-02-07 21:53:09;0;0;;Validado Manual;;;
MVD:WeatherObserved:00006;Estación Meteorológica - Centro;2025-02-07 21:58:09;0;0;;Validado Manual;;;
MVD:WeatherObserved:00006;Estación Meteorológica - Centro;2025-02-07 22:03:09;0;0;;Validado Manual;;;
MVD:WeatherObserved:00006;Estación Meteorológica - Centro;2025-02-07 22:08:09;0;0;;Validado Manual;;;
MVD:WeatherObserved:00006;Estación Meteorológica - Centro;2025-02-07 22:13:09;0;0;;Validado Manual;;;
MVD:WeatherObserved:00006;Estación Meteorológica - Centro;2025-02-07 22:18:09;0;0;;Validado Manual;;;
MVD:WeatherObserved:00006;Estación Meteorológica - Centro;2025-02-07 22:23:09;0;0;;Validado Manual;;;
MVD:WeatherObserved:00006;Estación Meteorológica - Centro;2025-02-07 22:28:09;0;0;;Validado Manual;;;
MVD:WeatherObserved:00006;Estación Meteorológica - Centro;2025-02-07 22:33:09;0;0;;Validado Manual;;;
MVD:WeatherObserved:00006;Estación Meteorológica - Centro;2025-02-07 22:38:09;0;0;;Validado Manual;;;
MVD:WeatherObserved:00006;Estación Meteorológica - Centro;2025-02-07 22:43:09;0;0;;Validado Manual;;;
MVD:WeatherObserved:00006;Estación Meteorológica - Centro;2025-02-07 22:48:09;0;0;;Validado Manual;;;
MVD:WeatherObserved:00006;Estación Meteorológica - Centro;2025-02-07 22:53:09;0;0;;Validado Manual;;;
MVD:WeatherObserved:00006;Estación Meteorológica - Centro;2025-02-07 22:58:09;0;0;;Validado Manual;;;
MVD:WeatherObserved:00006;Estación Meteorológica - Centro;2025-02-07 23:03:10;0;0;;Validado Manual;;;
MVD:WeatherObserved:00006;Estación Meteorológica - Centro;2025-02-07 23:08:10;0;0;;Validado Manual;;;
MVD:WeatherObserved:00006;Estación Meteorológica - Centro;2025-02-07 23:13:10;0;0;;Validado Manual;;;
MVD:WeatherObserved:00006;Estación Meteorológica - Centro;2025-02-07 23:18:10;0;0;;Validado Manual;;;
MVD:WeatherObserved:00006;Estación Meteorológica - Centro;2025-02-07 23:23:10;0;0;;Validado Manual;;;
MVD:WeatherObserved:00006;Estación Meteorológica - Centro;2025-02-07 23:28:10;0;0;;Validado Manual;;;
MVD:WeatherObserved:00006;Estación Meteorológica - Centro;2025-02-07 23:33:10;0;0;;Validado Manual;;;
MVD:WeatherObserved:00006;Estación Meteorológica - Centro;2025-02-07 23:38:10;0;0;;Validado Manual;;;
MVD:WeatherObserved:00006;Estación Meteorológica - Centro;2025-02-07 23:43:10;0;0;;Validado Manual;;;
MVD:WeatherObserved:00006;Estación Meteorológica - Centro;2025-02-07 23:48:10;0;0;;Validado Manual;;;
MVD:WeatherObserved:00006;Estación Meteorológica - Centro;2025-02-07 23:53:10;0;0;;Validado Manual;;;
MVD:WeatherObserved:00006;Estación Meteorológica - Centro;2025-02-07 23:58:10;0;0;;Validado Manual;;;
MVD:WeatherObserved:00006;Estación Meteorológica - Centro;2025-02-08 00:03:10;0;0;;Validado Manual;;;
MVD:WeatherObserved:00006;Estación Meteorológica - Centro;2025-02-08 00:08:10;0;0;;Validado Manual;;;
MVD:WeatherObserved:00006;Estación Meteorológica - Centro;2025-02-08 00:13:10;0;0;;Validado Manual;;;
MVD:WeatherObserved:00006;Estación Meteorológica - Centro;2025-02-08 00:18:10;0;0;;Validado Manual;;;
MVD:WeatherObserved:00006;Estación Meteorológica - Centro;2025-02-08 00:23:11;0;0;;Validado Manual;;;
MVD:WeatherObserved:00006;Estación Meteorológica - Centro;2025-02-08 00:28:11;0;0;;Validado Manual;;;
MVD:WeatherObserved:00006;Estación Meteorológica - Centro;2025-02-08 00:33:11;0;0;;Validado Manual;;;
MVD:WeatherObserved:00006;Estación Meteorológica - Centro;2025-02-08 00:38:11;0;0;;Validado Manual;;;
MVD:WeatherObserved:00006;Estación Meteorológica - Centro;2025-02-08 00:43:11;0;0;;Validado Manual;;;
MVD:WeatherObserved:00006;Estación Meteorológica - Centro;2025-02-08 00:48:11;0;0;;Validado Manual;;;
MVD:WeatherObserved:00006;Estación Meteorológica - Centro;2025-02-08 00:53:11;0;0;;Validado Manual;;;
MVD:WeatherObserved:00006;Estación Meteorológica - Centro;2025-02-08 00:58:12;0;0;;Validado Manual;;;
MVD:WeatherObserved:00006;Estación Meteorológica - Centro;2025-02-08 01:03:11;0;0;;Validado Manual;;;
MVD:WeatherObserved:00006;Estación Meteorológica - Centro;2025-02-08 01:08:11;0;0;;Validado Manual;;;
MVD:WeatherObserved:00006;Estación Meteorológica - Centro;2025-02-08 01:13:11;0;0;;Validado Manual;;;
MVD:WeatherObserved:00006;Estación Meteorológica - Centro;2025-02-08 01:18:11;0;0;;Validado Manual;;;
MVD:WeatherObserved:00006;Estación Meteorológica - Centro;2025-02-08 01:23:11;0;0;;Validado Manual;;;
MVD:WeatherObserved:00006;Estación Meteorológica - Centro;2025-02-08 01:28:12;0;0;;Validado Manual;;;
MVD:WeatherObserved:00006;Estación Meteorológica - Centro;2025-02-08 01:33:12;0;0;;Validado Manual;;;
MVD:WeatherObserved:00006;Estación Meteorológica - Centro;2025-02-08 01:38:12;0;0;;Validado Manual;;;
MVD:WeatherObserved:00006;Estación Meteorológica - Centro;2025-02-08 01:43:12;0;0;;Validado Manual;;;
MVD:WeatherObserved:00006;Estación Meteorológica - Centro;2025-02-08 01:48:12;0;0;;Validado Manual;;;
MVD:WeatherObserved:00006;Estación Meteorológica - Centro;2025-02-08 01:53:12;0;0;;Validado Manual;;;
MVD:WeatherObserved:00006;Estación Meteorológica - Centro;2025-02-08 01:58:12;0;0;;Validado Manual;;;
MVD:WeatherObserved:00006;Estación Meteorológica - Centro;2025-02-08 02:03:12;0;0;;Validado Manual;;;
MVD:WeatherObserved:00006;Estación Meteorológica - Centro;2025-02-08 02:08:12;0;0;;Validado Manual;;;
MVD:WeatherObserved:00006;Estación Meteorológica - Centro;2025-02-08 02:13:12;0;0;;Validado Manual;;;
MVD:WeatherObserved:00006;Estación Meteorológica - Centro;2025-02-08 02:18:12;0;0;;Validado Manual;;;
MVD:WeatherObserved:00006;Estación Meteorológica - Centro;2025-02-08 02:23:13;0;0;;Validado Manual;;;
MVD:WeatherObserved:00006;Estación Meteorológica - Centro;2025-02-08 02:28:12;0;0;;Validado Manual;;;
MVD:WeatherObserved:00006;Estación Meteorológica - Centro;2025-02-08 02:33:12;0;0;;Validado Manual;;;
MVD:WeatherObserved:00006;Estación Meteorológica - Centro;2025-02-08 02:38:12;0;0;;Validado Manual;;;
MVD:WeatherObserved:00006;Estación Meteorológica - Centro;2025-02-08 02:43:13;0;0;;Validado Manual;;;
MVD:WeatherObserved:00006;Estación Meteorológica - Centro;2025-02-08 02:48:13;0;0;;Validado Manual;;;
MVD:WeatherObserved:00006;Estación Meteorológica - Centro;2025-02-08 02:53:13;0;0;;Validado Manual;;;
MVD:WeatherObserved:00006;Estación Meteorológica - Centro;2025-02-08 02:58:13;0;0;;Validado Manual;;;
MVD:WeatherObserved:00006;Estación Meteorológica - Centro;2025-02-08 03:03:13;0;0;;Validado Manual;;;
MVD:WeatherObserved:00006;Estación Meteorológica - Centro;2025-02-08 03:08:13;0;0;;Validado Manual;;;
MVD:WeatherObserved:00006;Estación Meteorológica - Centro;2025-02-08 03:13:13;0;0;;Validado Manual;;;
MVD:WeatherObserved:00006;Estación Meteorológica - Centro;2025-02-08 03:18:13;0;0;;Validado Manual;;;
MVD:WeatherObserved:00006;Estación Meteorológica - Centro;2025-02-08 03:23:13;0;0;;Validado Manual;;;
MVD:WeatherObserved:00006;Estación Meteorológica - Centro;2025-02-08 03:28:13;0;0;;Validado Manual;;;
MVD:WeatherObserved:00006;Estación Meteorológica - Centro;2025-02-08 03:33:13;0;0;;Validado Manual;;;
MVD:WeatherObserved:00006;Estación Meteorológica - Centro;2025-02-08 03:38:13;0;0;;Validado Manual;;;
MVD:WeatherObserved:00006;Estación Meteorológica - Centro;2025-02-08 03:43:13;0;0;;Validado Manual;;;
MVD:WeatherObserved:00006;Estación Meteorológica - Centro;2025-02-08 03:48:13;0;0;;Validado Manual;;;
MVD:WeatherObserved:00006;Estación Meteorológica - Centro;2025-02-08 03:53:14;0;0;;Validado Manual;;;
MVD:WeatherObserved:00006;Estación Meteorológica - Centro;2025-02-08 03:58:14;0;0;;Validado Manual;;;
MVD:WeatherObserved:00006;Estación Meteorológica - Centro;2025-02-08 04:03:14;0;0;;Validado Manual;;;
MVD:WeatherObserved:00006;Estación Meteorológica - Centro;2025-02-08 04:08:14;0;0;;Validado Manual;;;
MVD:WeatherObserved:00006;Estación Meteorológica - Centro;2025-02-08 04:13:14;0;0;;Validado Manual;;;
MVD:WeatherObserved:00006;Estación Meteorológica - Centro;2025-02-08 04:18:14;0;0;;Validado Manual;;;
MVD:WeatherObserved:00006;Estación Meteorológica - Centro;2025-02-08 04:23:14;0;0;;Validado Manual;;;
MVD:WeatherObserved:00006;Estación Meteorológica - Centro;2025-02-08 04:28:14;0;0;;Validado Manual;;;
MVD:WeatherObserved:00006;Estación Meteorológica - Centro;2025-02-08 04:33:14;0;0;;Validado Manual;;;
MVD:WeatherObserved:00006;Estación Meteorológica - Centro;2025-02-08 04:38:14;0;0;;Validado Manual;;;
MVD:WeatherObserved:00006;Estación Meteorológica - Centro;2025-02-08 04:43:14;0;0;;Validado Manual;;;
MVD:WeatherObserved:00006;Estación Meteorológica - Centro;2025-02-08 04:48:14;0;0;;Validado Manual;;;
MVD:WeatherObserved:00006;Estación Meteorológica - Centro;2025-02-08 04:53:14;0;0;;Validado Manual;;;
MVD:WeatherObserved:00006;Estación Meteorológica - Centro;2025-02-08 04:58:14;0;0;;Validado Manual;;;
MVD:WeatherObserved:00006;Estación Meteorológica - Centro;2025-02-08 05:03:14;0;0;;Validado Manual;;;
MVD:WeatherObserved:00006;Estación Meteorológica - Centro;2025-02-08 05:08:14;0;0;;Validado Manual;;;
MVD:WeatherObserved:00006;Estación Meteorológica - Centro;2025-02-08 05:13:15;0;0;;Validado Manual;;;
MVD:WeatherObserved:00006;Estación Meteorológica - Centro;2025-02-08 05:18:15;0;0;;Validado Manual;;;
MVD:WeatherObserved:00006;Estación Meteorológica - Centro;2025-02-08 05:23:15;0;0;;Validado Manual;;;
MVD:WeatherObserved:00006;Estación Meteorológica - Centro;2025-02-08 05:28:15;0;0;;Validado Manual;;;
MVD:WeatherObserved:00006;Estación Meteorológica - Centro;2025-02-08 05:33:15;0;0;;Validado Manual;;;
MVD:WeatherObserved:00006;Estación Meteorológica - Centro;2025-02-08 05:38:15;0;0;;Validado Manual;;;
MVD:WeatherObserved:00006;Estación Meteorológica - Centro;2025-02-08 05:43:15;0;0;;Validado Manual;;;
MVD:WeatherObserved:00006;Estación Meteorológica - Centro;2025-02-08 05:48:15;0;0;;Validado Manual;;;
MVD:WeatherObserved:00006;Estación Meteorológica - Centro;2025-02-08 05:53:15;0;0;;Validado Manual;;;
MVD:WeatherObserved:00006;Estación Meteorológica - Centro;2025-02-08 05:58:15;0;0;;Validado Manual;;;
MVD:WeatherObserved:00006;Estación Meteorológica - Centro;2025-02-08 06:03:15;0;0;;Validado Manual;;;
MVD:WeatherObserved:00006;Estación Meteorológica - Centro;2025-02-08 06:08:15;0;0;;Validado Manual;;;
MVD:WeatherObserved:00006;Estación Meteorológica - Centro;2025-02-08 06:13:15;0;0;;Validado Manual;;;
MVD:WeatherObserved:00006;Estación Meteorológica - Centro;2025-02-08 06:18:16;0;0;;Validado Manual;;;
MVD:WeatherObserved:00006;Estación Meteorológica - Centro;2025-02-08 06:23:16;0;0;;Validado Manual;;;
MVD:WeatherObserved:00006;Estación Meteorológica - Centro;2025-02-08 06:28:16;0;0;;Validado Manual;;;
MVD:WeatherObserved:00006;Estación Meteorológica - Centro;2025-02-08 06:33:16;0;0;;Validado Manual;;;
MVD:WeatherObserved:00006;Estación Meteorológica - Centro;2025-02-08 06:38:16;0;0;;Validado Manual;;;
MVD:WeatherObserved:00006;Estación Meteorológica - Centro;2025-02-08 06:43:16;0;0;;Validado Manual;;;
MVD:WeatherObserved:00006;Estación Meteorológica - Centro;2025-02-08 06:48:16;0;0;;Validado Manual;;;
MVD:WeatherObserved:00006;Estación Meteorológica - Centro;2025-02-08 06:53:16;0;0;;Validado Manual;;;
MVD:WeatherObserved:00006;Estación Meteorológica - Centro;2025-02-08 06:58:16;0;0;;Validado Manual;;;
MVD:WeatherObserved:00006;Estación Meteorológica - Centro;2025-02-08 07:03:16;0;0;;Validado Manual;;;
MVD:WeatherObserved:00006;Estación Meteorológica - Centro;2025-02-08 07:08:16;0;0;;Validado Manual;;;
MVD:WeatherObserved:00006;Estación Meteorológica - Centro;2025-02-08 07:13:16;0;0;;Validado Manual;;;
MVD:WeatherObserved:00006;Estación Meteorológica - Centro;2025-02-08 07:18:16;0;0;;Validado Manual;;;
MVD:WeatherObserved:00006;Estación Meteorológica - Centro;2025-02-08 07:23:16;0;0;;Validado Manual;;;
MVD:WeatherObserved:00006;Estación Meteorológica - Centro;2025-02-08 07:28:16;0;0;;Validado Manual;;;
MVD:WeatherObserved:00006;Estación Meteorológica - Centro;2025-02-08 07:33:17;0;0;;Validado Manual;;;
MVD:WeatherObserved:00006;Estación Meteorológica - Centro;2025-02-08 07:38:17;0;0;;Validado Manual;;;
MVD:WeatherObserved:00006;Estación Meteorológica - Centro;2025-02-08 07:43:17;0;0;;Validado Manual;;;
MVD:WeatherObserved:00006;Estación Meteorológica - Centro;2025-02-08 07:48:17;0;0;;Validado Manual;;;
MVD:WeatherObserved:00006;Estación Meteorológica - Centro;2025-02-08 07:53:17;0;0;;Validado Manual;;;
MVD:WeatherObserved:00006;Estación Meteorológica - Centro;2025-02-08 07:58:17;0;0;;Validado Manual;;;
MVD:WeatherObserved:00006;Estación Meteorológica - Centro;2025-02-08 08:03:17;0;0;;Validado Manual;;;
MVD:WeatherObserved:00006;Estación Meteorológica - Centro;2025-02-08 08:08:17;0;0;;Validado Manual;;;
MVD:WeatherObserved:00006;Estación Meteorológica - Centro;2025-02-08 08:13:17;0;0;;Validado Manual;;;
MVD:WeatherObserved:00006;Estación Meteorológica - Centro;2025-02-08 08:18:17;0;0;;Validado Manual;;;
MVD:WeatherObserved:00006;Estación Meteorológica - Centro;2025-02-08 08:23:17;0;0;;Validado Manual;;;
MVD:WeatherObserved:00006;Estación Meteorológica - Centro;2025-02-08 08:28:17;0;0;;Validado Manual;;;
MVD:WeatherObserved:00006;Estación Meteorológica - Centro;2025-02-08 08:33:17;0;0;;Validado Manual;;;
MVD:WeatherObserved:00006;Estación Meteorológica - Centro;2025-02-08 08:38:17;0;0;;Validado Manual;;;
MVD:WeatherObserved:00006;Estación Meteorológica - Centro;2025-02-08 08:43:18;0;0;;Validado Manual;;;
MVD:WeatherObserved:00006;Estación Meteorológica - Centro;2025-02-08 08:48:18;0;0;;Validado Manual;;;
MVD:WeatherObserved:00006;Estación Meteorológica - Centro;2025-02-08 08:53:18;0;0;;Validado Manual;;;
MVD:WeatherObserved:00006;Estación Meteorológica - Centro;2025-02-08 08:58:18;0;0;;Validado Manual;;;
MVD:WeatherObserved:00006;Estación Meteorológica - Centro;2025-02-08 09:03:18;0;0;;Validado Manual;;;
MVD:WeatherObserved:00006;Estación Meteorológica - Centro;2025-02-08 09:08:18;0;0;;Validado Manual;;;
MVD:WeatherObserved:00006;Estación Meteorológica - Centro;2025-02-08 09:13:18;0;0;;Validado Manual;;;
MVD:WeatherObserved:00006;Estación Meteorológica - Centro;2025-02-08 09:18:18;0;0;;Validado Manual;;;
MVD:WeatherObserved:00006;Estación Meteorológica - Centro;2025-02-08 09:23:18;0;0;;Validado Manual;;;
MVD:WeatherObserved:00006;Estación Meteorológica - Centro;2025-02-08 09:28:18;0;0;;Validado Manual;;;
MVD:WeatherObserved:00006;Estación Meteorológica - Centro;2025-02-08 09:33:18;0;0;;Validado Manual;;;
MVD:WeatherObserved:00006;Estación Meteorológica - Centro;2025-02-08 09:38:18;0;0;;Validado Manual;;;
MVD:WeatherObserved:00006;Estación Meteorológica - Centro;2025-02-08 09:43:18;0;0;;Validado Manual;;;
MVD:WeatherObserved:00006;Estación Meteorológica - Centro;2025-02-08 09:48:18;0;0;;Validado Manual;;;
MVD:WeatherObserved:00006;Estación Meteorológica - Centro;2025-02-08 09:53:19;0;0;;Validado Manual;;;
MVD:WeatherObserved:00006;Estación Meteorológica - Centro;2025-02-08 09:58:19;0;0;;Validado Manual;;;
MVD:WeatherObserved:00006;Estación Meteorológica - Centro;2025-02-08 10:03:20;0;0;;Validado Manual;;;
MVD:WeatherObserved:00006;Estación Meteorológica - Centro;2025-02-08 10:08:19;0;0;;Validado Manual;;;
MVD:WeatherObserved:00006;Estación Meteorológica - Centro;2025-02-08 10:13:19;0;0;;Validado Manual;;;
MVD:WeatherObserved:00006;Estación Meteorológica - Centro;2025-02-08 10:18:19;0;0;;Validado Manual;;;
MVD:WeatherObserved:00006;Estación Meteorológica - Centro;2025-02-08 10:23:19;0;0;;Validado Manual;;;
MVD:WeatherObserved:00006;Estación Meteorológica - Centro;2025-02-08 10:28:19;0;0;;Validado Manual;;;
MVD:WeatherObserved:00006;Estación Meteorológica - Centro;2025-02-08 10:33:19;0;0;;Validado Manual;;;
MVD:WeatherObserved:00006;Estación Meteorológica - Centro;2025-02-08 10:38:19;0;0;;Validado Manual;;;
MVD:WeatherObserved:00006;Estación Meteorológica - Centro;2025-02-08 10:43:19;0;0;;Validado Manual;;;
MVD:WeatherObserved:00006;Estación Meteorológica - Centro;2025-02-08 10:48:19;0;0;;Validado Manual;;;
MVD:WeatherObserved:00006;Estación Meteorológica - Centro;2025-02-08 10:53:19;0;0;;Validado Manual;;;
MVD:WeatherObserved:00006;Estación Meteorológica - Centro;2025-02-08 10:58:19;0;0;;Validado Manual;;;
MVD:WeatherObserved:00006;Estación Meteorológica - Centro;2025-02-08 11:03:20;0;0;;Validado Manual;;;
MVD:WeatherObserved:00006;Estación Meteorológica - Centro;2025-02-08 11:08:20;0;0;;Validado Manual;;;
MVD:WeatherObserved:00006;Estación Meteorológica - Centro;2025-02-08 11:13:20;0;0;;Validado Manual;;;
MVD:WeatherObserved:00006;Estación Meteorológica - Centro;2025-02-08 11:18:20;0;0;;Validado Manual;;;
MVD:WeatherObserved:00006;Estación Meteorológica - Centro;2025-02-08 11:23:20;0;0;;Validado Manual;;;
MVD:WeatherObserved:00006;Estación Meteorológica - Centro;2025-02-08 11:28:20;0;0;;Validado Manual;;;
MVD:WeatherObserved:00006;Estación Meteorológica - Centro;2025-02-08 11:33:20;0;0;;Validado Manual;;;
MVD:WeatherObserved:00006;Estación Meteorológica - Centro;2025-02-08 11:38:20;0;0;;Validado Manual;;;
MVD:WeatherObserved:00006;Estación Meteorológica - Centro;2025-02-08 11:43:20;0;0;;Validado Manual;;;
MVD:WeatherObserved:00006;Estación Meteorológica - Centro;2025-02-08 11:48:20;0;0;;Validado Manual;;;
MVD:WeatherObserved:00006;Estación Meteorológica - Centro;2025-02-08 11:53:20;0;0;;Validado Manual;;;
MVD:WeatherObserved:00006;Estación Meteorológica - Centro;2025-02-08 11:58:20;0;0;;Validado Manual;;;
MVD:WeatherObserved:00006;Estación Meteorológica - Centro;2025-02-08 12:03:20;0;0;;Validado Manual;;;
MVD:WeatherObserved:00006;Estación Meteorológica - Centro;2025-02-08 12:08:20;0;0;;Validado Manual;;;
MVD:WeatherObserved:00006;Estación Meteorológica - Centro;2025-02-08 12:13:21;0;0;;Validado Manual;;;
MVD:WeatherObserved:00006;Estación Meteorológica - Centro;2025-02-08 12:18:21;0;0;;Validado Manual;;;
MVD:WeatherObserved:00006;Estación Meteorológica - Centro;2025-02-08 12:23:21;0;0;;Validado Manual;;;
MVD:WeatherObserved:00006;Estación Meteorológica - Centro;2025-02-08 12:28:21;0;0;;Validado Manual;;;
MVD:WeatherObserved:00006;Estación Meteorológica - Centro;2025-02-08 12:33:21;0;0;;Validado Manual;;;
MVD:WeatherObserved:00006;Estación Meteorológica - Centro;2025-02-08 12:38:21;0;0;;Validado Manual;;;
MVD:WeatherObserved:00006;Estación Meteorológica - Centro;2025-02-08 12:43:21;0;0;;Validado Manual;;;
MVD:WeatherObserved:00006;Estación Meteorológica - Centro;2025-02-08 12:48:21;0;0;;Validado Manual;;;
MVD:WeatherObserved:00006;Estación Meteorológica - Centro;2025-02-08 12:53:21;0;0;;Validado Manual;;;
MVD:WeatherObserved:00006;Estación Meteorológica - Centro;2025-02-08 12:58:21;0;0;;Validado Manual;;;
MVD:WeatherObserved:00006;Estación Meteorológica - Centro;2025-02-08 13:03:21;0;0;;Validado Manual;;;
MVD:WeatherObserved:00006;Estación Meteorológica - Centro;2025-02-08 13:08:21;0;0;;Validado Manual;;;
MVD:WeatherObserved:00006;Estación Meteorológica - Centro;2025-02-08 13:13:21;0;0;;Validado Manual;;;
MVD:WeatherObserved:00006;Estación Meteorológica - Centro;2025-02-08 13:18:21;0;0;;Validado Manual;;;
MVD:WeatherObserved:00006;Estación Meteorológica - Centro;2025-02-08 13:23:21;0;0;;Validado Manual;;;
MVD:WeatherObserved:00006;Estación Meteorológica - Centro;2025-02-08 13:28:21;0;0;;Validado Manual;;;
MVD:WeatherObserved:00006;Estación Meteorológica - Centro;2025-02-08 13:33:22;0;0;;Validado Manual;;;
MVD:WeatherObserved:00006;Estación Meteorológica - Centro;2025-02-08 13:38:22;0;0;;Validado Manual;;;
MVD:WeatherObserved:00006;Estación Meteorológica - Centro;2025-02-08 13:43:22;0;0;;Validado Manual;;;
MVD:WeatherObserved:00006;Estación Meteorológica - Centro;2025-02-08 13:48:22;0;0;;Validado Manual;;;
MVD:WeatherObserved:00006;Estación Meteorológica - Centro;2025-02-08 13:53:22;0;0;;Validado Manual;;;
MVD:WeatherObserved:00006;Estación Meteorológica - Centro;2025-02-08 13:58:22;0;0;;Validado Manual;;;
MVD:WeatherObserved:00006;Estación Meteorológica - Centro;2025-02-08 14:03:22;0;0;;Validado Manual;;;
MVD:WeatherObserved:00006;Estación Meteorológica - Centro;2025-02-08 14:08:22;0;0;;Validado Manual;;;
MVD:WeatherObserved:00006;Estación Meteorológica - Centro;2025-02-08 14:13:22;0;0;;Validado Manual;;;
MVD:WeatherObserved:00006;Estación Meteorológica - Centro;2025-02-08 14:18:22;0;0;;Validado Manual;;;
MVD:WeatherObserved:00006;Estación Meteorológica - Centro;2025-02-08 14:23:22;0;0;;Validado Manual;;;
MVD:WeatherObserved:00006;Estación Meteorológica - Centro;2025-02-08 14:28:22;0;0;;Validado Manual;;;
MVD:WeatherObserved:00006;Estación Meteorológica - Centro;2025-02-08 14:33:22;0;0;;Validado Manual;;;
MVD:WeatherObserved:00006;Estación Meteorológica - Centro;2025-02-08 14:38:22;0;0;;Validado Manual;;;
MVD:WeatherObserved:00006;Estación Meteorológica - Centro;2025-02-08 14:43:22;0;0;;Validado Manual;;;
MVD:WeatherObserved:00006;Estación Meteorológica - Centro;2025-02-08 14:48:22;0;0;;Validado Manual;;;
MVD:WeatherObserved:00006;Estación Meteorológica - Centro;2025-02-08 14:53:22;0;0;;Validado Manual;;;
MVD:WeatherObserved:00006;Estación Meteorológica - Centro;2025-02-08 14:58:22;0;0;;Validado Manual;;;
MVD:WeatherObserved:00006;Estación Meteorológica - Centro;2025-02-08 15:03:23;0;0;;Validado Manual;;;
MVD:WeatherObserved:00006;Estación Meteorológica - Centro;2025-02-08 15:08:23;0;0;;Validado Manual;;;
MVD:WeatherObserved:00006;Estación Meteorológica - Centro;2025-02-08 15:13:23;0;0;;Validado Manual;;;
MVD:WeatherObserved:00006;Estación Meteorológica - Centro;2025-02-08 15:18:23;0;0;;Validado Manual;;;
MVD:WeatherObserved:00006;Estación Meteorológica - Centro;2025-02-08 15:23:23;0;0;;Validado Manual;;;
MVD:WeatherObserved:00006;Estación Meteorológica - Centro;2025-02-08 15:28:23;0;0;;Validado Manual;;;
MVD:WeatherObserved:00006;Estación Meteorológica - Centro;2025-02-08 15:33:23;0;0;;Validado Manual;;;
MVD:WeatherObserved:00006;Estación Meteorológica - Centro;2025-02-08 15:38:23;0;0;;Validado Manual;;;
MVD:WeatherObserved:00006;Estación Meteorológica - Centro;2025-02-08 15:43:23;0;0;;Validado Manual;;;
MVD:WeatherObserved:00006;Estación Meteorológica - Centro;2025-02-08 15:48:23;0;0;;Validado Manual;;;
MVD:WeatherObserved:00006;Estación Meteorológica - Centro;2025-02-08 15:53:23;0;0;;Validado Manual;;;
MVD:WeatherObserved:00006;Estación Meteorológica - Centro;2025-02-08 15:58:23;0;0;;Validado Manual;;;
MVD:WeatherObserved:00006;Estación Meteorológica - Centro;2025-02-08 16:03:23;0;0;;Validado Manual;;;
MVD:WeatherObserved:00006;Estación Meteorológica - Centro;2025-02-08 16:08:23;0;0;;Validado Manual;;;
MVD:WeatherObserved:00006;Estación Meteorológica - Centro;2025-02-08 16:13:23;0;0;;Validado Manual;;;
MVD:WeatherObserved:00006;Estación Meteorológica - Centro;2025-02-08 16:18:23;0;0;;Validado Manual;;;
MVD:WeatherObserved:00006;Estación Meteorológica - Centro;2025-02-08 16:23:23;0;0;;Validado Manual;;;
MVD:WeatherObserved:00006;Estación Meteorológica - Centro;2025-02-08 16:28:23;0;0;;Validado Manual;;;
MVD:WeatherObserved:00006;Estación Meteorológica - Centro;2025-02-08 16:33:24;0;0;;Validado Manual;;;
MVD:WeatherObserved:00006;Estación Meteorológica - Centro;2025-02-08 16:38:24;0;0;;Validado Manual;;;
MVD:WeatherObserved:00006;Estación Meteorológica - Centro;2025-02-08 16:43:24;0;0;;Validado Manual;;;
MVD:WeatherObserved:00006;Estación Meteorológica - Centro;2025-02-08 16:48:24;0;0;;Validado Manual;;;
MVD:WeatherObserved:00006;Estación Meteorológica - Centro;2025-02-08 16:53:24;0;0;;Validado Manual;;;
MVD:WeatherObserved:00006;Estación Meteorológica - Centro;2025-02-08 16:58:24;0;0;;Validado Manual;;;
MVD:WeatherObserved:00006;Estación Meteorológica - Centro;2025-02-08 17:03:24;0;0;;Validado Manual;;;
MVD:WeatherObserved:00006;Estación Meteorológica - Centro;2025-02-08 17:08:24;0;0;;Validado Manual;;;
MVD:WeatherObserved:00006;Estación Meteorológica - Centro;2025-02-08 17:13:24;0;0;;Validado Manual;;;
MVD:WeatherObserved:00006;Estación Meteorológica - Centro;2025-02-08 17:18:24;0;0;;Validado Manual;;;
MVD:WeatherObserved:00006;Estación Meteorológica - Centro;2025-02-08 17:23:24;0;0;;Validado Manual;;;
MVD:WeatherObserved:00006;Estación Meteorológica - Centro;2025-02-08 17:28:24;0;0;;Validado Manual;;;
MVD:WeatherObserved:00006;Estación Meteorológica - Centro;2025-02-08 17:33:24;0;0;;Validado Manual;;;
MVD:WeatherObserved:00006;Estación Meteorológica - Centro;2025-02-08 17:38:24;0;0;;Validado Manual;;;
MVD:WeatherObserved:00006;Estación Meteorológica - Centro;2025-02-08 17:43:24;0;0;;Validado Manual;;;
MVD:WeatherObserved:00006;Estación Meteorológica - Centro;2025-02-08 17:48:24;0;0;;Validado Manual;;;
MVD:WeatherObserved:00006;Estación Meteorológica - Centro;2025-02-08 17:53:24;0;0;;Validado Manual;;;
MVD:WeatherObserved:00006;Estación Meteorológica - Centro;2025-02-08 17:58:25;0;0;;Validado Manual;;;
MVD:WeatherObserved:00006;Estación Meteorológica - Centro;2025-02-08 18:03:25;0;0;;Validado Manual;;;
MVD:WeatherObserved:00006;Estación Meteorológica - Centro;2025-02-08 18:08:25;0;0;;Validado Manual;;;
MVD:WeatherObserved:00006;Estación Meteorológica - Centro;2025-02-08 18:13:25;0;0;;Validado Manual;;;
MVD:WeatherObserved:00006;Estación Meteorológica - Centro;2025-02-08 18:18:25;0;0;;Validado Manual;;;
MVD:WeatherObserved:00006;Estación Meteorológica - Centro;2025-02-08 18:23:25;0;0;;Validado Manual;;;
MVD:WeatherObserved:00006;Estación Meteorológica - Centro;2025-02-08 18:28:25;0;0;;Validado Manual;;;
MVD:WeatherObserved:00006;Estación Meteorológica - Centro;2025-02-08 18:33:25;0;0;;Validado Manual;;;
MVD:WeatherObserved:00006;Estación Meteorológica - Centro;2025-02-08 18:38:25;0;0;;Validado Manual;;;
MVD:WeatherObserved:00006;Estación Meteorológica - Centro;2025-02-08 18:43:25;0;0;;Validado Manual;;;
MVD:WeatherObserved:00006;Estación Meteorológica - Centro;2025-02-08 18:48:25;0;0;;Validado Manual;;;
MVD:WeatherObserved:00006;Estación Meteorológica - Centro;2025-02-08 18:53:25;0;0;;Validado Manual;;;
MVD:WeatherObserved:00006;Estación Meteorológica - Centro;2025-02-08 18:58:25;0;0;;Validado Manual;;;
MVD:WeatherObserved:00006;Estación Meteorológica - Centro;2025-02-08 19:03:25;0;0;;Validado Manual;;;
MVD:WeatherObserved:00006;Estación Meteorológica - Centro;2025-02-08 19:08:25;0;0;;Validado Manual;;;
MVD:WeatherObserved:00006;Estación Meteorológica - Centro;2025-02-08 19:13:26;0;0;;Validado Manual;;;
MVD:WeatherObserved:00006;Estación Meteorológica - Centro;2025-02-08 19:18:26;0;0;;Validado Manual;;;
MVD:WeatherObserved:00006;Estación Meteorológica - Centro;2025-02-08 19:23:26;0;0;;Validado Manual;;;
MVD:WeatherObserved:00006;Estación Meteorológica - Centro;2025-02-08 19:28:26;0;0;;Validado Manual;;;
MVD:WeatherObserved:00006;Estación Meteorológica - Centro;2025-02-08 19:33:26;0;0;;Validado Manual;;;
MVD:WeatherObserved:00006;Estación Meteorológica - Centro;2025-02-08 19:38:26;0;0;;Validado Manual;;;
MVD:WeatherObserved:00006;Estación Meteorológica - Centro;2025-02-08 19:43:26;0;0;;Validado Manual;;;
MVD:WeatherObserved:00006;Estación Meteorológica - Centro;2025-02-08 19:48:26;0;0;;Validado Manual;;;
MVD:WeatherObserved:00006;Estación Meteorológica - Centro;2025-02-08 19:53:26;0;0;;Validado Manual;;;
MVD:WeatherObserved:00006;Estación Meteorológica - Centro;2025-02-08 19:58:26;0;0;;Validado Manual;;;
MVD:WeatherObserved:00006;Estación Meteorológica - Centro;2025-02-08 20:03:26;0;0;;Validado Manual;;;
MVD:WeatherObserved:00006;Estación Meteorológica - Centro;2025-02-08 20:08:26;0;0;;Validado Manual;;;
MVD:WeatherObserved:00006;Estación Meteorológica - Centro;2025-02-08 20:13:26;0;0;;Validado Manual;;;
MVD:WeatherObserved:00006;Estación Meteorológica - Centro;2025-02-08 20:18:27;0;0;;Validado Manual;;;
MVD:WeatherObserved:00006;Estación Meteorológica - Centro;2025-02-08 20:23:27;0;0;;Validado Manual;;;
MVD:WeatherObserved:00006;Estación Meteorológica - Centro;2025-02-08 20:28:27;0;0;;Validado Manual;;;
MVD:WeatherObserved:00006;Estación Meteorológica - Centro;2025-02-08 20:33:27;0;0;;Validado Manual;;;
MVD:WeatherObserved:00006;Estación Meteorológica - Centro;2025-02-08 20:38:27;0;0;;Validado Manual;;;
MVD:WeatherObserved:00006;Estación Meteorológica - Centro;2025-02-08 20:43:27;0;0;;Validado Manual;;;
MVD:WeatherObserved:00006;Estación Meteorológica - Centro;2025-02-08 20:48:27;0;0;;Validado Manual;;;
MVD:WeatherObserved:00006;Estación Meteorológica - Centro;2025-02-08 20:53:27;0;0;;Validado Manual;;;
MVD:WeatherObserved:00006;Estación Meteorológica - Centro;2025-02-08 20:58:27;0;0;;Validado Manual;;;
MVD:WeatherObserved:00006;Estación Meteorológica - Centro;2025-02-08 21:03:27;0;0;;Validado Manual;;;
MVD:WeatherObserved:00006;Estación Meteorológica - Centro;2025-02-08 21:08:27;0;0;;Validado Manual;;;
MVD:WeatherObserved:00006;Estación Meteorológica - Centro;2025-02-08 21:13:27;0;0;;Validado Manual;;;
MVD:WeatherObserved:00006;Estación Meteorológica - Centro;2025-02-08 21:18:28;0;0;;Validado Manual;;;
MVD:WeatherObserved:00006;Estación Meteorológica - Centro;2025-02-08 21:23:28;0;0;;Validado Manual;;;
MVD:WeatherObserved:00006;Estación Meteorológica - Centro;2025-02-08 21:28:28;0;0;;Validado Manual;;;
MVD:WeatherObserved:00006;Estación Meteorológica - Centro;2025-02-08 21:33:28;0;0;;Validado Manual;;;
MVD:WeatherObserved:00006;Estación Meteorológica - Centro;2025-02-08 21:38:28;0;0;;Validado Manual;;;
MVD:WeatherObserved:00006;Estación Meteorológica - Centro;2025-02-08 21:43:28;0;0;;Validado Manual;;;
MVD:WeatherObserved:00006;Estación Meteorológica - Centro;2025-02-08 21:48:28;0;0;;Validado Manual;;;
MVD:WeatherObserved:00006;Estación Meteorológica - Centro;2025-02-08 21:53:28;0;0;;Validado Manual;;;
MVD:WeatherObserved:00006;Estación Meteorológica - Centro;2025-02-08 21:58:28;0;0;;Validado Manual;;;
MVD:WeatherObserved:00006;Estación Meteorológica - Centro;2025-02-08 22:03:28;0;0;;Validado Manual;;;
MVD:WeatherObserved:00006;Estación Meteorológica - Centro;2025-02-08 22:08:28;0;0;;Validado Manual;;;
MVD:WeatherObserved:00006;Estación Meteorológica - Centro;2025-02-08 22:13:28;0;0;;Validado Manual;;;
MVD:WeatherObserved:00006;Estación Meteorológica - Centro;2025-02-08 22:18:29;0;0;;Validado Manual;;;
MVD:WeatherObserved:00006;Estación Meteorológica - Centro;2025-02-08 22:23:28;0;0;;Validado Manual;;;
MVD:WeatherObserved:00006;Estación Meteorológica - Centro;2025-02-08 22:28:28;0;0;;Validado Manual;;;
MVD:WeatherObserved:00006;Estación Meteorológica - Centro;2025-02-08 22:33:28;0;0;;Validado Manual;;;
MVD:WeatherObserved:00006;Estación Meteorológica - Centro;2025-02-08 22:38:29;0;0;;Validado Manual;;;
MVD:WeatherObserved:00006;Estación Meteorológica - Centro;2025-02-08 22:43:29;0;0;;Validado Manual;;;
MVD:WeatherObserved:00006;Estación Meteorológica - Centro;2025-02-08 22:48:29;0;0;;Validado Manual;;;
MVD:WeatherObserved:00006;Estación Meteorológica - Centro;2025-02-08 22:53:29;0;0;;Validado Manual;;;
MVD:WeatherObserved:00006;Estación Meteorológica - Centro;2025-02-08 22:58:29;0;0;;Validado Manual;;;
MVD:WeatherObserved:00006;Estación Meteorológica - Centro;2025-02-08 23:03:29;0;0;;Validado Manual;;;
MVD:WeatherObserved:00006;Estación Meteorológica - Centro;2025-02-08 23:08:29;0;0;;Validado Manual;;;
MVD:WeatherObserved:00006;Estación Meteorológica - Centro;2025-02-08 23:13:29;0;0;;Validado Manual;;;
MVD:WeatherObserved:00006;Estación Meteorológica - Centro;2025-02-08 23:18:29;0;0;;Validado Manual;;;
MVD:WeatherObserved:00006;Estación Meteorológica - Centro;2025-02-08 23:23:29;0;0;;Validado Manual;;;
MVD:WeatherObserved:00006;Estación Meteorológica - Centro;2025-02-08 23:28:29;0;0;;Validado Manual;;;
MVD:WeatherObserved:00006;Estación Meteorológica - Centro;2025-02-08 23:33:29;0;0;;Validado Manual;;;
MVD:WeatherObserved:00006;Estación Meteorológica - Centro;2025-02-08 23:38:29;0;0;;Validado Manual;;;
MVD:WeatherObserved:00006;Estación Meteorológica - Centro;2025-02-08 23:43:29;0;0;;Validado Manual;;;
MVD:WeatherObserved:00006;Estación Meteorológica - Centro;2025-02-08 23:48:29;0;0;;Validado Manual;;;
MVD:WeatherObserved:00006;Estación Meteorológica - Centro;2025-02-08 23:53:29;0;0;;Validado Manual;;;
MVD:WeatherObserved:00006;Estación Meteorológica - Centro;2025-02-08 23:58:30;0;0;;Validado Manual;;;
MVD:WeatherObserved:00006;Estación Meteorológica - Centro;2025-02-09 00:03:30;0;0;;Validado Manual;;;
MVD:WeatherObserved:00006;Estación Meteorológica - Centro;2025-02-09 00:08:30;0;0;;Validado Manual;;;
MVD:WeatherObserved:00006;Estación Meteorológica - Centro;2025-02-09 00:13:30;0;0;;Validado Manual;;;
MVD:WeatherObserved:00006;Estación Meteorológica - Centro;2025-02-09 00:18:30;0;0;;Validado Manual;;;
MVD:WeatherObserved:00006;Estación Meteorológica - Centro;2025-02-09 00:23:30;0;0;;Validado Manual;;;
MVD:WeatherObserved:00006;Estación Meteorológica - Centro;2025-02-09 00:28:30;0;0;;Validado Manual;;;
MVD:WeatherObserved:00006;Estación Meteorológica - Centro;2025-02-09 00:33:30;0;0;;Validado Manual;;;
MVD:WeatherObserved:00006;Estación Meteorológica - Centro;2025-02-09 00:38:30;0;0;;Validado Manual;;;
MVD:WeatherObserved:00006;Estación Meteorológica - Centro;2025-02-09 00:43:31;0;0;;Validado Manual;;;
MVD:WeatherObserved:00006;Estación Meteorológica - Centro;2025-02-09 00:48:30;0;0;;Validado Manual;;;
MVD:WeatherObserved:00006;Estación Meteorológica - Centro;2025-02-09 00:53:30;0;0;;Validado Manual;;;
MVD:WeatherObserved:00006;Estación Meteorológica - Centro;2025-02-09 00:58:31;0;0;;Validado Manual;;;
MVD:WeatherObserved:00006;Estación Meteorológica - Centro;2025-02-09 01:03:30;0;0;;Validado Manual;;;
MVD:WeatherObserved:00006;Estación Meteorológica - Centro;2025-02-09 01:08:31;0;0;;Validado Manual;;;
MVD:WeatherObserved:00006;Estación Meteorológica - Centro;2025-02-09 01:13:31;0;0;;Validado Manual;;;
MVD:WeatherObserved:00006;Estación Meteorológica - Centro;2025-02-09 01:18:31;0;0;;Validado Manual;;;
MVD:WeatherObserved:00006;Estación Meteorológica - Centro;2025-02-09 01:23:31;0;0;;Validado Manual;;;
MVD:WeatherObserved:00006;Estación Meteorológica - Centro;2025-02-09 01:28:31;0;0;;Validado Manual;;;
MVD:WeatherObserved:00006;Estación Meteorológica - Centro;2025-02-09 01:33:31;0;0;;Validado Manual;;;
MVD:WeatherObserved:00006;Estación Meteorológica - Centro;2025-02-09 01:38:31;0;0;;Validado Manual;;;
MVD:WeatherObserved:00006;Estación Meteorológica - Centro;2025-02-09 01:43:31;0;0;;Validado Manual;;;
MVD:WeatherObserved:00006;Estación Meteorológica - Centro;2025-02-09 01:48:31;0;0;;Validado Manual;;;
MVD:WeatherObserved:00006;Estación Meteorológica - Centro;2025-02-09 01:53:31;0;0;;Validado Manual;;;
MVD:WeatherObserved:00006;Estación Meteorológica - Centro;2025-02-09 01:58:31;0;0;;Validado Manual;;;
MVD:WeatherObserved:00006;Estación Meteorológica - Centro;2025-02-09 02:03:31;0;0;;Validado Manual;;;
MVD:WeatherObserved:00006;Estación Meteorológica - Centro;2025-02-09 02:08:31;0;0;;Validado Manual;;;
MVD:WeatherObserved:00006;Estación Meteorológica - Centro;2025-02-09 02:13:31;0;0;;Validado Manual;;;
MVD:WeatherObserved:00006;Estación Meteorológica - Centro;2025-02-09 02:18:32;0;0;;Validado Manual;;;
MVD:WeatherObserved:00006;Estación Meteorológica - Centro;2025-02-09 02:23:32;0;0;;Validado Manual;;;
MVD:WeatherObserved:00006;Estación Meteorológica - Centro;2025-02-09 02:28:32;0;0;;Validado Manual;;;
MVD:WeatherObserved:00006;Estación Meteorológica - Centro;2025-02-09 02:33:32;0;0;;Validado Manual;;;
MVD:WeatherObserved:00006;Estación Meteorológica - Centro;2025-02-09 02:38:32;0;0;;Validado Manual;;;
MVD:WeatherObserved:00006;Estación Meteorológica - Centro;2025-02-09 02:43:32;0;0;;Validado Manual;;;
MVD:WeatherObserved:00006;Estación Meteorológica - Centro;2025-02-09 02:48:32;0;0;;Validado Manual;;;
MVD:WeatherObserved:00006;Estación Meteorológica - Centro;2025-02-09 02:53:32;0;0;;Validado Manual;;;
MVD:WeatherObserved:00006;Estación Meteorológica - Centro;2025-02-09 02:58:32;0;0;;Validado Manual;;;
MVD:WeatherObserved:00006;Estación Meteorológica - Centro;2025-02-09 03:03:32;0;0;;Validado Manual;;;
MVD:WeatherObserved:00006;Estación Meteorológica - Centro;2025-02-09 03:08:32;0;0;;Validado Manual;;;
MVD:WeatherObserved:00006;Estación Meteorológica - Centro;2025-02-09 03:13:32;0;0;;Validado Manual;;;
MVD:WeatherObserved:00006;Estación Meteorológica - Centro;2025-02-09 03:18:32;0;0;;Validado Manual;;;
MVD:WeatherObserved:00006;Estación Meteorológica - Centro;2025-02-09 03:23:32;0;0;;Validado Manual;;;
MVD:WeatherObserved:00006;Estación Meteorológica - Centro;2025-02-09 03:28:32;0;0;;Validado Manual;;;
MVD:WeatherObserved:00006;Estación Meteorológica - Centro;2025-02-09 03:33:32;0;0;;Validado Manual;;;
MVD:WeatherObserved:00006;Estación Meteorológica - Centro;2025-02-09 03:38:32;0;0;;Validado Manual;;;
MVD:WeatherObserved:00006;Estación Meteorológica - Centro;2025-02-09 03:43:33;0;0;;Validado Manual;;;
MVD:WeatherObserved:00006;Estación Meteorológica - Centro;2025-02-09 03:48:33;0;0;;Validado Manual;;;
MVD:WeatherObserved:00006;Estación Meteorológica - Centro;2025-02-09 03:53:33;0;0;;Validado Manual;;;
MVD:WeatherObserved:00006;Estación Meteorológica - Centro;2025-02-09 03:58:33;0;0;;Validado Manual;;;
MVD:WeatherObserved:00006;Estación Meteorológica - Centro;2025-02-09 04:08:33;0;0;;Validado Manual;;;
MVD:WeatherObserved:00006;Estación Meteorológica - Centro;2025-02-09 04:13:33;0;0;;Validado Manual;;;
MVD:WeatherObserved:00006;Estación Meteorológica - Centro;2025-02-09 04:18:33;0;0;;Validado Manual;;;
MVD:WeatherObserved:00006;Estación Meteorológica - Centro;2025-02-09 04:23:33;0;0;;Validado Manual;;;
MVD:WeatherObserved:00006;Estación Meteorológica - Centro;2025-02-09 04:28:33;0;0;;Validado Manual;;;
MVD:WeatherObserved:00006;Estación Meteorológica - Centro;2025-02-09 04:33:33;0;0;;Validado Manual;;;
MVD:WeatherObserved:00006;Estación Meteorológica - Centro;2025-02-09 04:38:33;0;0;;Validado Manual;;;
MVD:WeatherObserved:00006;Estación Meteorológica - Centro;2025-02-09 04:43:33;0;0;;Validado Manual;;;
MVD:WeatherObserved:00006;Estación Meteorológica - Centro;2025-02-09 04:48:33;0;0;;Validado Manual;;;
MVD:WeatherObserved:00006;Estación Meteorológica - Centro;2025-02-09 04:53:34;0;0;;Validado Manual;;;
MVD:WeatherObserved:00006;Estación Meteorológica - Centro;2025-02-09 04:58:34;0;0;;Validado Manual;;;
MVD:WeatherObserved:00006;Estación Meteorológica - Centro;2025-02-09 05:03:34;0;0;;Validado Manual;;;
MVD:WeatherObserved:00006;Estación Meteorológica - Centro;2025-02-09 05:08:34;0;0;;Validado Manual;;;
MVD:WeatherObserved:00006;Estación Meteorológica - Centro;2025-02-09 05:13:34;0;0;;Validado Manual;;;
MVD:WeatherObserved:00006;Estación Meteorológica - Centro;2025-02-09 05:18:34;0;0;;Validado Manual;;;
MVD:WeatherObserved:00006;Estación Meteorológica - Centro;2025-02-09 05:23:34;0;0;;Validado Manual;;;
MVD:WeatherObserved:00006;Estación Meteorológica - Centro;2025-02-09 05:28:34;0;0;;Validado Manual;;;
MVD:WeatherObserved:00006;Estación Meteorológica - Centro;2025-02-09 05:33:34;0;0;;Validado Manual;;;
MVD:WeatherObserved:00006;Estación Meteorológica - Centro;2025-02-09 05:38:34;0;0;;Validado Manual;;;
MVD:WeatherObserved:00006;Estación Meteorológica - Centro;2025-02-09 05:43:34;0;0;;Validado Manual;;;
MVD:WeatherObserved:00006;Estación Meteorológica - Centro;2025-02-09 05:48:34;0;0;;Validado Manual;;;
MVD:WeatherObserved:00006;Estación Meteorológica - Centro;2025-02-09 05:53:34;0;0;;Validado Manual;;;
MVD:WeatherObserved:00006;Estación Meteorológica - Centro;2025-02-09 05:58:34;0;0;;Validado Manual;;;
MVD:WeatherObserved:00006;Estación Meteorológica - Centro;2025-02-09 06:03:35;0;0;;Validado Manual;;;
MVD:WeatherObserved:00006;Estación Meteorológica - Centro;2025-02-09 06:08:35;0;0;;Validado Manual;;;
MVD:WeatherObserved:00006;Estación Meteorológica - Centro;2025-02-09 06:13:35;0;0;;Validado Manual;;;
MVD:WeatherObserved:00006;Estación Meteorológica - Centro;2025-02-09 06:18:35;0;0;;Validado Manual;;;
MVD:WeatherObserved:00006;Estación Meteorológica - Centro;2025-02-09 06:23:35;0;0;;Validado Manual;;;
MVD:WeatherObserved:00006;Estación Meteorológica - Centro;2025-02-09 06:28:35;0;0;;Validado Manual;;;
MVD:WeatherObserved:00006;Estación Meteorológica - Centro;2025-02-09 06:33:35;0;0;;Validado Manual;;;
MVD:WeatherObserved:00006;Estación Meteorológica - Centro;2025-02-09 06:38:35;0;0;;Validado Manual;;;
MVD:WeatherObserved:00006;Estación Meteorológica - Centro;2025-02-09 06:43:35;0;0;;Validado Manual;;;
MVD:WeatherObserved:00006;Estación Meteorológica - Centro;2025-02-09 06:48:35;0;0;;Validado Manual;;;
MVD:WeatherObserved:00006;Estación Meteorológica - Centro;2025-02-09 06:53:35;0;0;;Validado Manual;;;
MVD:WeatherObserved:00006;Estación Meteorológica - Centro;2025-02-09 06:58:35;0;0;;Validado Manual;;;
MVD:WeatherObserved:00006;Estación Meteorológica - Centro;2025-02-09 07:03:35;0;0;;Validado Manual;;;
MVD:WeatherObserved:00006;Estación Meteorológica - Centro;2025-02-09 07:08:35;0;0;;Validado Manual;;;
MVD:WeatherObserved:00006;Estación Meteorológica - Centro;2025-02-09 07:13:35;0;0;;Validado Manual;;;
MVD:WeatherObserved:00006;Estación Meteorológica - Centro;2025-02-09 07:18:36;0;0;;Validado Manual;;;
MVD:WeatherObserved:00006;Estación Meteorológica - Centro;2025-02-09 07:23:36;0;0;;Validado Manual;;;
MVD:WeatherObserved:00006;Estación Meteorológica - Centro;2025-02-09 07:28:36;0;0;;Validado Manual;;;
MVD:WeatherObserved:00006;Estación Meteorológica - Centro;2025-02-09 07:33:36;0;0;;Validado Manual;;;
MVD:WeatherObserved:00006;Estación Meteorológica - Centro;2025-02-09 07:38:36;0;0;;Validado Manual;;;
MVD:WeatherObserved:00006;Estación Meteorológica - Centro;2025-02-09 07:43:36;0;0;;Validado Manual;;;
MVD:WeatherObserved:00006;Estación Meteorológica - Centro;2025-02-09 07:48:36;0;0;;Validado Manual;;;
MVD:WeatherObserved:00006;Estación Meteorológica - Centro;2025-02-09 07:53:36;0;0;;Validado Manual;;;
MVD:WeatherObserved:00006;Estación Meteorológica - Centro;2025-02-09 07:58:36;0;0;;Validado Manual;;;
MVD:WeatherObserved:00006;Estación Meteorológica - Centro;2025-02-09 08:03:36;0;0;;Validado Manual;;;
MVD:WeatherObserved:00006;Estación Meteorológica - Centro;2025-02-09 08:08:36;0;0;;Validado Manual;;;
MVD:WeatherObserved:00006;Estación Meteorológica - Centro;2025-02-09 08:13:36;0;0;;Validado Manual;;;
MVD:WeatherObserved:00006;Estación Meteorológica - Centro;2025-02-09 08:18:36;0;0;;Validado Manual;;;
MVD:WeatherObserved:00006;Estación Meteorológica - Centro;2025-02-09 08:23:36;0;0;;Validado Manual;;;
MVD:WeatherObserved:00006;Estación Meteorológica - Centro;2025-02-09 08:28:37;0;0;;Validado Manual;;;
MVD:WeatherObserved:00006;Estación Meteorológica - Centro;2025-02-09 08:33:37;0;0;;Validado Manual;;;
MVD:WeatherObserved:00006;Estación Meteorológica - Centro;2025-02-09 08:38:37;0;0;;Validado Manual;;;
MVD:WeatherObserved:00006;Estación Meteorológica - Centro;2025-02-09 08:43:37;0;0;;Validado Manual;;;
MVD:WeatherObserved:00006;Estación Meteorológica - Centro;2025-02-09 08:48:37;0;0;;Validado Manual;;;
MVD:WeatherObserved:00006;Estación Meteorológica - Centro;2025-02-09 08:53:37;0;0;;Validado Manual;;;
MVD:WeatherObserved:00006;Estación Meteorológica - Centro;2025-02-09 08:58:37;0;0;;Validado Manual;;;
MVD:WeatherObserved:00006;Estación Meteorológica - Centro;2025-02-09 09:03:37;0;0;;Validado Manual;;;
MVD:WeatherObserved:00006;Estación Meteorológica - Centro;2025-02-09 09:08:37;0;0;;Validado Manual;;;
MVD:WeatherObserved:00006;Estación Meteorológica - Centro;2025-02-09 09:13:37;0;0;;Validado Manual;;;
MVD:WeatherObserved:00006;Estación Meteorológica - Centro;2025-02-09 09:18:37;0;0;;Validado Manual;;;
MVD:WeatherObserved:00006;Estación Meteorológica - Centro;2025-02-09 09:23:37;0;0;;Validado Manual;;;
MVD:WeatherObserved:00006;Estación Meteorológica - Centro;2025-02-09 09:28:37;0;0;;Validado Manual;;;
MVD:WeatherObserved:00006;Estación Meteorológica - Centro;2025-02-09 09:33:37;0;0;;Validado Manual;;;
MVD:WeatherObserved:00006;Estación Meteorológica - Centro;2025-02-09 09:38:37;0;0;;Validado Manual;;;
MVD:WeatherObserved:00006;Estación Meteorológica - Centro;2025-02-09 09:43:38;0;0;;Validado Manual;;;
MVD:WeatherObserved:00006;Estación Meteorológica - Centro;2025-02-09 09:48:38;0;0;;Validado Manual;;;
MVD:WeatherObserved:00006;Estación Meteorológica - Centro;2025-02-09 09:53:38;0;0;;Validado Manual;;;
MVD:WeatherObserved:00006;Estación Meteorológica - Centro;2025-02-09 09:58:38;0;0;;Validado Manual;;;
MVD:WeatherObserved:00006;Estación Meteorológica - Centro;2025-02-09 10:03:38;0;0;;Validado Manual;;;
MVD:WeatherObserved:00006;Estación Meteorológica - Centro;2025-02-09 10:08:38;0;0;;Validado Manual;;;
MVD:WeatherObserved:00006;Estación Meteorológica - Centro;2025-02-09 10:13:38;0;0;;Validado Manual;;;
MVD:WeatherObserved:00006;Estación Meteorológica - Centro;2025-02-09 10:18:38;0;0;;Validado Manual;;;
MVD:WeatherObserved:00006;Estación Meteorológica - Centro;2025-02-09 10:23:38;0;0;;Validado Manual;;;
MVD:WeatherObserved:00006;Estación Meteorológica - Centro;2025-02-09 10:28:38;0;0;;Validado Manual;;;
MVD:WeatherObserved:00006;Estación Meteorológica - Centro;2025-02-09 10:33:38;0;0;;Validado Manual;;;
MVD:WeatherObserved:00006;Estación Meteorológica - Centro;2025-02-09 10:38:39;0;0;;Validado Manual;;;
MVD:WeatherObserved:00006;Estación Meteorológica - Centro;2025-02-09 10:43:39;0;0;;Validado Manual;;;
MVD:WeatherObserved:00006;Estación Meteorológica - Centro;2025-02-09 10:48:39;0;0;;Validado Manual;;;
MVD:WeatherObserved:00006;Estación Meteorológica - Centro;2025-02-09 10:53:39;0;0;;Validado Manual;;;
MVD:WeatherObserved:00006;Estación Meteorológica - Centro;2025-02-09 10:58:39;0;0;;Validado Manual;;;
MVD:WeatherObserved:00006;Estación Meteorológica - Centro;2025-02-09 11:03:39;0;0;;Validado Manual;;;
MVD:WeatherObserved:00006;Estación Meteorológica - Centro;2025-02-09 11:08:39;0;0;;Validado Manual;;;
MVD:WeatherObserved:00006;Estación Meteorológica - Centro;2025-02-09 11:13:39;0;0;;Validado Manual;;;
MVD:WeatherObserved:00006;Estación Meteorológica - Centro;2025-02-09 11:18:39;0;0;;Validado Manual;;;
MVD:WeatherObserved:00006;Estación Meteorológica - Centro;2025-02-09 11:23:39;0;0;;Validado Manual;;;
MVD:WeatherObserved:00006;Estación Meteorológica - Centro;2025-02-09 11:28:39;0;0;;Validado Manual;;;
MVD:WeatherObserved:00006;Estación Meteorológica - Centro;2025-02-09 11:33:39;0;0;;Validado Manual;;;
MVD:WeatherObserved:00006;Estación Meteorológica - Centro;2025-02-09 11:38:39;0;0;;Validado Manual;;;
MVD:WeatherObserved:00006;Estación Meteorológica - Centro;2025-02-09 11:43:39;0;0;;Validado Manual;;;
MVD:WeatherObserved:00006;Estación Meteorológica - Centro;2025-02-09 11:48:39;0;0;;Validado Manual;;;
MVD:WeatherObserved:00006;Estación Meteorológica - Centro;2025-02-09 11:53:39;0;0;;Validado Manual;;;
MVD:WeatherObserved:00006;Estación Meteorológica - Centro;2025-02-09 11:58:39;0;0;;Validado Manual;;;
MVD:WeatherObserved:00006;Estación Meteorológica - Centro;2025-02-09 12:03:39;0;0;;Validado Manual;;;
MVD:WeatherObserved:00006;Estación Meteorológica - Centro;2025-02-09 12:08:40;0;0;;Validado Manual;;;
MVD:WeatherObserved:00006;Estación Meteorológica - Centro;2025-02-09 12:13:40;0;0;;Validado Manual;;;
MVD:WeatherObserved:00006;Estación Meteorológica - Centro;2025-02-09 12:18:40;0;0;;Validado Manual;;;
MVD:WeatherObserved:00006;Estación Meteorológica - Centro;2025-02-09 12:23:40;0;0;;Validado Manual;;;
MVD:WeatherObserved:00006;Estación Meteorológica - Centro;2025-02-09 12:28:40;0;0;;Validado Manual;;;
MVD:WeatherObserved:00006;Estación Meteorológica - Centro;2025-02-09 12:33:40;0;0;;Validado Manual;;;
MVD:WeatherObserved:00006;Estación Meteorológica - Centro;2025-02-09 12:38:40;0;0;;Validado Manual;;;
MVD:WeatherObserved:00006;Estación Meteorológica - Centro;2025-02-09 12:43:40;0;0;;Validado Manual;;;
MVD:WeatherObserved:00006;Estación Meteorológica - Centro;2025-02-09 12:48:40;0;0;;Validado Manual;;;
MVD:WeatherObserved:00006;Estación Meteorológica - Centro;2025-02-09 12:53:40;0;0;;Validado Manual;;;
MVD:WeatherObserved:00006;Estación Meteorológica - Centro;2025-02-09 12:58:40;0;0;;Validado Manual;;;
MVD:WeatherObserved:00006;Estación Meteorológica - Centro;2025-02-09 13:03:40;0;0;;Validado Manual;;;
MVD:WeatherObserved:00006;Estación Meteorológica - Centro;2025-02-09 13:08:40;0;0;;Validado Manual;;;
MVD:WeatherObserved:00006;Estación Meteorológica - Centro;2025-02-09 13:13:41;0;0;;Validado Manual;;;
MVD:WeatherObserved:00006;Estación Meteorológica - Centro;2025-02-09 13:18:41;0;0;;Validado Manual;;;
MVD:WeatherObserved:00006;Estación Meteorológica - Centro;2025-02-09 13:23:41;0;0;;Validado Manual;;;
MVD:WeatherObserved:00006;Estación Meteorológica - Centro;2025-02-09 13:28:41;0;0;;Validado Manual;;;
MVD:WeatherObserved:00006;Estación Meteorológica - Centro;2025-02-09 13:33:41;0;0;;Validado Manual;;;
MVD:WeatherObserved:00006;Estación Meteorológica - Centro;2025-02-09 13:38:41;0;0;;Validado Manual;;;
MVD:WeatherObserved:00006;Estación Meteorológica - Centro;2025-02-09 13:43:41;0;0;;Validado Manual;;;
MVD:WeatherObserved:00006;Estación Meteorológica - Centro;2025-02-09 13:48:41;0;0;;Validado Manual;;;
MVD:WeatherObserved:00006;Estación Meteorológica - Centro;2025-02-09 13:53:41;0;0;;Validado Manual;;;
MVD:WeatherObserved:00006;Estación Meteorológica - Centro;2025-02-09 13:58:41;0;0;;Validado Manual;;;
MVD:WeatherObserved:00006;Estación Meteorológica - Centro;2025-02-09 14:03:41;0;0;;Validado Manual;;;
MVD:WeatherObserved:00006;Estación Meteorológica - Centro;2025-02-09 14:08:41;0;0;;Validado Manual;;;
MVD:WeatherObserved:00006;Estación Meteorológica - Centro;2025-02-09 14:13:41;0;0;;Validado Manual;;;
MVD:WeatherObserved:00006;Estación Meteorológica - Centro;2025-02-09 14:18:41;0;0;;Validado Manual;;;
MVD:WeatherObserved:00006;Estación Meteorológica - Centro;2025-02-09 14:23:41;0;0;;Validado Manual;;;
MVD:WeatherObserved:00006;Estación Meteorológica - Centro;2025-02-09 14:28:42;0;0;;Validado Manual;;;
MVD:WeatherObserved:00006;Estación Meteorológica - Centro;2025-02-09 14:33:42;0;0;;Validado Manual;;;
MVD:WeatherObserved:00006;Estación Meteorológica - Centro;2025-02-09 14:38:42;0;0;;Validado Manual;;;
MVD:WeatherObserved:00006;Estación Meteorológica - Centro;2025-02-09 14:43:42;0;0;;Validado Manual;;;
MVD:WeatherObserved:00006;Estación Meteorológica - Centro;2025-02-09 14:48:42;0;0;;Validado Manual;;;
MVD:WeatherObserved:00006;Estación Meteorológica - Centro;2025-02-09 14:53:42;0;0;;Validado Manual;;;
MVD:WeatherObserved:00006;Estación Meteorológica - Centro;2025-02-09 14:58:42;0;0;;Validado Manual;;;
MVD:WeatherObserved:00006;Estación Meteorológica - Centro;2025-02-09 15:03:42;0;0;;Validado Manual;;;
MVD:WeatherObserved:00006;Estación Meteorológica - Centro;2025-02-09 15:08:42;0;0;;Validado Manual;;;
MVD:WeatherObserved:00006;Estación Meteorológica - Centro;2025-02-09 15:13:42;0;0;;Validado Manual;;;
MVD:WeatherObserved:00006;Estación Meteorológica - Centro;2025-02-09 15:18:42;0;0;;Validado Manual;;;
MVD:WeatherObserved:00006;Estación Meteorológica - Centro;2025-02-09 15:23:42;0;0;;Validado Manual;;;
MVD:WeatherObserved:00006;Estación Meteorológica - Centro;2025-02-09 15:28:42;0;0;;Validado Manual;;;
MVD:WeatherObserved:00006;Estación Meteorológica - Centro;2025-02-09 15:33:42;0;0;;Validado Manual;;;
MVD:WeatherObserved:00006;Estación Meteorológica - Centro;2025-02-09 15:38:42;0;0;;Validado Manual;;;
MVD:WeatherObserved:00006;Estación Meteorológica - Centro;2025-02-09 15:43:42;0;0;;Validado Manual;;;
MVD:WeatherObserved:00006;Estación Meteorológica - Centro;2025-02-09 15:48:42;0;0;;Validado Manual;;;
MVD:WeatherObserved:00006;Estación Meteorológica - Centro;2025-02-09 15:53:43;0;0;;Validado Manual;;;
MVD:WeatherObserved:00006;Estación Meteorológica - Centro;2025-02-09 15:58:43;0;0;;Validado Manual;;;
MVD:WeatherObserved:00006;Estación Meteorológica - Centro;2025-02-09 16:03:43;0;0;;Validado Manual;;;
MVD:WeatherObserved:00006;Estación Meteorológica - Centro;2025-02-09 16:08:43;0;0;;Validado Manual;;;
MVD:WeatherObserved:00006;Estación Meteorológica - Centro;2025-02-09 16:13:43;0;0;;Validado Manual;;;
MVD:WeatherObserved:00006;Estación Meteorológica - Centro;2025-02-09 16:18:43;0;0;;Validado Manual;;;
MVD:WeatherObserved:00006;Estación Meteorológica - Centro;2025-02-09 16:23:43;0;0;;Validado Manual;;;
MVD:WeatherObserved:00006;Estación Meteorológica - Centro;2025-02-09 16:28:43;0;0;;Validado Manual;;;
MVD:WeatherObserved:00006;Estación Meteorológica - Centro;2025-02-09 16:33:43;0;0;;Validado Manual;;;
MVD:WeatherObserved:00006;Estación Meteorológica - Centro;2025-02-09 16:38:43;0;0;;Validado Manual;;;
MVD:WeatherObserved:00006;Estación Meteorológica - Centro;2025-02-09 16:43:43;0;0;;Validado Manual;;;
MVD:WeatherObserved:00006;Estación Meteorológica - Centro;2025-02-09 16:48:43;0;0;;Validado Manual;;;
MVD:WeatherObserved:00006;Estación Meteorológica - Centro;2025-02-09 16:53:43;0;0;;Validado Manual;;;
MVD:WeatherObserved:00006;Estación Meteorológica - Centro;2025-02-09 16:58:43;0;0;;Validado Manual;;;
MVD:WeatherObserved:00006;Estación Meteorológica - Centro;2025-02-09 17:03:44;0;0;;Validado Manual;;;
MVD:WeatherObserved:00006;Estación Meteorológica - Centro;2025-02-09 17:08:44;0;0;;Validado Manual;;;
MVD:WeatherObserved:00006;Estación Meteorológica - Centro;2025-02-09 17:13:44;0;0;;Validado Manual;;;
MVD:WeatherObserved:00006;Estación Meteorológica - Centro;2025-02-09 17:18:44;0;0;;Validado Manual;;;
MVD:WeatherObserved:00006;Estación Meteorológica - Centro;2025-02-09 17:23:44;0;0;;Validado Manual;;;
MVD:WeatherObserved:00006;Estación Meteorológica - Centro;2025-02-09 17:28:44;0;0;;Validado Manual;;;
MVD:WeatherObserved:00006;Estación Meteorológica - Centro;2025-02-09 17:33:44;0;0;;Validado Manual;;;
MVD:WeatherObserved:00006;Estación Meteorológica - Centro;2025-02-09 17:38:44;0;0;;Validado Manual;;;
MVD:WeatherObserved:00006;Estación Meteorológica - Centro;2025-02-09 17:43:44;0;0;;Validado Manual;;;
MVD:WeatherObserved:00006;Estación Meteorológica - Centro;2025-02-09 17:48:44;0;0;;Validado Manual;;;
MVD:WeatherObserved:00006;Estación Meteorológica - Centro;2025-02-09 17:53:44;0;0;;Validado Manual;;;
MVD:WeatherObserved:00006;Estación Meteorológica - Centro;2025-02-09 17:58:44;0;0;;Validado Manual;;;
MVD:WeatherObserved:00006;Estación Meteorológica - Centro;2025-02-09 18:03:45;0;0;;Validado Manual;;;
MVD:WeatherObserved:00006;Estación Meteorológica - Centro;2025-02-09 18:08:45;0;0;;Validado Manual;;;
MVD:WeatherObserved:00006;Estación Meteorológica - Centro;2025-02-09 18:13:45;0;0;;Validado Manual;;;
MVD:WeatherObserved:00006;Estación Meteorológica - Centro;2025-02-09 18:18:45;0;0;;Validado Manual;;;
MVD:WeatherObserved:00006;Estación Meteorológica - Centro;2025-02-09 18:23:45;0;0;;Validado Manual;;;
MVD:WeatherObserved:00006;Estación Meteorológica - Centro;2025-02-09 18:28:45;0;0;;Validado Manual;;;
MVD:WeatherObserved:00006;Estación Meteorológica - Centro;2025-02-09 18:33:45;0;0;;Validado Manual;;;
MVD:WeatherObserved:00006;Estación Meteorológica - Centro;2025-02-09 18:38:45;0;0;;Validado Manual;;;
MVD:WeatherObserved:00006;Estación Meteorológica - Centro;2025-02-09 18:43:45;0;0;;Validado Manual;;;
MVD:WeatherObserved:00006;Estación Meteorológica - Centro;2025-02-09 18:48:45;0;0;;Validado Manual;;;
MVD:WeatherObserved:00006;Estación Meteorológica - Centro;2025-02-09 18:53:45;0;0;;Validado Manual;;;
MVD:WeatherObserved:00006;Estación Meteorológica - Centro;2025-02-09 18:58:45;0;0;;Validado Manual;;;
MVD:WeatherObserved:00006;Estación Meteorológica - Centro;2025-02-09 19:03:45;0;0;;Validado Manual;;;
MVD:WeatherObserved:00006;Estación Meteorológica - Centro;2025-02-09 19:08:45;0;0;;Validado Manual;;;
MVD:WeatherObserved:00006;Estación Meteorológica - Centro;2025-02-09 19:13:45;0;0;;Validado Manual;;;
MVD:WeatherObserved:00006;Estación Meteorológica - Centro;2025-02-09 19:18:45;0;0;;Validado Manual;;;
MVD:WeatherObserved:00006;Estación Meteorológica - Centro;2025-02-09 19:23:46;0;0;;Validado Manual;;;
MVD:WeatherObserved:00006;Estación Meteorológica - Centro;2025-02-09 19:28:46;0;0;;Validado Manual;;;
MVD:WeatherObserved:00006;Estación Meteorológica - Centro;2025-02-09 19:33:46;0;0;;Validado Manual;;;
MVD:WeatherObserved:00006;Estación Meteorológica - Centro;2025-02-09 19:38:46;0;0;;Validado Manual;;;
MVD:WeatherObserved:00006;Estación Meteorológica - Centro;2025-02-09 19:43:46;0;0;;Validado Manual;;;
MVD:WeatherObserved:00006;Estación Meteorológica - Centro;2025-02-09 19:48:46;0;0;;Validado Manual;;;
MVD:WeatherObserved:00006;Estación Meteorológica - Centro;2025-02-09 19:53:46;0;0;;Validado Manual;;;
MVD:WeatherObserved:00006;Estación Meteorológica - Centro;2025-02-09 19:58:46;0;0;;Validado Manual;;;
MVD:WeatherObserved:00006;Estación Meteorológica - Centro;2025-02-09 20:03:46;0;0;;Validado Manual;;;
MVD:WeatherObserved:00006;Estación Meteorológica - Centro;2025-02-09 20:08:46;0;0;;Validado Manual;;;
MVD:WeatherObserved:00006;Estación Meteorológica - Centro;2025-02-09 20:13:46;0;0;;Validado Manual;;;
MVD:WeatherObserved:00006;Estación Meteorológica - Centro;2025-02-09 20:18:46;0;0;;Validado Manual;;;
MVD:WeatherObserved:00006;Estación Meteorológica - Centro;2025-02-09 20:23:46;0;0;;Validado Manual;;;
MVD:WeatherObserved:00006;Estación Meteorológica - Centro;2025-02-09 20:28:47;0;0;;Validado Manual;;;
MVD:WeatherObserved:00006;Estación Meteorológica - Centro;2025-02-09 20:33:47;0;0;;Validado Manual;;;
MVD:WeatherObserved:00006;Estación Meteorológica - Centro;2025-02-09 20:38:47;0;0;;Validado Manual;;;
MVD:WeatherObserved:00006;Estación Meteorológica - Centro;2025-02-09 20:43:47;0;0;;Validado Manual;;;
MVD:WeatherObserved:00006;Estación Meteorológica - Centro;2025-02-09 20:48:47;0;0;;Validado Manual;;;
MVD:WeatherObserved:00006;Estación Meteorológica - Centro;2025-02-09 20:53:47;0;0;;Validado Manual;;;
MVD:WeatherObserved:00006;Estación Meteorológica - Centro;2025-02-09 20:58:47;0;0;;Validado Manual;;;
MVD:WeatherObserved:00006;Estación Meteorológica - Centro;2025-02-09 21:03:47;0;0;;Validado Manual;;;
MVD:WeatherObserved:00006;Estación Meteorológica - Centro;2025-02-09 21:08:47;0;0;;Validado Manual;;;
MVD:WeatherObserved:00006;Estación Meteorológica - Centro;2025-02-09 21:13:47;0;0;;Validado Manual;;;
MVD:WeatherObserved:00006;Estación Meteorológica - Centro;2025-02-09 21:18:47;0;0;;Validado Manual;;;
MVD:WeatherObserved:00006;Estación Meteorológica - Centro;2025-02-09 21:23:47;0;0;;Validado Manual;;;
MVD:WeatherObserved:00006;Estación Meteorológica - Centro;2025-02-09 21:28:48;0;0;;Validado Manual;;;
MVD:WeatherObserved:00006;Estación Meteorológica - Centro;2025-02-09 21:33:48;0;0;;Validado Manual;;;
MVD:WeatherObserved:00006;Estación Meteorológica - Centro;2025-02-09 21:38:48;0;0;;Validado Manual;;;
MVD:WeatherObserved:00006;Estación Meteorológica - Centro;2025-02-09 21:43:48;0;0;;Validado Manual;;;
MVD:WeatherObserved:00006;Estación Meteorológica - Centro;2025-02-09 21:48:48;0;0;;Validado Manual;;;
MVD:WeatherObserved:00006;Estación Meteorológica - Centro;2025-02-09 21:53:48;0;0;;Validado Manual;;;
MVD:WeatherObserved:00006;Estación Meteorológica - Centro;2025-02-09 21:58:48;0;0;;Validado Manual;;;
MVD:WeatherObserved:00006;Estación Meteorológica - Centro;2025-02-09 22:03:48;0;0;;Validado Manual;;;
MVD:WeatherObserved:00006;Estación Meteorológica - Centro;2025-02-09 22:08:48;0;0;;Validado Manual;;;
MVD:WeatherObserved:00006;Estación Meteorológica - Centro;2025-02-09 22:13:48;0;0;;Validado Manual;;;
MVD:WeatherObserved:00006;Estación Meteorológica - Centro;2025-02-09 22:18:48;0;0;;Validado Manual;;;
MVD:WeatherObserved:00006;Estación Meteorológica - Centro;2025-02-09 22:23:48;0;0;;Validado Manual;;;
MVD:WeatherObserved:00006;Estación Meteorológica - Centro;2025-02-09 22:28:48;0;0;;Validado Manual;;;
MVD:WeatherObserved:00006;Estación Meteorológica - Centro;2025-02-09 22:33:49;0;0;;Validado Manual;;;
MVD:WeatherObserved:00006;Estación Meteorológica - Centro;2025-02-09 22:38:49;0;0;;Validado Manual;;;
MVD:WeatherObserved:00006;Estación Meteorológica - Centro;2025-02-09 22:43:49;0;0;;Validado Manual;;;
MVD:WeatherObserved:00006;Estación Meteorológica - Centro;2025-02-09 22:48:49;0;0;;Validado Manual;;;
MVD:WeatherObserved:00006;Estación Meteorológica - Centro;2025-02-09 22:53:49;0;0;;Validado Manual;;;
MVD:WeatherObserved:00006;Estación Meteorológica - Centro;2025-02-09 22:58:49;0;0;;Validado Manual;;;
MVD:WeatherObserved:00006;Estación Meteorológica - Centro;2025-02-09 23:03:49;0;0;;Validado Manual;;;
MVD:WeatherObserved:00006;Estación Meteorológica - Centro;2025-02-09 23:08:49;0;0;;Validado Manual;;;
MVD:WeatherObserved:00006;Estación Meteorológica - Centro;2025-02-09 23:13:49;0;0;;Validado Manual;;;
MVD:WeatherObserved:00006;Estación Meteorológica - Centro;2025-02-09 23:18:49;0;0;;Validado Manual;;;
MVD:WeatherObserved:00006;Estación Meteorológica - Centro;2025-02-09 23:23:49;0;0;;Validado Manual;;;
MVD:WeatherObserved:00006;Estación Meteorológica - Centro;2025-02-09 23:28:49;0;0;;Validado Manual;;;
MVD:WeatherObserved:00006;Estación Meteorológica - Centro;2025-02-09 23:33:49;0;0;;Validado Manual;;;
MVD:WeatherObserved:00006;Estación Meteorológica - Centro;2025-02-09 23:38:49;0;0;;Validado Manual;;;
MVD:WeatherObserved:00006;Estación Meteorológica - Centro;2025-02-09 23:43:49;0;0;;Validado Manual;;;
MVD:WeatherObserved:00006;Estación Meteorológica - Centro;2025-02-09 23:48:50;0;0;;Validado Manual;;;
MVD:WeatherObserved:00006;Estación Meteorológica - Centro;2025-02-09 23:53:50;0;0;;Validado Manual;;;
MVD:WeatherObserved:00006;Estación Meteorológica - Centro;2025-02-09 23:58:50;0;0;;Validado Manual;;;
MVD:WeatherObserved:00006;Estación Meteorológica - Centro;2025-02-10 00:03:50;0;0;;Validado Manual;;;
MVD:WeatherObserved:00006;Estación Meteorológica - Centro;2025-02-10 00:08:50;0;0;;Validado Manual;;;
MVD:WeatherObserved:00006;Estación Meteorológica - Centro;2025-02-10 00:13:50;0;0;;Validado Manual;;;
MVD:WeatherObserved:00006;Estación Meteorológica - Centro;2025-02-10 00:18:50;0;0;;Validado Manual;;;
MVD:WeatherObserved:00006;Estación Meteorológica - Centro;2025-02-10 00:23:50;0;0;;Validado Manual;;;
MVD:WeatherObserved:00006;Estación Meteorológica - Centro;2025-02-10 00:28:50;0;0;;Validado Manual;;;
MVD:WeatherObserved:00006;Estación Meteorológica - Centro;2025-02-10 00:33:50;0;0;;Validado Manual;;;
MVD:WeatherObserved:00006;Estación Meteorológica - Centro;2025-02-10 00:38:50;0;0;;Validado Manual;;;
MVD:WeatherObserved:00006;Estación Meteorológica - Centro;2025-02-10 00:43:50;0;0;;Validado Manual;;;
MVD:WeatherObserved:00006;Estación Meteorológica - Centro;2025-02-10 00:48:50;0;0;;Validado Manual;;;
MVD:WeatherObserved:00006;Estación Meteorológica - Centro;2025-02-10 00:53:50;0;0;;Validado Manual;;;
MVD:WeatherObserved:00006;Estación Meteorológica - Centro;2025-02-10 00:58:50;0;0;;Validado Manual;;;
MVD:WeatherObserved:00006;Estación Meteorológica - Centro;2025-02-10 01:03:51;0;0;;Validado Manual;;;
MVD:WeatherObserved:00006;Estación Meteorológica - Centro;2025-02-10 01:08:51;0;0;;Validado Manual;;;
MVD:WeatherObserved:00006;Estación Meteorológica - Centro;2025-02-10 01:13:51;0;0;;Validado Manual;;;
MVD:WeatherObserved:00006;Estación Meteorológica - Centro;2025-02-10 01:18:51;0;0;;Validado Manual;;;
MVD:WeatherObserved:00006;Estación Meteorológica - Centro;2025-02-10 01:23:51;0;0;;Validado Manual;;;
MVD:WeatherObserved:00006;Estación Meteorológica - Centro;2025-02-10 01:28:51;0;0;;Validado Manual;;;
MVD:WeatherObserved:00006;Estación Meteorológica - Centro;2025-02-10 01:33:51;0;0;;Validado Manual;;;
MVD:WeatherObserved:00006;Estación Meteorológica - Centro;2025-02-10 01:38:51;0;0;;Validado Manual;;;
MVD:WeatherObserved:00006;Estación Meteorológica - Centro;2025-02-10 01:43:51;0;0;;Validado Manual;;;
MVD:WeatherObserved:00006;Estación Meteorológica - Centro;2025-02-10 01:48:51;0;0;;Validado Manual;;;
MVD:WeatherObserved:00006;Estación Meteorológica - Centro;2025-02-10 01:53:51;0;0;;Validado Manual;;;
MVD:WeatherObserved:00006;Estación Meteorológica - Centro;2025-02-10 01:58:51;0;0;;Validado Manual;;;
MVD:WeatherObserved:00006;Estación Meteorológica - Centro;2025-02-10 02:03:51;0;0;;Validado Manual;;;
MVD:WeatherObserved:00006;Estación Meteorológica - Centro;2025-02-10 02:08:51;0;0;;Validado Manual;;;
MVD:WeatherObserved:00006;Estación Meteorológica - Centro;2025-02-10 02:13:51;0;0;;Validado Manual;;;
MVD:WeatherObserved:00006;Estación Meteorológica - Centro;2025-02-10 02:18:52;0;0;;Validado Manual;;;
MVD:WeatherObserved:00006;Estación Meteorológica - Centro;2025-02-10 02:23:52;0;0;;Validado Manual;;;
MVD:WeatherObserved:00006;Estación Meteorológica - Centro;2025-02-10 02:28:52;0;0;;Validado Manual;;;
MVD:WeatherObserved:00006;Estación Meteorológica - Centro;2025-02-10 02:33:52;0;0;;Validado Manual;;;
MVD:WeatherObserved:00006;Estación Meteorológica - Centro;2025-02-10 02:38:52;0;0;;Validado Manual;;;
MVD:WeatherObserved:00006;Estación Meteorológica - Centro;2025-02-10 02:43:52;0;0;;Validado Manual;;;
MVD:WeatherObserved:00006;Estación Meteorológica - Centro;2025-02-10 02:48:52;0;0;;Validado Manual;;;
MVD:WeatherObserved:00006;Estación Meteorológica - Centro;2025-02-10 02:53:52;0;0;;Validado Manual;;;
MVD:WeatherObserved:00006;Estación Meteorológica - Centro;2025-02-10 02:58:52;0;0;;Validado Manual;;;
MVD:WeatherObserved:00006;Estación Meteorológica - Centro;2025-02-10 03:03:52;0;0;;Validado Manual;;;
MVD:WeatherObserved:00006;Estación Meteorológica - Centro;2025-02-10 03:08:52;0;0;;Validado Manual;;;
MVD:WeatherObserved:00006;Estación Meteorológica - Centro;2025-02-10 03:13:52;0;0;;Validado Manual;;;
MVD:WeatherObserved:00006;Estación Meteorológica - Centro;2025-02-10 03:18:52;0;0;;Validado Manual;;;
MVD:WeatherObserved:00006;Estación Meteorológica - Centro;2025-02-10 03:23:52;0;0;;Validado Manual;;;
MVD:WeatherObserved:00006;Estación Meteorológica - Centro;2025-02-10 03:28:52;0;0;;Validado Manual;;;
MVD:WeatherObserved:00006;Estación Meteorológica - Centro;2025-02-10 03:33:53;0;0;;Validado Manual;;;
MVD:WeatherObserved:00006;Estación Meteorológica - Centro;2025-02-10 03:38:53;0;0;;Validado Manual;;;
MVD:WeatherObserved:00006;Estación Meteorológica - Centro;2025-02-10 03:43:53;0;0;;Validado Manual;;;
MVD:WeatherObserved:00006;Estación Meteorológica - Centro;2025-02-10 03:48:53;0;0;;Validado Manual;;;
MVD:WeatherObserved:00006;Estación Meteorológica - Centro;2025-02-10 03:53:53;0;0;;Validado Manual;;;
MVD:WeatherObserved:00006;Estación Meteorológica - Centro;2025-02-10 03:58:53;0;0;;Validado Manual;;;
MVD:WeatherObserved:00006;Estación Meteorológica - Centro;2025-02-10 04:03:53;0;0;;Validado Manual;;;
MVD:WeatherObserved:00006;Estación Meteorológica - Centro;2025-02-10 04:08:53;0;0;;Validado Manual;;;
MVD:WeatherObserved:00006;Estación Meteorológica - Centro;2025-02-10 04:13:53;0;0;;Validado Manual;;;
MVD:WeatherObserved:00006;Estación Meteorológica - Centro;2025-02-10 04:18:53;0;0;;Validado Manual;;;
MVD:WeatherObserved:00006;Estación Meteorológica - Centro;2025-02-10 04:23:53;0;0;;Validado Manual;;;
MVD:WeatherObserved:00006;Estación Meteorológica - Centro;2025-02-10 04:28:53;0;0;;Validado Manual;;;
MVD:WeatherObserved:00006;Estación Meteorológica - Centro;2025-02-10 04:33:54;0;0;;Validado Manual;;;
MVD:WeatherObserved:00006;Estación Meteorológica - Centro;2025-02-10 04:38:54;0;0;;Validado Manual;;;
MVD:WeatherObserved:00006;Estación Meteorológica - Centro;2025-02-10 04:43:54;0;0;;Validado Manual;;;
MVD:WeatherObserved:00006;Estación Meteorológica - Centro;2025-02-10 04:48:54;0;0;;Validado Manual;;;
MVD:WeatherObserved:00006;Estación Meteorológica - Centro;2025-02-10 04:53:54;0;0;;Validado Manual;;;
MVD:WeatherObserved:00006;Estación Meteorológica - Centro;2025-02-10 04:58:54;0;0;;Validado Manual;;;
MVD:WeatherObserved:00006;Estación Meteorológica - Centro;2025-02-10 05:03:54;0;0;;Validado Manual;;;
MVD:WeatherObserved:00006;Estación Meteorológica - Centro;2025-02-10 05:08:54;0;0;;Validado Manual;;;
MVD:WeatherObserved:00006;Estación Meteorológica - Centro;2025-02-10 05:13:54;0;0;;Validado Manual;;;
MVD:WeatherObserved:00006;Estación Meteorológica - Centro;2025-02-10 05:18:54;0;0;;Validado Manual;;;
MVD:WeatherObserved:00006;Estación Meteorológica - Centro;2025-02-10 05:23:54;0;0;;Validado Manual;;;
MVD:WeatherObserved:00006;Estación Meteorológica - Centro;2025-02-10 05:28:54;0;0;;Validado Manual;;;
MVD:WeatherObserved:00006;Estación Meteorológica - Centro;2025-02-10 05:33:55;0;0;;Validado Manual;;;
MVD:WeatherObserved:00006;Estación Meteorológica - Centro;2025-02-10 05:38:55;0;0;;Validado Manual;;;
MVD:WeatherObserved:00006;Estación Meteorológica - Centro;2025-02-10 05:43:55;0;0;;Validado Manual;;;
MVD:WeatherObserved:00006;Estación Meteorológica - Centro;2025-02-10 05:48:55;0;0;;Validado Manual;;;
MVD:WeatherObserved:00006;Estación Meteorológica - Centro;2025-02-10 05:53:55;0;0;;Validado Manual;;;
MVD:WeatherObserved:00006;Estación Meteorológica - Centro;2025-02-10 05:58:55;0;0;;Validado Manual;;;
MVD:WeatherObserved:00006;Estación Meteorológica - Centro;2025-02-10 06:03:55;0;0;;Validado Manual;;;
MVD:WeatherObserved:00006;Estación Meteorológica - Centro;2025-02-10 06:08:55;0;0;;Validado Manual;;;
MVD:WeatherObserved:00006;Estación Meteorológica - Centro;2025-02-10 06:13:55;0;0;;Validado Manual;;;
MVD:WeatherObserved:00006;Estación Meteorológica - Centro;2025-02-10 06:18:55;0;0;;Validado Manual;;;
MVD:WeatherObserved:00006;Estación Meteorológica - Centro;2025-02-10 06:23:55;0;0;;Validado Manual;;;
MVD:WeatherObserved:00006;Estación Meteorológica - Centro;2025-02-10 06:28:55;0;0;;Validado Manual;;;
MVD:WeatherObserved:00006;Estación Meteorológica - Centro;2025-02-10 06:33:55;0;0;;Validado Manual;;;
MVD:WeatherObserved:00006;Estación Meteorológica - Centro;2025-02-10 06:38:56;0;0;;Validado Manual;;;
MVD:WeatherObserved:00006;Estación Meteorológica - Centro;2025-02-10 06:43:56;0;0;;Validado Manual;;;
MVD:WeatherObserved:00006;Estación Meteorológica - Centro;2025-02-10 06:48:56;0;0;;Validado Manual;;;
MVD:WeatherObserved:00006;Estación Meteorológica - Centro;2025-02-10 06:53:56;0;0;;Validado Manual;;;
MVD:WeatherObserved:00006;Estación Meteorológica - Centro;2025-02-10 06:58:56;0;0;;Validado Manual;;;
MVD:WeatherObserved:00006;Estación Meteorológica - Centro;2025-02-10 07:03:56;0;0;;Validado Manual;;;
MVD:WeatherObserved:00006;Estación Meteorológica - Centro;2025-02-10 07:08:56;0;0;;Validado Manual;;;
MVD:WeatherObserved:00006;Estación Meteorológica - Centro;2025-02-10 07:13:56;0;0;;Validado Manual;;;
MVD:WeatherObserved:00006;Estación Meteorológica - Centro;2025-02-10 07:18:56;0;0;;Validado Manual;;;
MVD:WeatherObserved:00006;Estación Meteorológica - Centro;2025-02-10 07:23:56;0;0;;Validado Manual;;;
MVD:WeatherObserved:00006;Estación Meteorológica - Centro;2025-02-10 07:28:56;0;0;;Validado Manual;;;
MVD:WeatherObserved:00006;Estación Meteorológica - Centro;2025-02-10 07:33:56;0;0;;Validado Manual;;;
MVD:WeatherObserved:00006;Estación Meteorológica - Centro;2025-02-10 07:38:56;0;0;;Validado Manual;;;
MVD:WeatherObserved:00006;Estación Meteorológica - Centro;2025-02-10 07:43:58;0;0;;Validado Manual;;;
MVD:WeatherObserved:00006;Estación Meteorológica - Centro;2025-02-10 07:48:57;0;0;;Validado Manual;;;
MVD:WeatherObserved:00006;Estación Meteorológica - Centro;2025-02-10 07:53:57;0;0;;Validado Manual;;;
MVD:WeatherObserved:00006;Estación Meteorológica - Centro;2025-02-10 07:58:57;0;0;;Validado Manual;;;
MVD:WeatherObserved:00006;Estación Meteorológica - Centro;2025-02-10 08:03:57;0;0;;Validado Manual;;;
MVD:WeatherObserved:00006;Estación Meteorológica - Centro;2025-02-10 08:08:57;0;0;;Validado Manual;;;
MVD:WeatherObserved:00006;Estación Meteorológica - Centro;2025-02-10 08:13:57;0;0;;Validado Manual;;;
MVD:WeatherObserved:00006;Estación Meteorológica - Centro;2025-02-10 08:18:57;0;0;;Validado Manual;;;
MVD:WeatherObserved:00006;Estación Meteorológica - Centro;2025-02-10 08:23:57;0;0;;Validado Manual;;;
MVD:WeatherObserved:00006;Estación Meteorológica - Centro;2025-02-10 08:28:57;0;0;;Validado Manual;;;
MVD:WeatherObserved:00006;Estación Meteorológica - Centro;2025-02-10 08:33:57;0;0;;Validado Manual;;;
MVD:WeatherObserved:00006;Estación Meteorológica - Centro;2025-02-10 08:38:57;0;0;;Validado Manual;;;
MVD:WeatherObserved:00006;Estación Meteorológica - Centro;2025-02-10 08:43:57;0;0;;Validado Manual;;;
MVD:WeatherObserved:00006;Estación Meteorológica - Centro;2025-02-10 08:48:57;0;0;;Validado Manual;;;
MVD:WeatherObserved:00006;Estación Meteorológica - Centro;2025-02-10 08:53:57;0;0;;Validado Manual;;;
MVD:WeatherObserved:00006;Estación Meteorológica - Centro;2025-02-10 08:58:58;0;0;;Validado Manual;;;
MVD:WeatherObserved:00006;Estación Meteorológica - Centro;2025-02-10 09:03:58;0;0;;Validado Manual;;;
MVD:WeatherObserved:00006;Estación Meteorológica - Centro;2025-02-10 09:08:58;0;0;;Validado Manual;;;
MVD:WeatherObserved:00006;Estación Meteorológica - Centro;2025-02-10 09:13:58;0;0;;Validado Manual;;;
MVD:WeatherObserved:00006;Estación Meteorológica - Centro;2025-02-10 09:18:58;0;0;;Validado Manual;;;
MVD:WeatherObserved:00006;Estación Meteorológica - Centro;2025-02-10 09:23:58;0;0;;Validado Manual;;;
MVD:WeatherObserved:00006;Estación Meteorológica - Centro;2025-02-10 09:28:58;0;0;;Validado Manual;;;
MVD:WeatherObserved:00006;Estación Meteorológica - Centro;2025-02-10 09:33:58;0;0;;Validado Manual;;;
MVD:WeatherObserved:00006;Estación Meteorológica - Centro;2025-02-10 09:38:58;0;0;;Validado Manual;;;
MVD:WeatherObserved:00006;Estación Meteorológica - Centro;2025-02-10 09:43:58;0;0;;Validado Manual;;;
MVD:WeatherObserved:00006;Estación Meteorológica - Centro;2025-02-10 09:48:58;0;0;;Validado Manual;;;
MVD:WeatherObserved:00006;Estación Meteorológica - Centro;2025-02-10 09:53:58;0;0;;Validado Manual;;;
MVD:WeatherObserved:00006;Estación Meteorológica - Centro;2025-02-10 09:58:58;0;0;;Validado Manual;;;
MVD:WeatherObserved:00006;Estación Meteorológica - Centro;2025-02-10 10:03:58;0;0;;Validado Manual;;;
MVD:WeatherObserved:00006;Estación Meteorológica - Centro;2025-02-10 10:08:58;0;0;;Validado Manual;;;
MVD:WeatherObserved:00006;Estación Meteorológica - Centro;2025-02-10 10:13:58;0;0;;Validado Manual;;;
MVD:WeatherObserved:00006;Estación Meteorológica - Centro;2025-02-10 10:18:58;0;0;;Validado Manual;;;
MVD:WeatherObserved:00006;Estación Meteorológica - Centro;2025-02-10 10:23:58;0;0;;Validado Manual;;;
MVD:WeatherObserved:00006;Estación Meteorológica - Centro;2025-02-10 10:28:59;0;0;;Validado Manual;;;
MVD:WeatherObserved:00006;Estación Meteorológica - Centro;2025-02-10 10:33:59;0;0;;Validado Manual;;;
MVD:WeatherObserved:00006;Estación Meteorológica - Centro;2025-02-10 10:38:59;0;0;;Validado Manual;;;
MVD:WeatherObserved:00006;Estación Meteorológica - Centro;2025-02-10 10:43:59;0;0;;Validado Manual;;;
MVD:WeatherObserved:00006;Estación Meteorológica - Centro;2025-02-10 10:48:59;0;0;;Validado Manual;;;
MVD:WeatherObserved:00006;Estación Meteorológica - Centro;2025-02-10 10:53:59;0;0;;Validado Manual;;;
MVD:WeatherObserved:00006;Estación Meteorológica - Centro;2025-02-10 10:58:59;0;0;;Validado Manual;;;
MVD:WeatherObserved:00006;Estación Meteorológica - Centro;2025-02-10 11:03:59;0;0;;Validado Manual;;;
MVD:WeatherObserved:00006;Estación Meteorológica - Centro;2025-02-10 11:08:59;0;0;;Validado Manual;;;
MVD:WeatherObserved:00006;Estación Meteorológica - Centro;2025-02-10 11:13:59;0;0;;Validado Manual;;;
MVD:WeatherObserved:00006;Estación Meteorológica - Centro;2025-02-10 11:18:59;0;0;;Validado Manual;;;
MVD:WeatherObserved:00006;Estación Meteorológica - Centro;2025-02-10 11:23:59;0;0;;Validado Manual;;;
MVD:WeatherObserved:00006;Estación Meteorológica - Centro;2025-02-10 11:28:59;0;0;;Validado Manual;;;
MVD:WeatherObserved:00006;Estación Meteorológica - Centro;2025-02-10 11:33:59;0;0;;Validado Manual;;;
MVD:WeatherObserved:00006;Estación Meteorológica - Centro;2025-02-10 11:38:59;0;0;;Validado Manual;;;
MVD:WeatherObserved:00006;Estación Meteorológica - Centro;2025-02-10 11:43:59;0;0;;Validado Manual;;;
MVD:WeatherObserved:00006;Estación Meteorológica - Centro;2025-02-10 11:49:00;0;0;;Validado Manual;;;
MVD:WeatherObserved:00006;Estación Meteorológica - Centro;2025-02-10 11:54:00;0;0;;Validado Manual;;;
MVD:WeatherObserved:00006;Estación Meteorológica - Centro;2025-02-10 11:59:00;0;0;;Validado Manual;;;
MVD:WeatherObserved:00006;Estación Meteorológica - Centro;2025-02-10 12:04:00;0;0;;Validado Manual;;;
MVD:WeatherObserved:00006;Estación Meteorológica - Centro;2025-02-10 12:09:00;0;0;;Validado Manual;;;
MVD:WeatherObserved:00006;Estación Meteorológica - Centro;2025-02-10 12:14:00;0;0;;Validado Manual;;;
MVD:WeatherObserved:00006;Estación Meteorológica - Centro;2025-02-10 12:19:00;0;0;;Validado Manual;;;
MVD:WeatherObserved:00006;Estación Meteorológica - Centro;2025-02-10 12:24:00;0;0;;Validado Manual;;;
MVD:WeatherObserved:00006;Estación Meteorológica - Centro;2025-02-10 12:29:00;0;0;;Validado Manual;;;
MVD:WeatherObserved:00006;Estación Meteorológica - Centro;2025-02-10 12:34:00;0;0;;Validado Manual;;;
MVD:WeatherObserved:00006;Estación Meteorológica - Centro;2025-02-10 12:39:00;0;0;;Validado Manual;;;
MVD:WeatherObserved:00006;Estación Meteorológica - Centro;2025-02-10 12:44:00;0;0;;Validado Manual;;;
MVD:WeatherObserved:00006;Estación Meteorológica - Centro;2025-02-10 12:49:00;0;0;;Validado Manual;;;
MVD:WeatherObserved:00006;Estación Meteorológica - Centro;2025-02-10 12:54:00;0;0;;Validado Manual;;;
MVD:WeatherObserved:00006;Estación Meteorológica - Centro;2025-02-10 12:59:01;0;0;;Validado Manual;;;
MVD:WeatherObserved:00006;Estación Meteorológica - Centro;2025-02-10 13:04:01;0;0;;Validado Manual;;;
MVD:WeatherObserved:00006;Estación Meteorológica - Centro;2025-02-10 13:09:01;0;0;;Validado Manual;;;
MVD:WeatherObserved:00006;Estación Meteorológica - Centro;2025-02-10 13:14:01;0;0;;Validado Manual;;;
MVD:WeatherObserved:00006;Estación Meteorológica - Centro;2025-02-10 13:19:01;0;0;;Validado Manual;;;
MVD:WeatherObserved:00006;Estación Meteorológica - Centro;2025-02-10 13:24:01;0;0;;Validado Manual;;;
MVD:WeatherObserved:00006;Estación Meteorológica - Centro;2025-02-10 13:29:01;0;0;;Validado Manual;;;
MVD:WeatherObserved:00006;Estación Meteorológica - Centro;2025-02-10 13:34:01;0;0;;Validado Manual;;;
MVD:WeatherObserved:00006;Estación Meteorológica - Centro;2025-02-10 13:39:01;0;0;;Validado Manual;;;
MVD:WeatherObserved:00006;Estación Meteorológica - Centro;2025-02-10 13:44:01;0;0;;Validado Manual;;;
MVD:WeatherObserved:00006;Estación Meteorológica - Centro;2025-02-10 13:49:01;0;0;;Validado Manual;;;
MVD:WeatherObserved:00006;Estación Meteorológica - Centro;2025-02-10 13:54:01;0;0;;Validado Manual;;;
MVD:WeatherObserved:00006;Estación Meteorológica - Centro;2025-02-10 13:59:01;0;0;;Validado Manual;;;
MVD:WeatherObserved:00006;Estación Meteorológica - Centro;2025-02-10 14:04:01;0;0;;Validado Manual;;;
MVD:WeatherObserved:00006;Estación Meteorológica - Centro;2025-02-10 14:09:01;0;0;;Validado Manual;;;
MVD:WeatherObserved:00006;Estación Meteorológica - Centro;2025-02-10 14:14:02;0;0;;Validado Manual;;;
MVD:WeatherObserved:00006;Estación Meteorológica - Centro;2025-02-10 14:19:02;0;0;;Validado Manual;;;
MVD:WeatherObserved:00006;Estación Meteorológica - Centro;2025-02-10 14:24:02;0;0;;Validado Manual;;;
MVD:WeatherObserved:00006;Estación Meteorológica - Centro;2025-02-10 14:29:02;0;0;;Validado Manual;;;
MVD:WeatherObserved:00006;Estación Meteorológica - Centro;2025-02-10 14:34:02;0;0;;Validado Manual;;;
MVD:WeatherObserved:00006;Estación Meteorológica - Centro;2025-02-10 14:39:02;0;0;;Validado Manual;;;
MVD:WeatherObserved:00006;Estación Meteorológica - Centro;2025-02-10 14:44:02;0;0;;Validado Manual;;;
MVD:WeatherObserved:00006;Estación Meteorológica - Centro;2025-02-10 14:49:02;0;0;;Validado Manual;;;
MVD:WeatherObserved:00006;Estación Meteorológica - Centro;2025-02-10 14:54:02;0;0;;Validado Manual;;;
MVD:WeatherObserved:00006;Estación Meteorológica - Centro;2025-02-10 14:59:02;0;0;;Validado Manual;;;
MVD:WeatherObserved:00006;Estación Meteorológica - Centro;2025-02-10 15:04:02;0;0;;Validado Manual;;;
MVD:WeatherObserved:00006;Estación Meteorológica - Centro;2025-02-10 15:09:02;0;0;;Validado Manual;;;
MVD:WeatherObserved:00006;Estación Meteorológica - Centro;2025-02-10 15:14:02;0;0;;Validado Manual;;;
MVD:WeatherObserved:00006;Estación Meteorológica - Centro;2025-02-10 15:19:02;0;0;;Validado Manual;;;
MVD:WeatherObserved:00006;Estación Meteorológica - Centro;2025-02-10 15:24:02;0;0;;Validado Manual;;;
MVD:WeatherObserved:00006;Estación Meteorológica - Centro;2025-02-10 15:29:02;0;0;;Validado Manual;;;
MVD:WeatherObserved:00006;Estación Meteorológica - Centro;2025-02-10 15:34:02;0;0;;Validado Manual;;;
MVD:WeatherObserved:00006;Estación Meteorológica - Centro;2025-02-10 15:39:02;0;0;;Validado Manual;;;
MVD:WeatherObserved:00006;Estación Meteorológica - Centro;2025-02-10 15:44:03;0;0;;Validado Manual;;;
MVD:WeatherObserved:00006;Estación Meteorológica - Centro;2025-02-10 15:49:03;0;0;;Validado Manual;;;
MVD:WeatherObserved:00006;Estación Meteorológica - Centro;2025-02-10 15:54:03;0;0;;Validado Manual;;;
MVD:WeatherObserved:00006;Estación Meteorológica - Centro;2025-02-10 15:59:03;0;0;;Validado Manual;;;
MVD:WeatherObserved:00006;Estación Meteorológica - Centro;2025-02-10 16:04:03;0;0;;Validado Manual;;;
MVD:WeatherObserved:00006;Estación Meteorológica - Centro;2025-02-10 16:09:03;0;0;;Validado Manual;;;
MVD:WeatherObserved:00006;Estación Meteorológica - Centro;2025-02-10 16:14:03;0;0;;Validado Manual;;;
MVD:WeatherObserved:00006;Estación Meteorológica - Centro;2025-02-10 16:19:03;0;0;;Validado Manual;;;
MVD:WeatherObserved:00006;Estación Meteorológica - Centro;2025-02-10 16:24:03;0;0;;Validado Manual;;;
MVD:WeatherObserved:00006;Estación Meteorológica - Centro;2025-02-10 16:29:03;0;0;;Validado Manual;;;
MVD:WeatherObserved:00006;Estación Meteorológica - Centro;2025-02-10 16:34:03;0;0;;Validado Manual;;;
MVD:WeatherObserved:00006;Estación Meteorológica - Centro;2025-02-10 16:39:03;0;0;;Validado Manual;;;
MVD:WeatherObserved:00006;Estación Meteorológica - Centro;2025-02-10 16:44:03;0;0;;Validado Manual;;;
MVD:WeatherObserved:00006;Estación Meteorológica - Centro;2025-02-10 16:49:03;0;0;;Validado Manual;;;
MVD:WeatherObserved:00006;Estación Meteorológica - Centro;2025-02-10 16:54:03;0;0;;Validado Manual;;;
MVD:WeatherObserved:00006;Estación Meteorológica - Centro;2025-02-10 16:59:03;0;0;;Validado Manual;;;
MVD:WeatherObserved:00006;Estación Meteorológica - Centro;2025-02-10 17:04:03;0;0;;Validado Manual;;;
MVD:WeatherObserved:00006;Estación Meteorológica - Centro;2025-02-10 17:09:03;0;0;;Validado Manual;;;
MVD:WeatherObserved:00006;Estación Meteorológica - Centro;2025-02-10 17:14:04;0;0;;Validado Manual;;;
MVD:WeatherObserved:00006;Estación Meteorológica - Centro;2025-02-10 17:19:04;0;0;;Validado Manual;;;
MVD:WeatherObserved:00006;Estación Meteorológica - Centro;2025-02-10 17:24:04;0;0;;Validado Manual;;;
MVD:WeatherObserved:00006;Estación Meteorológica - Centro;2025-02-10 17:29:04;0;0;;Validado Manual;;;
MVD:WeatherObserved:00006;Estación Meteorológica - Centro;2025-02-10 17:34:04;0;0;;Validado Manual;;;
MVD:WeatherObserved:00006;Estación Meteorológica - Centro;2025-02-10 17:39:04;0;0;;Validado Manual;;;
MVD:WeatherObserved:00006;Estación Meteorológica - Centro;2025-02-10 17:44:04;0;0;;Validado Manual;;;
MVD:WeatherObserved:00006;Estación Meteorológica - Centro;2025-02-10 17:49:04;0;0;;Validado Manual;;;
MVD:WeatherObserved:00006;Estación Meteorológica - Centro;2025-02-10 17:54:04;0;0;;Validado Manual;;;
MVD:WeatherObserved:00006;Estación Meteorológica - Centro;2025-02-10 17:59:04;0;0;;Validado Manual;;;
MVD:WeatherObserved:00006;Estación Meteorológica - Centro;2025-02-10 18:04:04;0;0;;Validado Manual;;;
MVD:WeatherObserved:00006;Estación Meteorológica - Centro;2025-02-10 18:09:04;0;0;;Validado Manual;;;
MVD:WeatherObserved:00006;Estación Meteorológica - Centro;2025-02-10 18:14:04;0;0;;Validado Manual;;;
MVD:WeatherObserved:00006;Estación Meteorológica - Centro;2025-02-10 18:19:05;0;0;;Validado Manual;;;
MVD:WeatherObserved:00006;Estación Meteorológica - Centro;2025-02-10 18:24:05;0;0;;Validado Manual;;;
MVD:WeatherObserved:00006;Estación Meteorológica - Centro;2025-02-10 18:29:05;0;0;;Validado Manual;;;
MVD:WeatherObserved:00006;Estación Meteorológica - Centro;2025-02-10 18:34:05;0;0;;Validado Manual;;;
MVD:WeatherObserved:00006;Estación Meteorológica - Centro;2025-02-10 18:39:05;0;0;;Validado Manual;;;
MVD:WeatherObserved:00006;Estación Meteorológica - Centro;2025-02-10 18:44:05;0;0;;Validado Manual;;;
MVD:WeatherObserved:00006;Estación Meteorológica - Centro;2025-02-10 18:49:05;0;0;;Validado Manual;;;
MVD:WeatherObserved:00006;Estación Meteorológica - Centro;2025-02-10 18:54:05;0;0;;Validado Manual;;;
MVD:WeatherObserved:00006;Estación Meteorológica - Centro;2025-02-10 18:59:06;0;0;;Validado Manual;;;
MVD:WeatherObserved:00006;Estación Meteorológica - Centro;2025-02-10 19:04:05;0;0;;Validado Manual;;;
MVD:WeatherObserved:00006;Estación Meteorológica - Centro;2025-02-10 19:09:05;0;0;;Validado Manual;;;
MVD:WeatherObserved:00006;Estación Meteorológica - Centro;2025-02-10 19:14:05;0;0;;Validado Manual;;;
MVD:WeatherObserved:00006;Estación Meteorológica - Centro;2025-02-10 19:19:05;0;0;;Validado Manual;;;
MVD:WeatherObserved:00006;Estación Meteorológica - Centro;2025-02-10 19:24:05;0;0;;Validado Manual;;;
MVD:WeatherObserved:00006;Estación Meteorológica - Centro;2025-02-10 19:29:05;0;0;;Validado Manual;;;
MVD:WeatherObserved:00006;Estación Meteorológica - Centro;2025-02-10 19:34:05;0;0;;Validado Manual;;;
MVD:WeatherObserved:00006;Estación Meteorológica - Centro;2025-02-10 19:39:05;0;0;;Validado Manual;;;
MVD:WeatherObserved:00006;Estación Meteorológica - Centro;2025-02-10 19:44:05;0;0;;Validado Manual;;;
MVD:WeatherObserved:00006;Estación Meteorológica - Centro;2025-02-10 19:49:06;0;0;;Validado Manual;;;
MVD:WeatherObserved:00006;Estación Meteorológica - Centro;2025-02-10 19:54:06;0;0;;Validado Manual;;;
MVD:WeatherObserved:00006;Estación Meteorológica - Centro;2025-02-10 19:59:06;0;0;;Validado Manual;;;
MVD:WeatherObserved:00006;Estación Meteorológica - Centro;2025-02-10 20:04:06;0;0;;Validado Manual;;;
MVD:WeatherObserved:00006;Estación Meteorológica - Centro;2025-02-10 20:09:06;0;0;;Validado Manual;;;
MVD:WeatherObserved:00006;Estación Meteorológica - Centro;2025-02-10 20:14:06;0;0;;Validado Manual;;;
MVD:WeatherObserved:00006;Estación Meteorológica - Centro;2025-02-10 20:19:06;0;0;;Validado Manual;;;
MVD:WeatherObserved:00006;Estación Meteorológica - Centro;2025-02-10 20:24:06;0;0;;Validado Manual;;;
MVD:WeatherObserved:00006;Estación Meteorológica - Centro;2025-02-10 20:29:06;0;0;;Validado Manual;;;
MVD:WeatherObserved:00006;Estación Meteorológica - Centro;2025-02-10 20:34:06;0;0;;Validado Manual;;;
MVD:WeatherObserved:00006;Estación Meteorológica - Centro;2025-02-10 20:39:06;0;0;;Validado Manual;;;
MVD:WeatherObserved:00006;Estación Meteorológica - Centro;2025-02-10 20:44:06;0;0;;Validado Manual;;;
MVD:WeatherObserved:00006;Estación Meteorológica - Centro;2025-02-10 20:49:06;0;0;;Validado Manual;;;
MVD:WeatherObserved:00006;Estación Meteorológica - Centro;2025-02-10 20:54:06;0;0;;Validado Manual;;;
MVD:WeatherObserved:00006;Estación Meteorológica - Centro;2025-02-10 20:59:06;0;0;;Validado Manual;;;
MVD:WeatherObserved:00006;Estación Meteorológica - Centro;2025-02-10 21:04:06;0;0;;Validado Manual;;;
MVD:WeatherObserved:00006;Estación Meteorológica - Centro;2025-02-10 21:09:06;0;0;;Validado Manual;;;
MVD:WeatherObserved:00006;Estación Meteorológica - Centro;2025-02-10 21:14:07;0;0;;Validado Manual;;;
MVD:WeatherObserved:00006;Estación Meteorológica - Centro;2025-02-10 21:19:07;0;0;;Validado Manual;;;
MVD:WeatherObserved:00006;Estación Meteorológica - Centro;2025-02-10 21:24:07;0;0;;Validado Manual;;;
MVD:WeatherObserved:00006;Estación Meteorológica - Centro;2025-02-10 21:29:08;0;0;;Validado Manual;;;
MVD:WeatherObserved:00006;Estación Meteorológica - Centro;2025-02-10 21:34:07;0;0;;Validado Manual;;;
MVD:WeatherObserved:00006;Estación Meteorológica - Centro;2025-02-10 21:39:07;0;0;;Validado Manual;;;
MVD:WeatherObserved:00006;Estación Meteorológica - Centro;2025-02-10 21:44:07;0;0;;Validado Manual;;;
MVD:WeatherObserved:00006;Estación Meteorológica - Centro;2025-02-10 21:49:07;0;0;;Validado Manual;;;
MVD:WeatherObserved:00006;Estación Meteorológica - Centro;2025-02-10 21:54:07;0;0;;Validado Manual;;;
MVD:WeatherObserved:00006;Estación Meteorológica - Centro;2025-02-10 21:59:07;0;0;;Validado Manual;;;
MVD:WeatherObserved:00006;Estación Meteorológica - Centro;2025-02-10 22:04:07;0;0;;Validado Manual;;;
MVD:WeatherObserved:00006;Estación Meteorológica - Centro;2025-02-10 22:09:07;0;0;;Validado Manual;;;
MVD:WeatherObserved:00006;Estación Meteorológica - Centro;2025-02-10 22:14:07;0;0;;Validado Manual;;;
MVD:WeatherObserved:00006;Estación Meteorológica - Centro;2025-02-10 22:19:07;0;0;;Validado Manual;;;
MVD:WeatherObserved:00006;Estación Meteorológica - Centro;2025-02-10 22:24:07;0;0;;Validado Manual;;;
MVD:WeatherObserved:00006;Estación Meteorológica - Centro;2025-02-10 22:29:08;0;0;;Validado Manual;;;
MVD:WeatherObserved:00006;Estación Meteorológica - Centro;2025-02-10 22:34:08;0;0;;Validado Manual;;;
MVD:WeatherObserved:00006;Estación Meteorológica - Centro;2025-02-10 22:39:08;0;0;;Validado Manual;;;
MVD:WeatherObserved:00006;Estación Meteorológica - Centro;2025-02-10 22:44:08;0;0;;Validado Manual;;;
MVD:WeatherObserved:00006;Estación Meteorológica - Centro;2025-02-10 22:49:08;0;0;;Validado Manual;;;
MVD:WeatherObserved:00006;Estación Meteorológica - Centro;2025-02-10 22:54:08;0;0;;Validado Manual;;;
MVD:WeatherObserved:00006;Estación Meteorológica - Centro;2025-02-10 22:59:08;0;0;;Validado Manual;;;
MVD:WeatherObserved:00006;Estación Meteorológica - Centro;2025-02-10 23:04:08;0;0;;Validado Manual;;;
MVD:WeatherObserved:00006;Estación Meteorológica - Centro;2025-02-10 23:09:08;0;0;;Validado Manual;;;
MVD:WeatherObserved:00006;Estación Meteorológica - Centro;2025-02-10 23:14:08;0;0;;Validado Manual;;;
MVD:WeatherObserved:00006;Estación Meteorológica - Centro;2025-02-10 23:19:08;0;0;;Validado Manual;;;
MVD:WeatherObserved:00006;Estación Meteorológica - Centro;2025-02-10 23:24:08;0;0;;Validado Manual;;;
MVD:WeatherObserved:00006;Estación Meteorológica - Centro;2025-02-10 23:29:08;0;0;;Validado Manual;;;
MVD:WeatherObserved:00006;Estación Meteorológica - Centro;2025-02-10 23:34:08;0;0;;Validado Manual;;;
MVD:WeatherObserved:00006;Estación Meteorológica - Centro;2025-02-10 23:39:08;0;0;;Validado Manual;;;
MVD:WeatherObserved:00006;Estación Meteorológica - Centro;2025-02-10 23:44:09;0;0;;Validado Manual;;;
MVD:WeatherObserved:00006;Estación Meteorológica - Centro;2025-02-10 23:49:09;0;0;;Validado Manual;;;
MVD:WeatherObserved:00006;Estación Meteorológica - Centro;2025-02-10 23:54:09;0;0;;Validado Manual;;;
MVD:WeatherObserved:00006;Estación Meteorológica - Centro;2025-02-10 23:59:09;0;0;;Validado Manual;;;
MVD:WeatherObserved:00006;Estación Meteorológica - Centro;2025-02-11 00:04:09;0;0;;Validado Manual;;;
MVD:WeatherObserved:00006;Estación Meteorológica - Centro;2025-02-11 00:09:09;0;0;;Validado Manual;;;
MVD:WeatherObserved:00006;Estación Meteorológica - Centro;2025-02-11 00:14:09;0;0;;Validado Manual;;;
MVD:WeatherObserved:00006;Estación Meteorológica - Centro;2025-02-11 00:19:09;0;0;;Validado Manual;;;
MVD:WeatherObserved:00006;Estación Meteorológica - Centro;2025-02-11 00:24:09;0;0;;Validado Manual;;;
MVD:WeatherObserved:00006;Estación Meteorológica - Centro;2025-02-11 00:29:09;0;0;;Validado Manual;;;
MVD:WeatherObserved:00006;Estación Meteorológica - Centro;2025-02-11 00:34:09;0;0;;Validado Manual;;;
MVD:WeatherObserved:00006;Estación Meteorológica - Centro;2025-02-11 00:39:09;0;0;;Validado Manual;;;
MVD:WeatherObserved:00006;Estación Meteorológica - Centro;2025-02-11 00:44:09;0;0;;Validado Manual;;;
MVD:WeatherObserved:00006;Estación Meteorológica - Centro;2025-02-11 00:49:09;0;0;;Validado Manual;;;
MVD:WeatherObserved:00006;Estación Meteorológica - Centro;2025-02-11 00:54:09;0;0;;Validado Manual;;;
MVD:WeatherObserved:00006;Estación Meteorológica - Centro;2025-02-11 00:59:09;0;0;;Validado Manual;;;
MVD:WeatherObserved:00006;Estación Meteorológica - Centro;2025-02-11 01:04:10;0;0;;Validado Manual;;;
MVD:WeatherObserved:00006;Estación Meteorológica - Centro;2025-02-11 01:09:10;0;0;;Validado Manual;;;
MVD:WeatherObserved:00006;Estación Meteorológica - Centro;2025-02-11 01:14:10;0;0;;Validado Manual;;;
MVD:WeatherObserved:00006;Estación Meteorológica - Centro;2025-02-11 01:19:10;0;0;;Validado Manual;;;
MVD:WeatherObserved:00006;Estación Meteorológica - Centro;2025-02-11 01:24:10;0;0;;Validado Manual;;;
MVD:WeatherObserved:00006;Estación Meteorológica - Centro;2025-02-11 01:29:10;0;0;;Validado Manual;;;
MVD:WeatherObserved:00006;Estación Meteorológica - Centro;2025-02-11 01:34:10;0;0;;Validado Manual;;;
MVD:WeatherObserved:00006;Estación Meteorológica - Centro;2025-02-11 01:39:10;0;0;;Validado Manual;;;
MVD:WeatherObserved:00006;Estación Meteorológica - Centro;2025-02-11 01:44:10;0;0;;Validado Manual;;;
MVD:WeatherObserved:00006;Estación Meteorológica - Centro;2025-02-11 01:49:10;0;0;;Validado Manual;;;
MVD:WeatherObserved:00006;Estación Meteorológica - Centro;2025-02-11 01:54:10;0;0;;Validado Manual;;;
MVD:WeatherObserved:00006;Estación Meteorológica - Centro;2025-02-11 01:59:10;0;0;;Validado Manual;;;
MVD:WeatherObserved:00006;Estación Meteorológica - Centro;2025-02-11 02:04:10;0;0;;Validado Manual;;;
MVD:WeatherObserved:00006;Estación Meteorológica - Centro;2025-02-11 02:09:10;0;0;;Validado Manual;;;
MVD:WeatherObserved:00006;Estación Meteorológica - Centro;2025-02-11 02:14:10;0;0;;Validado Manual;;;
MVD:WeatherObserved:00006;Estación Meteorológica - Centro;2025-02-11 02:19:11;0;0;;Validado Manual;;;
MVD:WeatherObserved:00006;Estación Meteorológica - Centro;2025-02-11 02:24:11;0;0;;Validado Manual;;;
MVD:WeatherObserved:00006;Estación Meteorológica - Centro;2025-02-11 02:29:11;0;0;;Validado Manual;;;
MVD:WeatherObserved:00006;Estación Meteorológica - Centro;2025-02-11 02:34:11;0;0;;Validado Manual;;;
MVD:WeatherObserved:00006;Estación Meteorológica - Centro;2025-02-11 02:39:11;0;0;;Validado Manual;;;
MVD:WeatherObserved:00006;Estación Meteorológica - Centro;2025-02-11 02:44:11;0;0;;Validado Manual;;;
MVD:WeatherObserved:00006;Estación Meteorológica - Centro;2025-02-11 02:49:11;0;0;;Validado Manual;;;
MVD:WeatherObserved:00006;Estación Meteorológica - Centro;2025-02-11 02:54:11;0;0;;Validado Manual;;;
MVD:WeatherObserved:00006;Estación Meteorológica - Centro;2025-02-11 02:59:11;0;0;;Validado Manual;;;
MVD:WeatherObserved:00006;Estación Meteorológica - Centro;2025-02-11 03:04:11;0;0;;Validado Manual;;;
MVD:WeatherObserved:00006;Estación Meteorológica - Centro;2025-02-11 03:09:11;0;0;;Validado Manual;;;
MVD:WeatherObserved:00006;Estación Meteorológica - Centro;2025-02-11 03:14:11;0;0;;Validado Manual;;;
MVD:WeatherObserved:00006;Estación Meteorológica - Centro;2025-02-11 03:19:11;0;0;;Validado Manual;;;
MVD:WeatherObserved:00006;Estación Meteorológica - Centro;2025-02-11 03:24:11;0;0;;Validado Manual;;;
MVD:WeatherObserved:00006;Estación Meteorológica - Centro;2025-02-11 03:29:11;0;0;;Validado Manual;;;
MVD:WeatherObserved:00006;Estación Meteorológica - Centro;2025-02-11 03:34:12;0;0;;Validado Manual;;;
MVD:WeatherObserved:00006;Estación Meteorológica - Centro;2025-02-11 03:39:12;0;0;;Validado Manual;;;
MVD:WeatherObserved:00006;Estación Meteorológica - Centro;2025-02-11 03:44:12;0;0;;Validado Manual;;;
MVD:WeatherObserved:00006;Estación Meteorológica - Centro;2025-02-11 03:49:12;0;0;;Validado Manual;;;
MVD:WeatherObserved:00006;Estación Meteorológica - Centro;2025-02-11 03:54:12;0;0;;Validado Manual;;;
MVD:WeatherObserved:00006;Estación Meteorológica - Centro;2025-02-11 03:59:12;0;0;;Validado Manual;;;
MVD:WeatherObserved:00006;Estación Meteorológica - Centro;2025-02-11 04:04:12;0;0;;Validado Manual;;;
MVD:WeatherObserved:00006;Estación Meteorológica - Centro;2025-02-11 04:09:12;0;0;;Validado Manual;;;
MVD:WeatherObserved:00006;Estación Meteorológica - Centro;2025-02-11 04:14:12;0;0;;Validado Manual;;;
MVD:WeatherObserved:00006;Estación Meteorológica - Centro;2025-02-11 04:19:12;0;0;;Validado Manual;;;
MVD:WeatherObserved:00006;Estación Meteorológica - Centro;2025-02-11 04:24:12;0;0;;Validado Manual;;;
MVD:WeatherObserved:00006;Estación Meteorológica - Centro;2025-02-11 04:29:12;0;0;;Validado Manual;;;
MVD:WeatherObserved:00006;Estación Meteorológica - Centro;2025-02-11 04:34:12;0;0;;Validado Manual;;;
MVD:WeatherObserved:00006;Estación Meteorológica - Centro;2025-02-11 04:39:13;0;0;;Validado Manual;;;
MVD:WeatherObserved:00006;Estación Meteorológica - Centro;2025-02-11 04:44:13;0;0;;Validado Manual;;;
MVD:WeatherObserved:00006;Estación Meteorológica - Centro;2025-02-11 04:49:13;0;0;;Validado Manual;;;
MVD:WeatherObserved:00006;Estación Meteorológica - Centro;2025-02-11 04:54:13;0;0;;Validado Manual;;;
MVD:WeatherObserved:00006;Estación Meteorológica - Centro;2025-02-11 04:59:13;0;0;;Validado Manual;;;
MVD:WeatherObserved:00006;Estación Meteorológica - Centro;2025-02-11 05:04:13;0;0;;Validado Manual;;;
MVD:WeatherObserved:00006;Estación Meteorológica - Centro;2025-02-11 05:09:13;0;0;;Validado Manual;;;
MVD:WeatherObserved:00006;Estación Meteorológica - Centro;2025-02-11 05:14:13;0;0;;Validado Manual;;;
MVD:WeatherObserved:00006;Estación Meteorológica - Centro;2025-02-11 05:19:13;0;0;;Validado Manual;;;
MVD:WeatherObserved:00006;Estación Meteorológica - Centro;2025-02-11 05:24:13;0;0;;Validado Manual;;;
MVD:WeatherObserved:00006;Estación Meteorológica - Centro;2025-02-11 05:29:13;0;0;;Validado Manual;;;
MVD:WeatherObserved:00006;Estación Meteorológica - Centro;2025-02-11 05:34:13;0;0;;Validado Manual;;;
MVD:WeatherObserved:00006;Estación Meteorológica - Centro;2025-02-11 05:39:13;0;0;;Validado Manual;;;
MVD:WeatherObserved:00006;Estación Meteorológica - Centro;2025-02-11 05:44:14;0;0;;Validado Manual;;;
MVD:WeatherObserved:00006;Estación Meteorológica - Centro;2025-02-11 05:49:14;0;0;;Validado Manual;;;
MVD:WeatherObserved:00006;Estación Meteorológica - Centro;2025-02-11 05:54:14;0;0;;Validado Manual;;;
MVD:WeatherObserved:00006;Estación Meteorológica - Centro;2025-02-11 05:59:14;0;0;;Validado Manual;;;
MVD:WeatherObserved:00006;Estación Meteorológica - Centro;2025-02-11 06:04:14;0;0;;Validado Manual;;;
MVD:WeatherObserved:00006;Estación Meteorológica - Centro;2025-02-11 06:09:14;0;0;;Validado Manual;;;
MVD:WeatherObserved:00006;Estación Meteorológica - Centro;2025-02-11 06:14:14;0;0;;Validado Manual;;;
MVD:WeatherObserved:00006;Estación Meteorológica - Centro;2025-02-11 06:19:14;0;0;;Validado Manual;;;
MVD:WeatherObserved:00006;Estación Meteorológica - Centro;2025-02-11 06:24:14;0;0;;Validado Manual;;;
MVD:WeatherObserved:00006;Estación Meteorológica - Centro;2025-02-11 06:29:14;0;0;;Validado Manual;;;
MVD:WeatherObserved:00006;Estación Meteorológica - Centro;2025-02-11 06:34:14;0;0;;Validado Manual;;;
MVD:WeatherObserved:00006;Estación Meteorológica - Centro;2025-02-11 06:39:14;0;0;;Validado Manual;;;
MVD:WeatherObserved:00006;Estación Meteorológica - Centro;2025-02-11 06:44:14;0;0;;Validado Manual;;;
MVD:WeatherObserved:00006;Estación Meteorológica - Centro;2025-02-11 06:49:14;0;0;;Validado Manual;;;
MVD:WeatherObserved:00006;Estación Meteorológica - Centro;2025-02-11 06:54:14;0;0;;Validado Manual;;;
MVD:WeatherObserved:00006;Estación Meteorológica - Centro;2025-02-11 06:59:14;0;0;;Validado Manual;;;
MVD:WeatherObserved:00006;Estación Meteorológica - Centro;2025-02-11 07:04:15;0;0;;Validado Manual;;;
MVD:WeatherObserved:00006;Estación Meteorológica - Centro;2025-02-11 07:09:15;0;0;;Validado Manual;;;
MVD:WeatherObserved:00006;Estación Meteorológica - Centro;2025-02-11 07:14:15;0;0;;Validado Manual;;;
MVD:WeatherObserved:00006;Estación Meteorológica - Centro;2025-02-11 07:19:15;0;0;;Validado Manual;;;
MVD:WeatherObserved:00006;Estación Meteorológica - Centro;2025-02-11 07:24:15;0;0;;Validado Manual;;;
MVD:WeatherObserved:00006;Estación Meteorológica - Centro;2025-02-11 07:29:15;0;0;;Validado Manual;;;
MVD:WeatherObserved:00006;Estación Meteorológica - Centro;2025-02-11 07:34:15;0,51;0,51;0,51;Validado Manual;;;
MVD:WeatherObserved:00006;Estación Meteorológica - Centro;2025-02-11 07:39:15;0,76;0,76;0,76;Validado Manual;;;
MVD:WeatherObserved:00006;Estación Meteorológica - Centro;2025-02-11 07:44:15;1,02;1,02;1,02;Validado Manual;;;
MVD:WeatherObserved:00006;Estación Meteorológica - Centro;2025-02-11 07:49:15;1,52;1,52;1,52;Validado Manual;;;
MVD:WeatherObserved:00006;Estación Meteorológica - Centro;2025-02-11 07:54:15;2,54;2,54;2,54;Validado Manual;;;
MVD:WeatherObserved:00006;Estación Meteorológica - Centro;2025-02-11 07:59:15;3,05;3,05;3,05;Validado Manual;;;
MVD:WeatherObserved:00006;Estación Meteorológica - Centro;2025-02-11 08:04:15;3,3;3,3;3,3;Validado Manual;;;
MVD:WeatherObserved:00006;Estación Meteorológica - Centro;2025-02-11 08:09:15;4,06;4,06;4,06;Validado Manual;;;
MVD:WeatherObserved:00006;Estación Meteorológica - Centro;2025-02-11 08:14:15;4,32;4,32;4,32;Validado Manual;;;
MVD:WeatherObserved:00006;Estación Meteorológica - Centro;2025-02-11 08:19:16;4,83;4,83;4,83;Validado Manual;;;
MVD:WeatherObserved:00006;Estación Meteorológica - Centro;2025-02-11 08:24:16;5,59;5,59;5,59;Validado Manual;;;
MVD:WeatherObserved:00006;Estación Meteorológica - Centro;2025-02-11 08:29:16;6,1;6,1;6,1;Validado Manual;;;
MVD:WeatherObserved:00006;Estación Meteorológica - Centro;2025-02-11 08:34:16;6,6;6,6;6,6;Validado Manual;;;
MVD:WeatherObserved:00006;Estación Meteorológica - Centro;2025-02-11 08:39:16;6,6;6,6;6,6;Validado Manual;;;
MVD:WeatherObserved:00006;Estación Meteorológica - Centro;2025-02-11 08:44:16;6,6;6,6;6,6;Validado Manual;;;
MVD:WeatherObserved:00006;Estación Meteorológica - Centro;2025-02-11 08:49:16;6,6;6,6;6,6;Validado Manual;;;
MVD:WeatherObserved:00006;Estación Meteorológica - Centro;2025-02-11 08:54:16;6,6;6,6;6,6;Validado Manual;;;
MVD:WeatherObserved:00006;Estación Meteorológica - Centro;2025-02-11 08:59:16;6,6;6,6;6,6;Validado Manual;;;
MVD:WeatherObserved:00006;Estación Meteorológica - Centro;2025-02-11 09:04:16;6,6;6,6;6,6;Validado Manual;;;
MVD:WeatherObserved:00006;Estación Meteorológica - Centro;2025-02-11 09:09:16;6,6;6,6;6,6;Validado Manual;;;
MVD:WeatherObserved:00006;Estación Meteorológica - Centro;2025-02-11 09:14:16;6,86;6,86;6,86;Validado Manual;;;
MVD:WeatherObserved:00006;Estación Meteorológica - Centro;2025-02-11 09:19:16;6,86;6,86;6,86;Validado Manual;;;
MVD:WeatherObserved:00006;Estación Meteorológica - Centro;2025-02-11 09:24:16;6,86;6,86;6,86;Validado Manual;;;
MVD:WeatherObserved:00006;Estación Meteorológica - Centro;2025-02-11 09:29:16;6,86;6,86;6,86;Validado Manual;;;
MVD:WeatherObserved:00006;Estación Meteorológica - Centro;2025-02-11 09:34:16;6,86;6,86;6,86;Validado Manual;;;
MVD:WeatherObserved:00006;Estación Meteorológica - Centro;2025-02-11 09:39:17;6,86;6,86;6,86;Validado Manual;;;
MVD:WeatherObserved:00006;Estación Meteorológica - Centro;2025-02-11 09:44:17;6,86;6,86;6,86;Validado Manual;;;
MVD:WeatherObserved:00006;Estación Meteorológica - Centro;2025-02-11 09:49:18;6,86;6,86;6,86;Validado Manual;;;
MVD:WeatherObserved:00006;Estación Meteorológica - Centro;2025-02-11 09:54:17;6,86;6,86;6,86;Validado Manual;;;
MVD:WeatherObserved:00006;Estación Meteorológica - Centro;2025-02-11 09:59:17;6,86;6,86;6,86;Validado Manual;;;
MVD:WeatherObserved:00006;Estación Meteorológica - Centro;2025-02-11 10:04:17;6,86;6,86;6,86;Validado Manual;;;
MVD:WeatherObserved:00006;Estación Meteorológica - Centro;2025-02-11 10:09:17;6,86;6,86;6,86;Validado Manual;;;
MVD:WeatherObserved:00006;Estación Meteorológica - Centro;2025-02-11 10:14:17;7,37;7,37;7,37;Validado Manual;;;
MVD:WeatherObserved:00006;Estación Meteorológica - Centro;2025-02-11 10:19:17;10,16;10,16;10,16;Validado Manual;;;
MVD:WeatherObserved:00006;Estación Meteorológica - Centro;2025-02-11 10:24:17;11,68;11,68;11,68;Validado Manual;;;
MVD:WeatherObserved:00006;Estación Meteorológica - Centro;2025-02-11 10:29:17;12,19;12,19;12,19;Validado Manual;;;
MVD:WeatherObserved:00006;Estación Meteorológica - Centro;2025-02-11 10:34:17;12,7;12,7;12,7;Validado Manual;;;
MVD:WeatherObserved:00006;Estación Meteorológica - Centro;2025-02-11 10:39:17;12,95;12,95;12,95;Validado Manual;;;
MVD:WeatherObserved:00006;Estación Meteorológica - Centro;2025-02-11 10:44:18;13,21;13,21;13,21;Validado Manual;;;
MVD:WeatherObserved:00006;Estación Meteorológica - Centro;2025-02-11 10:49:18;13,21;13,21;13,21;Validado Manual;;;
MVD:WeatherObserved:00006;Estación Meteorológica - Centro;2025-02-11 10:54:18;13,46;13,46;13,46;Validado Manual;;;
MVD:WeatherObserved:00006;Estación Meteorológica - Centro;2025-02-11 10:59:18;13,72;13,72;13,72;Validado Manual;;;
MVD:WeatherObserved:00006;Estación Meteorológica - Centro;2025-02-11 11:04:18;13,72;13,72;13,72;Validado Manual;;;
MVD:WeatherObserved:00006;Estación Meteorológica - Centro;2025-02-11 11:09:18;13,72;13,72;13,72;Validado Manual;;;
MVD:WeatherObserved:00006;Estación Meteorológica - Centro;2025-02-11 11:14:18;13,97;13,97;13,97;Validado Manual;;;
MVD:WeatherObserved:00006;Estación Meteorológica - Centro;2025-02-11 11:19:18;13,97;13,97;13,97;Validado Manual;;;
MVD:WeatherObserved:00006;Estación Meteorológica - Centro;2025-02-11 11:24:18;14,22;14,22;14,22;Validado Manual;;;
MVD:WeatherObserved:00006;Estación Meteorológica - Centro;2025-02-11 11:29:18;14,48;14,48;14,48;Validado Manual;;;
MVD:WeatherObserved:00006;Estación Meteorológica - Centro;2025-02-11 11:34:18;14,73;14,73;14,73;Validado Manual;;;
MVD:WeatherObserved:00006;Estación Meteorológica - Centro;2025-02-11 11:39:18;14,99;14,99;14,99;Validado Manual;;;
MVD:WeatherObserved:00006;Estación Meteorológica - Centro;2025-02-11 11:44:18;14,99;14,99;14,99;Validado Manual;;;
MVD:WeatherObserved:00006;Estación Meteorológica - Centro;2025-02-11 11:49:18;14,99;14,99;14,99;Validado Manual;;;
MVD:WeatherObserved:00006;Estación Meteorológica - Centro;2025-02-11 11:54:18;15,24;15,24;15,24;Validado Manual;;;
MVD:WeatherObserved:00006;Estación Meteorológica - Centro;2025-02-11 11:59:19;15,49;15,49;15,49;Validado Manual;;;
MVD:WeatherObserved:00006;Estación Meteorológica - Centro;2025-02-11 12:04:19;15,75;15,75;15,75;Validado Manual;;;
MVD:WeatherObserved:00006;Estación Meteorológica - Centro;2025-02-11 12:09:19;15,75;15,75;15,75;Validado Manual;;;
MVD:WeatherObserved:00006;Estación Meteorológica - Centro;2025-02-11 12:14:19;15,75;15,75;15,75;Validado Manual;;;
MVD:WeatherObserved:00006;Estación Meteorológica - Centro;2025-02-11 12:19:19;15,75;15,75;15,75;Validado Manual;;;
MVD:WeatherObserved:00006;Estación Meteorológica - Centro;2025-02-11 12:24:19;16;16;16;Validado Manual;;;
MVD:WeatherObserved:00006;Estación Meteorológica - Centro;2025-02-11 12:29:19;16;16;16;Validado Manual;;;
MVD:WeatherObserved:00006;Estación Meteorológica - Centro;2025-02-11 12:34:19;16;16;16;Validado Manual;;;
MVD:WeatherObserved:00006;Estación Meteorológica - Centro;2025-02-11 12:39:19;16;16;16;Validado Manual;;;
MVD:WeatherObserved:00006;Estación Meteorológica - Centro;2025-02-11 12:44:19;16;16;16;Validado Manual;;;
MVD:WeatherObserved:00006;Estación Meteorológica - Centro;2025-02-11 12:49:19;16;16;16;Validado Manual;;;
MVD:WeatherObserved:00006;Estación Meteorológica - Centro;2025-02-11 12:54:19;16;16;16;Validado Manual;;;
MVD:WeatherObserved:00006;Estación Meteorológica - Centro;2025-02-11 12:59:19;16;16;16;Validado Manual;;;
MVD:WeatherObserved:00006;Estación Meteorológica - Centro;2025-02-11 13:04:19;16;16;16;Validado Manual;;;
MVD:WeatherObserved:00006;Estación Meteorológica - Centro;2025-02-11 13:09:19;16;16;16;Validado Manual;;;
MVD:WeatherObserved:00006;Estación Meteorológica - Centro;2025-02-11 13:14:20;16;16;16;Validado Manual;;;
MVD:WeatherObserved:00006;Estación Meteorológica - Centro;2025-02-11 13:19:20;16;16;16;Validado Manual;;;
MVD:WeatherObserved:00006;Estación Meteorológica - Centro;2025-02-11 13:24:20;16;16;16;Validado Manual;;;
MVD:WeatherObserved:00006;Estación Meteorológica - Centro;2025-02-11 13:29:20;16;16;16;Validado Manual;;;
MVD:WeatherObserved:00006;Estación Meteorológica - Centro;2025-02-11 13:34:20;16;16;16;Validado Manual;;;
MVD:WeatherObserved:00006;Estación Meteorológica - Centro;2025-02-11 13:39:20;16;16;16;Validado Manual;;;
MVD:WeatherObserved:00006;Estación Meteorológica - Centro;2025-02-11 13:44:20;16;16;16;Validado Manual;;;
MVD:WeatherObserved:00006;Estación Meteorológica - Centro;2025-02-11 13:49:20;16;16;16;Validado Manual;;;
MVD:WeatherObserved:00006;Estación Meteorológica - Centro;2025-02-11 13:54:20;16;16;16;Validado Manual;;;
MVD:WeatherObserved:00006;Estación Meteorológica - Centro;2025-02-11 13:59:20;16;16;16;Validado Manual;;;
MVD:WeatherObserved:00006;Estación Meteorológica - Centro;2025-02-11 14:04:20;16;16;16;Validado Manual;;;
MVD:WeatherObserved:00006;Estación Meteorológica - Centro;2025-02-11 14:09:20;16;16;16;Validado Manual;;;
MVD:WeatherObserved:00006;Estación Meteorológica - Centro;2025-02-11 14:14:20;16;16;16;Validado Manual;;;
MVD:WeatherObserved:00006;Estación Meteorológica - Centro;2025-02-11 14:19:20;16;16;16;Validado Manual;;;
MVD:WeatherObserved:00006;Estación Meteorológica - Centro;2025-02-11 14:24:20;16;16;16;Validado Manual;;;
MVD:WeatherObserved:00006;Estación Meteorológica - Centro;2025-02-11 14:29:20;16;16;16;Validado Manual;;;
MVD:WeatherObserved:00006;Estación Meteorológica - Centro;2025-02-11 14:34:20;16;16;16;Validado Manual;;;
MVD:WeatherObserved:00006;Estación Meteorológica - Centro;2025-02-11 14:39:20;16;16;16;Validado Manual;;;
MVD:WeatherObserved:00006;Estación Meteorológica - Centro;2025-02-11 14:44:21;16;16;16;Validado Manual;;;
MVD:WeatherObserved:00006;Estación Meteorológica - Centro;2025-02-11 14:49:21;16;16;16;Validado Manual;;;
MVD:WeatherObserved:00006;Estación Meteorológica - Centro;2025-02-11 14:54:21;16;16;16;Validado Manual;;;
MVD:WeatherObserved:00006;Estación Meteorológica - Centro;2025-02-11 14:59:21;16;16;16;Validado Manual;;;
MVD:WeatherObserved:00006;Estación Meteorológica - Centro;2025-02-11 15:04:21;16;16;16;Validado Manual;;;
MVD:WeatherObserved:00006;Estación Meteorológica - Centro;2025-02-11 15:09:21;16;16;16;Validado Manual;;;
MVD:WeatherObserved:00006;Estación Meteorológica - Centro;2025-02-11 15:14:21;16;16;16;Validado Manual;;;
MVD:WeatherObserved:00006;Estación Meteorológica - Centro;2025-02-11 15:19:21;16;16;16;Validado Manual;;;
MVD:WeatherObserved:00006;Estación Meteorológica - Centro;2025-02-11 15:24:21;16;16;16;Validado Manual;;;
MVD:WeatherObserved:00006;Estación Meteorológica - Centro;2025-02-11 15:29:21;16;16;16;Validado Manual;;;
MVD:WeatherObserved:00006;Estación Meteorológica - Centro;2025-02-11 15:34:21;16;16;16;Validado Manual;;;
MVD:WeatherObserved:00006;Estación Meteorológica - Centro;2025-02-11 15:39:21;16;16;16;Validado Manual;;;
MVD:WeatherObserved:00006;Estación Meteorológica - Centro;2025-02-11 15:44:21;16;16;16;Validado Manual;;;
MVD:WeatherObserved:00006;Estación Meteorológica - Centro;2025-02-11 15:49:21;16;16;16;Validado Manual;;;
MVD:WeatherObserved:00006;Estación Meteorológica - Centro;2025-02-11 15:54:21;16;16;16;Validado Manual;;;
MVD:WeatherObserved:00006;Estación Meteorológica - Centro;2025-02-11 15:59:21;16;16;16;Validado Manual;;;
MVD:WeatherObserved:00006;Estación Meteorológica - Centro;2025-02-11 16:04:21;16;16;16;Validado Manual;;;
MVD:WeatherObserved:00006;Estación Meteorológica - Centro;2025-02-11 16:09:21;16;16;16;Validado Manual;;;
MVD:WeatherObserved:00006;Estación Meteorológica - Centro;2025-02-11 16:14:22;16;16;16;Validado Manual;;;
MVD:WeatherObserved:00006;Estación Meteorológica - Centro;2025-02-11 16:19:22;16;16;16;Validado Manual;;;
MVD:WeatherObserved:00006;Estación Meteorológica - Centro;2025-02-11 16:24:22;16;16;16;Validado Manual;;;
MVD:WeatherObserved:00006;Estación Meteorológica - Centro;2025-02-11 16:29:22;16;16;16;Validado Manual;;;
MVD:WeatherObserved:00006;Estación Meteorológica - Centro;2025-02-11 16:34:22;16;16;16;Validado Manual;;;
MVD:WeatherObserved:00006;Estación Meteorológica - Centro;2025-02-11 16:39:22;16;16;16;Validado Manual;;;
MVD:WeatherObserved:00006;Estación Meteorológica - Centro;2025-02-11 16:44:22;16;16;16;Validado Manual;;;
MVD:WeatherObserved:00006;Estación Meteorológica - Centro;2025-02-11 16:49:22;16;16;16;Validado Manual;;;
MVD:WeatherObserved:00006;Estación Meteorológica - Centro;2025-02-11 16:54:22;16;16;16;Validado Manual;;;
MVD:WeatherObserved:00006;Estación Meteorológica - Centro;2025-02-11 16:59:22;16;16;16;Validado Manual;;;
MVD:WeatherObserved:00006;Estación Meteorológica - Centro;2025-02-11 17:04:22;16;16;16;Validado Manual;;;
MVD:WeatherObserved:00006;Estación Meteorológica - Centro;2025-02-11 17:09:22;16;16;16;Validado Manual;;;
MVD:WeatherObserved:00006;Estación Meteorológica - Centro;2025-02-11 17:14:22;16;16;16;Validado Manual;;;
MVD:WeatherObserved:00006;Estación Meteorológica - Centro;2025-02-11 17:19:23;16;16;16;Validado Manual;;;
MVD:WeatherObserved:00006;Estación Meteorológica - Centro;2025-02-11 17:24:23;16;16;16;Validado Manual;;;
MVD:WeatherObserved:00006;Estación Meteorológica - Centro;2025-02-11 17:29:23;16;16;16;Validado Manual;;;
MVD:WeatherObserved:00006;Estación Meteorológica - Centro;2025-02-11 17:34:23;16;16;16;Validado Manual;;;
MVD:WeatherObserved:00006;Estación Meteorológica - Centro;2025-02-11 17:39:23;16;16;16;Validado Manual;;;
MVD:WeatherObserved:00006;Estación Meteorológica - Centro;2025-02-11 17:44:23;16;16;16;Validado Manual;;;
MVD:WeatherObserved:00006;Estación Meteorológica - Centro;2025-02-11 17:49:23;16;16;16;Validado Manual;;;
MVD:WeatherObserved:00006;Estación Meteorológica - Centro;2025-02-11 17:54:23;16;16;16;Validado Manual;;;
MVD:WeatherObserved:00006;Estación Meteorológica - Centro;2025-02-11 17:59:23;16;16;16;Validado Manual;;;
MVD:WeatherObserved:00006;Estación Meteorológica - Centro;2025-02-11 18:04:23;16;16;16;Validado Manual;;;
MVD:WeatherObserved:00006;Estación Meteorológica - Centro;2025-02-11 18:09:23;16;16;16;Validado Manual;;;
MVD:WeatherObserved:00006;Estación Meteorológica - Centro;2025-02-11 18:14:23;16;16;16;Validado Manual;;;
MVD:WeatherObserved:00006;Estación Meteorológica - Centro;2025-02-11 18:19:23;16;16;16;Validado Manual;;;
MVD:WeatherObserved:00006;Estación Meteorológica - Centro;2025-02-11 18:24:23;16;16;16;Validado Manual;;;
MVD:WeatherObserved:00006;Estación Meteorológica - Centro;2025-02-11 18:29:24;16;16;16;Validado Manual;;;
MVD:WeatherObserved:00006;Estación Meteorológica - Centro;2025-02-11 18:34:24;16;16;16;Validado Manual;;;
MVD:WeatherObserved:00006;Estación Meteorológica - Centro;2025-02-11 18:39:24;16;16;16;Validado Manual;;;
MVD:WeatherObserved:00006;Estación Meteorológica - Centro;2025-02-11 18:44:24;16;16;16;Validado Manual;;;
MVD:WeatherObserved:00006;Estación Meteorológica - Centro;2025-02-11 18:49:24;16;16;16;Validado Manual;;;
MVD:WeatherObserved:00006;Estación Meteorológica - Centro;2025-02-11 18:54:24;16;16;16;Validado Manual;;;
MVD:WeatherObserved:00006;Estación Meteorológica - Centro;2025-02-11 18:59:24;16;16;16;Validado Manual;;;
MVD:WeatherObserved:00006;Estación Meteorológica - Centro;2025-02-11 19:04:24;16;16;16;Validado Manual;;;
MVD:WeatherObserved:00006;Estación Meteorológica - Centro;2025-02-11 19:09:24;16;16;16;Validado Manual;;;
MVD:WeatherObserved:00006;Estación Meteorológica - Centro;2025-02-11 19:14:24;16;16;16;Validado Manual;;;
MVD:WeatherObserved:00006;Estación Meteorológica - Centro;2025-02-11 19:19:24;16;16;16;Validado Manual;;;
MVD:WeatherObserved:00006;Estación Meteorológica - Centro;2025-02-11 19:24:24;16;16;16;Validado Manual;;;
MVD:WeatherObserved:00006;Estación Meteorológica - Centro;2025-02-11 19:29:24;16;16;16;Validado Manual;;;
MVD:WeatherObserved:00006;Estación Meteorológica - Centro;2025-02-11 19:34:24;16;16;16;Validado Manual;;;
MVD:WeatherObserved:00006;Estación Meteorológica - Centro;2025-02-11 19:39:24;16;16;16;Validado Manual;;;
MVD:WeatherObserved:00006;Estación Meteorológica - Centro;2025-02-11 19:44:25;16;16;16;Validado Manual;;;
MVD:WeatherObserved:00006;Estación Meteorológica - Centro;2025-02-11 19:49:25;16;16;16;Validado Manual;;;
MVD:WeatherObserved:00006;Estación Meteorológica - Centro;2025-02-11 19:54:25;16;16;16;Validado Manual;;;
MVD:WeatherObserved:00006;Estación Meteorológica - Centro;2025-02-11 19:59:25;16;16;16;Validado Manual;;;
MVD:WeatherObserved:00006;Estación Meteorológica - Centro;2025-02-11 20:04:25;16;16;16;Validado Manual;;;
MVD:WeatherObserved:00006;Estación Meteorológica - Centro;2025-02-11 20:09:25;16;16;16;Validado Manual;;;
MVD:WeatherObserved:00006;Estación Meteorológica - Centro;2025-02-11 20:14:25;16;16;16;Validado Manual;;;
MVD:WeatherObserved:00006;Estación Meteorológica - Centro;2025-02-11 20:19:25;16;16;16;Validado Manual;;;
MVD:WeatherObserved:00006;Estación Meteorológica - Centro;2025-02-11 20:24:25;16;16;16;Validado Manual;;;
MVD:WeatherObserved:00006;Estación Meteorológica - Centro;2025-02-11 20:29:25;16;16;16;Validado Manual;;;
MVD:WeatherObserved:00006;Estación Meteorológica - Centro;2025-02-11 20:34:25;16;16;16;Validado Manual;;;
MVD:WeatherObserved:00006;Estación Meteorológica - Centro;2025-02-11 20:39:26;16;16;16;Validado Manual;;;
MVD:WeatherObserved:00006;Estación Meteorológica - Centro;2025-02-11 20:44:26;16;16;16;Validado Manual;;;
MVD:WeatherObserved:00006;Estación Meteorológica - Centro;2025-02-11 20:49:26;16;16;16;Validado Manual;;;
MVD:WeatherObserved:00006;Estación Meteorológica - Centro;2025-02-11 20:54:26;16;16;16;Validado Manual;;;
MVD:WeatherObserved:00006;Estación Meteorológica - Centro;2025-02-11 20:59:26;16;16;16;Validado Manual;;;
MVD:WeatherObserved:00006;Estación Meteorológica - Centro;2025-02-11 21:04:26;16;16;16;Validado Manual;;;
MVD:WeatherObserved:00006;Estación Meteorológica - Centro;2025-02-11 21:09:26;16;16;16;Validado Manual;;;
MVD:WeatherObserved:00006;Estación Meteorológica - Centro;2025-02-11 21:14:26;16;16;16;Validado Manual;;;
MVD:WeatherObserved:00006;Estación Meteorológica - Centro;2025-02-11 21:19:26;16;16;16;Validado Manual;;;
MVD:WeatherObserved:00006;Estación Meteorológica - Centro;2025-02-11 21:24:26;16;16;16;Validado Manual;;;
MVD:WeatherObserved:00006;Estación Meteorológica - Centro;2025-02-11 21:29:26;16;16;16;Validado Manual;;;
MVD:WeatherObserved:00006;Estación Meteorológica - Centro;2025-02-11 21:34:26;16;16;16;Validado Manual;;;
MVD:WeatherObserved:00006;Estación Meteorológica - Centro;2025-02-11 21:39:26;16;16;16;Validado Manual;;;
MVD:WeatherObserved:00006;Estación Meteorológica - Centro;2025-02-11 21:44:26;16;16;16;Validado Manual;;;
MVD:WeatherObserved:00006;Estación Meteorológica - Centro;2025-02-11 21:49:26;16;16;16;Validado Manual;;;
MVD:WeatherObserved:00006;Estación Meteorológica - Centro;2025-02-11 21:54:26;16;16;16;Validado Manual;;;
MVD:WeatherObserved:00006;Estación Meteorológica - Centro;2025-02-11 21:59:26;16;16;16;Validado Manual;;;
MVD:WeatherObserved:00006;Estación Meteorológica - Centro;2025-02-11 22:04:27;16;16;16;Validado Manual;;;
MVD:WeatherObserved:00006;Estación Meteorológica - Centro;2025-02-11 22:09:27;16;16;16;Validado Manual;;;
MVD:WeatherObserved:00006;Estación Meteorológica - Centro;2025-02-11 22:14:27;16;16;16;Validado Manual;;;
MVD:WeatherObserved:00006;Estación Meteorológica - Centro;2025-02-11 22:19:27;16;16;16;Validado Manual;;;
MVD:WeatherObserved:00006;Estación Meteorológica - Centro;2025-02-11 22:24:27;16;16;16;Validado Manual;;;
MVD:WeatherObserved:00006;Estación Meteorológica - Centro;2025-02-11 22:29:27;16;16;16;Validado Manual;;;
MVD:WeatherObserved:00006;Estación Meteorológica - Centro;2025-02-11 22:34:27;16;16;16;Validado Manual;;;
MVD:WeatherObserved:00006;Estación Meteorológica - Centro;2025-02-11 22:39:27;16;16;16;Validado Manual;;;
MVD:WeatherObserved:00006;Estación Meteorológica - Centro;2025-02-11 22:44:27;16;16;16;Validado Manual;;;
MVD:WeatherObserved:00006;Estación Meteorológica - Centro;2025-02-11 22:49:27;16;16;16;Validado Manual;;;
MVD:WeatherObserved:00006;Estación Meteorológica - Centro;2025-02-11 22:54:27;16;16;16;Validado Manual;;;
MVD:WeatherObserved:00006;Estación Meteorológica - Centro;2025-02-11 22:59:27;16;16;16;Validado Manual;;;
MVD:WeatherObserved:00006;Estación Meteorológica - Centro;2025-02-11 23:04:27;16;16;16;Validado Manual;;;
MVD:WeatherObserved:00006;Estación Meteorológica - Centro;2025-02-11 23:09:27;16;16;16;Validado Manual;;;
MVD:WeatherObserved:00006;Estación Meteorológica - Centro;2025-02-11 23:14:27;16;16;16;Validado Manual;;;
MVD:WeatherObserved:00006;Estación Meteorológica - Centro;2025-02-11 23:19:28;16;16;16;Validado Manual;;;
MVD:WeatherObserved:00006;Estación Meteorológica - Centro;2025-02-11 23:24:28;16;16;16;Validado Manual;;;
MVD:WeatherObserved:00006;Estación Meteorológica - Centro;2025-02-11 23:29:28;16;16;16;Validado Manual;;;
MVD:WeatherObserved:00006;Estación Meteorológica - Centro;2025-02-11 23:34:28;16;16;16;Validado Manual;;;
MVD:WeatherObserved:00006;Estación Meteorológica - Centro;2025-02-11 23:39:28;16;16;16;Validado Manual;;;
MVD:WeatherObserved:00006;Estación Meteorológica - Centro;2025-02-11 23:44:28;16;16;16;Validado Manual;;;
MVD:WeatherObserved:00006;Estación Meteorológica - Centro;2025-02-11 23:49:28;16;16;16;Validado Manual;;;
MVD:WeatherObserved:00006;Estación Meteorológica - Centro;2025-02-11 23:54:28;16;16;16;Validado Manual;;;
MVD:WeatherObserved:00006;Estación Meteorológica - Centro;2025-02-11 23:59:28;16;16;16;Validado Manual;;;
MVD:WeatherObserved:00006;Estación Meteorológica - Centro;2025-02-12 00:04:28;0;0;;Validado Manual;;;
MVD:WeatherObserved:00006;Estación Meteorológica - Centro;2025-02-12 00:09:28;0;0;;Validado Manual;;;
MVD:WeatherObserved:00006;Estación Meteorológica - Centro;2025-02-12 00:14:28;0;0;;Validado Manual;;;
MVD:WeatherObserved:00006;Estación Meteorológica - Centro;2025-02-12 00:19:28;0;0;;Validado Manual;;;
MVD:WeatherObserved:00006;Estación Meteorológica - Centro;2025-02-12 00:24:29;0;0;;Validado Manual;;;
MVD:WeatherObserved:00006;Estación Meteorológica - Centro;2025-02-12 00:29:29;0;0;;Validado Manual;;;
MVD:WeatherObserved:00006;Estación Meteorológica - Centro;2025-02-12 00:34:29;0;0;;Validado Manual;;;
MVD:WeatherObserved:00006;Estación Meteorológica - Centro;2025-02-12 00:39:29;0;0;;Validado Manual;;;
MVD:WeatherObserved:00006;Estación Meteorológica - Centro;2025-02-12 00:44:29;0;0;;Validado Manual;;;
MVD:WeatherObserved:00006;Estación Meteorológica - Centro;2025-02-12 00:49:29;0;0;;Validado Manual;;;
MVD:WeatherObserved:00006;Estación Meteorológica - Centro;2025-02-12 00:54:29;0;0;;Validado Manual;;;
MVD:WeatherObserved:00006;Estación Meteorológica - Centro;2025-02-12 00:59:29;0;0;;Validado Manual;;;
MVD:WeatherObserved:00006;Estación Meteorológica - Centro;2025-02-12 01:04:29;0;0;;Validado Manual;;;
MVD:WeatherObserved:00006;Estación Meteorológica - Centro;2025-02-12 01:09:29;0;0;;Validado Manual;;;
MVD:WeatherObserved:00006;Estación Meteorológica - Centro;2025-02-12 01:14:29;0;0;;Validado Manual;;;
MVD:WeatherObserved:00006;Estación Meteorológica - Centro;2025-02-12 01:19:29;0;0;;Validado Manual;;;
MVD:WeatherObserved:00006;Estación Meteorológica - Centro;2025-02-12 01:24:29;0;0;;Validado Manual;;;
MVD:WeatherObserved:00006;Estación Meteorológica - Centro;2025-02-12 01:29:29;0;0;;Validado Manual;;;
MVD:WeatherObserved:00006;Estación Meteorológica - Centro;2025-02-12 01:34:31;0;0;;Validado Manual;;;
MVD:WeatherObserved:00006;Estación Meteorológica - Centro;2025-02-12 01:39:29;0;0;;Validado Manual;;;
MVD:WeatherObserved:00006;Estación Meteorológica - Centro;2025-02-12 01:44:30;0;0;;Validado Manual;;;
MVD:WeatherObserved:00006;Estación Meteorológica - Centro;2025-02-12 01:49:30;0;0;;Validado Manual;;;
MVD:WeatherObserved:00006;Estación Meteorológica - Centro;2025-02-12 01:54:30;0;0;;Validado Manual;;;
MVD:WeatherObserved:00006;Estación Meteorológica - Centro;2025-02-12 01:59:30;0;0;;Validado Manual;;;
MVD:WeatherObserved:00006;Estación Meteorológica - Centro;2025-02-12 02:04:30;0;0;;Validado Manual;;;
MVD:WeatherObserved:00006;Estación Meteorológica - Centro;2025-02-12 02:09:30;0;0;;Validado Manual;;;
MVD:WeatherObserved:00006;Estación Meteorológica - Centro;2025-02-12 02:14:30;0;0;;Validado Manual;;;
MVD:WeatherObserved:00006;Estación Meteorológica - Centro;2025-02-12 02:19:30;0;0;;Validado Manual;;;
MVD:WeatherObserved:00006;Estación Meteorológica - Centro;2025-02-12 02:24:30;0;0;;Validado Manual;;;
MVD:WeatherObserved:00006;Estación Meteorológica - Centro;2025-02-12 02:29:30;0;0;;Validado Manual;;;
MVD:WeatherObserved:00006;Estación Meteorológica - Centro;2025-02-12 02:34:30;0;0;;Validado Manual;;;
MVD:WeatherObserved:00006;Estación Meteorológica - Centro;2025-02-12 02:39:30;0;0;;Validado Manual;;;
MVD:WeatherObserved:00006;Estación Meteorológica - Centro;2025-02-12 02:44:30;0;0;;Validado Manual;;;
MVD:WeatherObserved:00006;Estación Meteorológica - Centro;2025-02-12 02:49:30;0;0;;Validado Manual;;;
MVD:WeatherObserved:00006;Estación Meteorológica - Centro;2025-02-12 02:54:31;0;0;;Validado Manual;;;
MVD:WeatherObserved:00006;Estación Meteorológica - Centro;2025-02-12 02:59:31;0;0;;Validado Manual;;;
MVD:WeatherObserved:00006;Estación Meteorológica - Centro;2025-02-12 03:04:31;0;0;;Validado Manual;;;
MVD:WeatherObserved:00006;Estación Meteorológica - Centro;2025-02-12 03:09:31;0;0;;Validado Manual;;;
MVD:WeatherObserved:00006;Estación Meteorológica - Centro;2025-02-12 03:14:31;0;0;;Validado Manual;;;
MVD:WeatherObserved:00006;Estación Meteorológica - Centro;2025-02-12 03:19:31;0;0;;Validado Manual;;;
MVD:WeatherObserved:00006;Estación Meteorológica - Centro;2025-02-12 03:24:31;0;0;;Validado Manual;;;
MVD:WeatherObserved:00006;Estación Meteorológica - Centro;2025-02-12 03:29:31;0;0;;Validado Manual;;;
MVD:WeatherObserved:00006;Estación Meteorológica - Centro;2025-02-12 03:34:32;0;0;;Validado Manual;;;
MVD:WeatherObserved:00006;Estación Meteorológica - Centro;2025-02-12 03:39:31;0;0;;Validado Manual;;;
MVD:WeatherObserved:00006;Estación Meteorológica - Centro;2025-02-12 03:44:31;0;0;;Validado Manual;;;
MVD:WeatherObserved:00006;Estación Meteorológica - Centro;2025-02-12 03:49:31;0;0;;Validado Manual;;;
MVD:WeatherObserved:00006;Estación Meteorológica - Centro;2025-02-12 03:54:31;0;0;;Validado Manual;;;
MVD:WeatherObserved:00006;Estación Meteorológica - Centro;2025-02-12 03:59:31;0;0;;Validado Manual;;;
MVD:WeatherObserved:00006;Estación Meteorológica - Centro;2025-02-12 04:04:31;0;0;;Validado Manual;;;
MVD:WeatherObserved:00006;Estación Meteorológica - Centro;2025-02-12 04:09:32;0;0;;Validado Manual;;;
MVD:WeatherObserved:00006;Estación Meteorológica - Centro;2025-02-12 04:14:32;0;0;;Validado Manual;;;
MVD:WeatherObserved:00006;Estación Meteorológica - Centro;2025-02-12 04:19:33;0;0;;Validado Manual;;;
MVD:WeatherObserved:00006;Estación Meteorológica - Centro;2025-02-12 04:24:32;0;0;;Validado Manual;;;
MVD:WeatherObserved:00006;Estación Meteorológica - Centro;2025-02-12 04:29:32;0;0;;Validado Manual;;;
MVD:WeatherObserved:00006;Estación Meteorológica - Centro;2025-02-12 04:34:32;0;0;;Validado Manual;;;
MVD:WeatherObserved:00006;Estación Meteorológica - Centro;2025-02-12 04:39:32;0;0;;Validado Manual;;;
MVD:WeatherObserved:00006;Estación Meteorológica - Centro;2025-02-12 04:44:32;0;0;;Validado Manual;;;
MVD:WeatherObserved:00006;Estación Meteorológica - Centro;2025-02-12 04:49:32;0;0;;Validado Manual;;;
MVD:WeatherObserved:00006;Estación Meteorológica - Centro;2025-02-12 04:54:32;0;0;;Validado Manual;;;
MVD:WeatherObserved:00006;Estación Meteorológica - Centro;2025-02-12 04:59:32;0;0;;Validado Manual;;;
MVD:WeatherObserved:00006;Estación Meteorológica - Centro;2025-02-12 05:04:32;0;0;;Validado Manual;;;
MVD:WeatherObserved:00006;Estación Meteorológica - Centro;2025-02-12 05:09:32;0;0;;Validado Manual;;;
MVD:WeatherObserved:00006;Estación Meteorológica - Centro;2025-02-12 05:14:32;0;0;;Validado Manual;;;
MVD:WeatherObserved:00006;Estación Meteorológica - Centro;2025-02-12 05:19:33;0;0;;Validado Manual;;;
MVD:WeatherObserved:00006;Estación Meteorológica - Centro;2025-02-12 05:24:33;0;0;;Validado Manual;;;
MVD:WeatherObserved:00006;Estación Meteorológica - Centro;2025-02-12 05:29:33;0;0;;Validado Manual;;;
MVD:WeatherObserved:00006;Estación Meteorológica - Centro;2025-02-12 05:34:33;0;0;;Validado Manual;;;
MVD:WeatherObserved:00006;Estación Meteorológica - Centro;2025-02-12 05:39:33;0;0;;Validado Manual;;;
MVD:WeatherObserved:00006;Estación Meteorológica - Centro;2025-02-12 05:44:33;0;0;;Validado Manual;;;
MVD:WeatherObserved:00006;Estación Meteorológica - Centro;2025-02-12 05:49:33;0;0;;Validado Manual;;;
MVD:WeatherObserved:00006;Estación Meteorológica - Centro;2025-02-12 05:54:34;0;0;;Validado Manual;;;
MVD:WeatherObserved:00006;Estación Meteorológica - Centro;2025-02-12 05:59:33;0;0;;Validado Manual;;;
MVD:WeatherObserved:00006;Estación Meteorológica - Centro;2025-02-12 06:04:33;0;0;;Validado Manual;;;
MVD:WeatherObserved:00006;Estación Meteorológica - Centro;2025-02-12 06:09:33;0;0;;Validado Manual;;;
MVD:WeatherObserved:00006;Estación Meteorológica - Centro;2025-02-12 06:14:33;0;0;;Validado Manual;;;
MVD:WeatherObserved:00006;Estación Meteorológica - Centro;2025-02-12 06:19:33;0;0;;Validado Manual;;;
MVD:WeatherObserved:00006;Estación Meteorológica - Centro;2025-02-12 06:24:33;0;0;;Validado Manual;;;
MVD:WeatherObserved:00006;Estación Meteorológica - Centro;2025-02-12 06:29:33;0;0;;Validado Manual;;;
MVD:WeatherObserved:00006;Estación Meteorológica - Centro;2025-02-12 06:34:33;0;0;;Validado Manual;;;
MVD:WeatherObserved:00006;Estación Meteorológica - Centro;2025-02-12 06:39:33;0;0;;Validado Manual;;;
MVD:WeatherObserved:00006;Estación Meteorológica - Centro;2025-02-12 06:44:33;0;0;;Validado Manual;;;
MVD:WeatherObserved:00006;Estación Meteorológica - Centro;2025-02-12 06:49:33;0;0;;Validado Manual;;;
MVD:WeatherObserved:00006;Estación Meteorológica - Centro;2025-02-12 06:54:33;0;0;;Validado Manual;;;
MVD:WeatherObserved:00006;Estación Meteorológica - Centro;2025-02-12 06:59:33;0;0;;Validado Manual;;;
MVD:WeatherObserved:00006;Estación Meteorológica - Centro;2025-02-12 07:04:33;0;0;;Validado Manual;;;
MVD:WeatherObserved:00006;Estación Meteorológica - Centro;2025-02-12 07:09:34;0;0;;Validado Manual;;;
MVD:WeatherObserved:00006;Estación Meteorológica - Centro;2025-02-12 07:14:34;0;0;;Validado Manual;;;
MVD:WeatherObserved:00006;Estación Meteorológica - Centro;2025-02-12 07:19:34;0;0;;Validado Manual;;;
MVD:WeatherObserved:00006;Estación Meteorológica - Centro;2025-02-12 07:24:34;0;0;;Validado Manual;;;
MVD:WeatherObserved:00006;Estación Meteorológica - Centro;2025-02-12 07:29:34;0;0;;Validado Manual;;;
MVD:WeatherObserved:00006;Estación Meteorológica - Centro;2025-02-12 07:34:34;0;0;;Validado Manual;;;
MVD:WeatherObserved:00006;Estación Meteorológica - Centro;2025-02-12 07:39:34;0;0;;Validado Manual;;;
MVD:WeatherObserved:00006;Estación Meteorológica - Centro;2025-02-12 07:44:34;0;0;;Validado Manual;;;
MVD:WeatherObserved:00006;Estación Meteorológica - Centro;2025-02-12 07:49:34;0;0;;Validado Manual;;;
MVD:WeatherObserved:00006;Estación Meteorológica - Centro;2025-02-12 07:54:34;0;0;;Validado Manual;;;
MVD:WeatherObserved:00006;Estación Meteorológica - Centro;2025-02-12 07:59:34;0;0;;Validado Manual;;;
MVD:WeatherObserved:00006;Estación Meteorológica - Centro;2025-02-12 08:04:34;0;0;;Validado Manual;;;
MVD:WeatherObserved:00006;Estación Meteorológica - Centro;2025-02-12 08:09:34;0;0;;Validado Manual;;;
MVD:WeatherObserved:00006;Estación Meteorológica - Centro;2025-02-12 08:14:34;0;0;;Validado Manual;;;
MVD:WeatherObserved:00006;Estación Meteorológica - Centro;2025-02-12 08:19:34;0;0;;Validado Manual;;;
MVD:WeatherObserved:00006;Estación Meteorológica - Centro;2025-02-12 08:24:35;0;0;;Validado Manual;;;
MVD:WeatherObserved:00006;Estación Meteorológica - Centro;2025-02-12 08:29:35;0;0;;Validado Manual;;;
MVD:WeatherObserved:00006;Estación Meteorológica - Centro;2025-02-12 08:34:35;0;0;;Validado Manual;;;
MVD:WeatherObserved:00006;Estación Meteorológica - Centro;2025-02-12 08:39:35;0;0;;Validado Manual;;;
MVD:WeatherObserved:00006;Estación Meteorológica - Centro;2025-02-12 08:44:35;0;0;;Validado Manual;;;
MVD:WeatherObserved:00006;Estación Meteorológica - Centro;2025-02-12 08:49:35;0;0;;Validado Manual;;;
MVD:WeatherObserved:00006;Estación Meteorológica - Centro;2025-02-12 08:54:35;0;0;;Validado Manual;;;
MVD:WeatherObserved:00006;Estación Meteorológica - Centro;2025-02-12 08:59:35;0;0;;Validado Manual;;;
MVD:WeatherObserved:00006;Estación Meteorológica - Centro;2025-02-12 09:04:35;0;0;;Validado Manual;;;
MVD:WeatherObserved:00006;Estación Meteorológica - Centro;2025-02-12 09:09:35;0;0;;Validado Manual;;;
MVD:WeatherObserved:00006;Estación Meteorológica - Centro;2025-02-12 09:14:35;0;0;;Validado Manual;;;
MVD:WeatherObserved:00006;Estación Meteorológica - Centro;2025-02-12 09:19:35;0;0;;Validado Manual;;;
MVD:WeatherObserved:00006;Estación Meteorológica - Centro;2025-02-12 09:24:35;0;0;;Validado Manual;;;
MVD:WeatherObserved:00006;Estación Meteorológica - Centro;2025-02-12 09:29:35;0;0;;Validado Manual;;;
MVD:WeatherObserved:00006;Estación Meteorológica - Centro;2025-02-12 09:34:35;0;0;;Validado Manual;;;
MVD:WeatherObserved:00006;Estación Meteorológica - Centro;2025-02-12 09:39:36;0;0;;Validado Manual;;;
MVD:WeatherObserved:00006;Estación Meteorológica - Centro;2025-02-12 09:44:36;0;0;;Validado Manual;;;
MVD:WeatherObserved:00006;Estación Meteorológica - Centro;2025-02-12 09:49:36;0;0;;Validado Manual;;;
MVD:WeatherObserved:00006;Estación Meteorológica - Centro;2025-02-12 09:54:36;0;0;;Validado Manual;;;
MVD:WeatherObserved:00006;Estación Meteorológica - Centro;2025-02-12 09:59:36;0;0;;Validado Manual;;;
MVD:WeatherObserved:00006;Estación Meteorológica - Centro;2025-02-12 10:04:36;0;0;;Validado Manual;;;
MVD:WeatherObserved:00006;Estación Meteorológica - Centro;2025-02-12 10:09:36;0;0;;Validado Manual;;;
MVD:WeatherObserved:00006;Estación Meteorológica - Centro;2025-02-12 10:14:36;0;0;;Validado Manual;;;
MVD:WeatherObserved:00006;Estación Meteorológica - Centro;2025-02-12 10:19:36;0;0;;Validado Manual;;;
MVD:WeatherObserved:00006;Estación Meteorológica - Centro;2025-02-12 10:24:36;0;0;;Validado Manual;;;
MVD:WeatherObserved:00006;Estación Meteorológica - Centro;2025-02-12 10:29:36;0;0;;Validado Manual;;;
MVD:WeatherObserved:00006;Estación Meteorológica - Centro;2025-02-12 10:34:36;0;0;;Validado Manual;;;
MVD:WeatherObserved:00006;Estación Meteorológica - Centro;2025-02-12 10:39:36;0;0;;Validado Manual;;;
MVD:WeatherObserved:00006;Estación Meteorológica - Centro;2025-02-12 10:44:36;0;0;;Validado Manual;;;
MVD:WeatherObserved:00006;Estación Meteorológica - Centro;2025-02-12 10:49:36;0;0;;Validado Manual;;;
MVD:WeatherObserved:00006;Estación Meteorológica - Centro;2025-02-12 10:54:36;0;0;;Validado Manual;;;
MVD:WeatherObserved:00006;Estación Meteorológica - Centro;2025-02-12 10:59:36;0;0;;Validado Manual;;;
MVD:WeatherObserved:00006;Estación Meteorológica - Centro;2025-02-12 11:04:36;0;0;;Validado Manual;;;
MVD:WeatherObserved:00006;Estación Meteorológica - Centro;2025-02-12 11:09:37;0;0;;Validado Manual;;;
MVD:WeatherObserved:00006;Estación Meteorológica - Centro;2025-02-12 11:14:37;0;0;;Validado Manual;;;
MVD:WeatherObserved:00006;Estación Meteorológica - Centro;2025-02-12 11:19:37;0;0;;Validado Manual;;;
MVD:WeatherObserved:00006;Estación Meteorológica - Centro;2025-02-12 11:24:37;0;0;;Validado Manual;;;
MVD:WeatherObserved:00006;Estación Meteorológica - Centro;2025-02-12 11:29:37;0;0;;Validado Manual;;;
MVD:WeatherObserved:00006;Estación Meteorológica - Centro;2025-02-12 11:34:37;0;0;;Validado Manual;;;
MVD:WeatherObserved:00006;Estación Meteorológica - Centro;2025-02-12 11:39:37;0;0;;Validado Manual;;;
MVD:WeatherObserved:00006;Estación Meteorológica - Centro;2025-02-12 11:44:37;0;0;;Validado Manual;;;
MVD:WeatherObserved:00006;Estación Meteorológica - Centro;2025-02-12 11:49:37;0;0;;Validado Manual;;;
MVD:WeatherObserved:00006;Estación Meteorológica - Centro;2025-02-12 11:54:37;0;0;;Validado Manual;;;
MVD:WeatherObserved:00006;Estación Meteorológica - Centro;2025-02-12 11:59:37;0;0;;Validado Manual;;;
MVD:WeatherObserved:00006;Estación Meteorológica - Centro;2025-02-12 12:04:37;0;0;;Validado Manual;;;
MVD:WeatherObserved:00006;Estación Meteorológica - Centro;2025-02-12 12:09:37;0;0;;Validado Manual;;;
MVD:WeatherObserved:00006;Estación Meteorológica - Centro;2025-02-12 12:14:37;0;0;;Validado Manual;;;
MVD:WeatherObserved:00006;Estación Meteorológica - Centro;2025-02-12 12:19:38;0;0;;Validado Manual;;;
MVD:WeatherObserved:00006;Estación Meteorológica - Centro;2025-02-12 12:24:38;0;0;;Validado Manual;;;
MVD:WeatherObserved:00006;Estación Meteorológica - Centro;2025-02-12 12:29:38;0;0;;Validado Manual;;;
MVD:WeatherObserved:00006;Estación Meteorológica - Centro;2025-02-12 12:34:38;0;0;;Validado Manual;;;
MVD:WeatherObserved:00006;Estación Meteorológica - Centro;2025-02-12 12:39:38;0;0;;Validado Manual;;;
MVD:WeatherObserved:00006;Estación Meteorológica - Centro;2025-02-12 12:44:38;0;0;;Validado Manual;;;
MVD:WeatherObserved:00006;Estación Meteorológica - Centro;2025-02-12 12:49:38;0;0;;Validado Manual;;;
MVD:WeatherObserved:00006;Estación Meteorológica - Centro;2025-02-12 12:54:38;0;0;;Validado Manual;;;
MVD:WeatherObserved:00006;Estación Meteorológica - Centro;2025-02-12 12:59:38;0;0;;Validado Manual;;;
MVD:WeatherObserved:00006;Estación Meteorológica - Centro;2025-02-12 13:04:38;0;0;;Validado Manual;;;
MVD:WeatherObserved:00006;Estación Meteorológica - Centro;2025-02-12 13:09:38;0;0;;Validado Manual;;;
MVD:WeatherObserved:00006;Estación Meteorológica - Centro;2025-02-12 13:14:38;0;0;;Validado Manual;;;
MVD:WeatherObserved:00006;Estación Meteorológica - Centro;2025-02-12 13:19:38;0;0;;Validado Manual;;;
MVD:WeatherObserved:00006;Estación Meteorológica - Centro;2025-02-12 13:24:38;0;0;;Validado Manual;;;
MVD:WeatherObserved:00006;Estación Meteorológica - Centro;2025-02-12 13:29:38;0;0;;Validado Manual;;;
MVD:WeatherObserved:00006;Estación Meteorológica - Centro;2025-02-12 13:34:38;0;0;;Validado Manual;;;
MVD:WeatherObserved:00006;Estación Meteorológica - Centro;2025-02-12 13:39:39;0;0;;Validado Manual;;;
MVD:WeatherObserved:00006;Estación Meteorológica - Centro;2025-02-12 13:44:39;0;0;;Validado Manual;;;
MVD:WeatherObserved:00006;Estación Meteorológica - Centro;2025-02-12 13:49:39;0;0;;Validado Manual;;;
MVD:WeatherObserved:00006;Estación Meteorológica - Centro;2025-02-12 13:54:39;0;0;;Validado Manual;;;
MVD:WeatherObserved:00006;Estación Meteorológica - Centro;2025-02-12 13:59:39;0;0;;Validado Manual;;;
MVD:WeatherObserved:00006;Estación Meteorológica - Centro;2025-02-12 14:04:39;0;0;;Validado Manual;;;
MVD:WeatherObserved:00006;Estación Meteorológica - Centro;2025-02-12 14:09:39;0;0;;Validado Manual;;;
MVD:WeatherObserved:00006;Estación Meteorológica - Centro;2025-02-12 14:14:39;0;0;;Validado Manual;;;
MVD:WeatherObserved:00006;Estación Meteorológica - Centro;2025-02-12 14:19:39;0;0;;Validado Manual;;;
MVD:WeatherObserved:00006;Estación Meteorológica - Centro;2025-02-12 14:24:40;0;0;;Validado Manual;;;
MVD:WeatherObserved:00006;Estación Meteorológica - Centro;2025-02-12 14:29:39;0;0;;Validado Manual;;;
MVD:WeatherObserved:00006;Estación Meteorológica - Centro;2025-02-12 14:34:39;0;0;;Validado Manual;;;
MVD:WeatherObserved:00006;Estación Meteorológica - Centro;2025-02-12 14:39:39;0;0;;Validado Manual;;;
MVD:WeatherObserved:00006;Estación Meteorológica - Centro;2025-02-12 14:44:39;0;0;;Validado Manual;;;
MVD:WeatherObserved:00006;Estación Meteorológica - Centro;2025-02-12 14:49:39;0;0;;Validado Manual;;;
MVD:WeatherObserved:00006;Estación Meteorológica - Centro;2025-02-12 14:54:39;0;0;;Validado Manual;;;
MVD:WeatherObserved:00006;Estación Meteorológica - Centro;2025-02-12 14:59:39;0;0;;Validado Manual;;;
MVD:WeatherObserved:00006;Estación Meteorológica - Centro;2025-02-12 15:04:40;0;0;;Validado Manual;;;
MVD:WeatherObserved:00006;Estación Meteorológica - Centro;2025-02-12 15:09:40;0;0;;Validado Manual;;;
MVD:WeatherObserved:00006;Estación Meteorológica - Centro;2025-02-12 15:14:40;0;0;;Validado Manual;;;
MVD:WeatherObserved:00006;Estación Meteorológica - Centro;2025-02-12 15:19:40;0;0;;Validado Manual;;;
MVD:WeatherObserved:00006;Estación Meteorológica - Centro;2025-02-12 15:24:40;0;0;;Validado Manual;;;
MVD:WeatherObserved:00006;Estación Meteorológica - Centro;2025-02-12 15:29:40;0;0;;Validado Manual;;;
MVD:WeatherObserved:00006;Estación Meteorológica - Centro;2025-02-12 15:34:40;0;0;;Validado Manual;;;
MVD:WeatherObserved:00006;Estación Meteorológica - Centro;2025-02-12 15:39:40;0;0;;Validado Manual;;;
MVD:WeatherObserved:00006;Estación Meteorológica - Centro;2025-02-12 15:44:40;0;0;;Validado Manual;;;
MVD:WeatherObserved:00006;Estación Meteorológica - Centro;2025-02-12 15:49:40;0;0;;Validado Manual;;;
MVD:WeatherObserved:00006;Estación Meteorológica - Centro;2025-02-12 15:54:40;0;0;;Validado Manual;;;
MVD:WeatherObserved:00006;Estación Meteorológica - Centro;2025-02-12 15:59:40;0;0;;Validado Manual;;;
MVD:WeatherObserved:00006;Estación Meteorológica - Centro;2025-02-12 16:04:40;0;0;;Validado Manual;;;
MVD:WeatherObserved:00006;Estación Meteorológica - Centro;2025-02-12 16:09:40;0;0;;Validado Manual;;;
MVD:WeatherObserved:00006;Estación Meteorológica - Centro;2025-02-12 16:14:40;0;0;;Validado Manual;;;
MVD:WeatherObserved:00006;Estación Meteorológica - Centro;2025-02-12 16:19:41;0;0;;Validado Manual;;;
MVD:WeatherObserved:00006;Estación Meteorológica - Centro;2025-02-12 16:24:41;0;0;;Validado Manual;;;
MVD:WeatherObserved:00006;Estación Meteorológica - Centro;2025-02-12 16:29:41;0;0;;Validado Manual;;;
MVD:WeatherObserved:00006;Estación Meteorológica - Centro;2025-02-12 16:34:41;0;0;;Validado Manual;;;
MVD:WeatherObserved:00006;Estación Meteorológica - Centro;2025-02-12 16:39:41;0;0;;Validado Manual;;;
MVD:WeatherObserved:00006;Estación Meteorológica - Centro;2025-02-12 16:44:42;0;0;;Validado Manual;;;
MVD:WeatherObserved:00006;Estación Meteorológica - Centro;2025-02-12 16:49:41;0;0;;Validado Manual;;;
MVD:WeatherObserved:00006;Estación Meteorológica - Centro;2025-02-12 16:54:41;0;0;;Validado Manual;;;
MVD:WeatherObserved:00006;Estación Meteorológica - Centro;2025-02-12 16:59:41;0;0;;Validado Manual;;;
MVD:WeatherObserved:00006;Estación Meteorológica - Centro;2025-02-12 17:04:41;0;0;;Validado Manual;;;
MVD:WeatherObserved:00006;Estación Meteorológica - Centro;2025-02-12 17:09:41;0;0;;Validado Manual;;;
MVD:WeatherObserved:00006;Estación Meteorológica - Centro;2025-02-12 17:14:41;0;0;;Validado Manual;;;
MVD:WeatherObserved:00006;Estación Meteorológica - Centro;2025-02-12 17:19:41;0;0;;Validado Manual;;;
MVD:WeatherObserved:00006;Estación Meteorológica - Centro;2025-02-12 17:24:42;0;0;;Validado Manual;;;
MVD:WeatherObserved:00006;Estación Meteorológica - Centro;2025-02-12 17:29:42;0;0;;Validado Manual;;;
MVD:WeatherObserved:00006;Estación Meteorológica - Centro;2025-02-12 17:34:42;0;0;;Validado Manual;;;
MVD:WeatherObserved:00006;Estación Meteorológica - Centro;2025-02-12 17:39:42;0;0;;Validado Manual;;;
MVD:WeatherObserved:00006;Estación Meteorológica - Centro;2025-02-12 17:44:42;0;0;;Validado Manual;;;
MVD:WeatherObserved:00006;Estación Meteorológica - Centro;2025-02-12 17:49:42;0;0;;Validado Manual;;;
MVD:WeatherObserved:00006;Estación Meteorológica - Centro;2025-02-12 17:54:42;0;0;;Validado Manual;;;
MVD:WeatherObserved:00006;Estación Meteorológica - Centro;2025-02-12 17:59:42;0;0;;Validado Manual;;;
MVD:WeatherObserved:00006;Estación Meteorológica - Centro;2025-02-12 18:04:42;0;0;;Validado Manual;;;
MVD:WeatherObserved:00006;Estación Meteorológica - Centro;2025-02-12 18:09:42;0;0;;Validado Manual;;;
MVD:WeatherObserved:00006;Estación Meteorológica - Centro;2025-02-12 18:14:42;0;0;;Validado Manual;;;
MVD:WeatherObserved:00006;Estación Meteorológica - Centro;2025-02-12 18:19:42;0;0;;Validado Manual;;;
MVD:WeatherObserved:00006;Estación Meteorológica - Centro;2025-02-12 18:24:42;0;0;;Validado Manual;;;
MVD:WeatherObserved:00006;Estación Meteorológica - Centro;2025-02-12 18:29:42;0;0;;Validado Manual;;;
MVD:WeatherObserved:00006;Estación Meteorológica - Centro;2025-02-12 18:34:42;0;0;;Validado Manual;;;
MVD:WeatherObserved:00006;Estación Meteorológica - Centro;2025-02-12 18:39:43;0;0;;Validado Manual;;;
MVD:WeatherObserved:00006;Estación Meteorológica - Centro;2025-02-12 18:44:43;0;0;;Validado Manual;;;
MVD:WeatherObserved:00006;Estación Meteorológica - Centro;2025-02-12 18:49:43;0;0;;Validado Manual;;;
MVD:WeatherObserved:00006;Estación Meteorológica - Centro;2025-02-12 18:54:43;0;0;;Validado Manual;;;
MVD:WeatherObserved:00006;Estación Meteorológica - Centro;2025-02-12 18:59:43;0;0;;Validado Manual;;;
MVD:WeatherObserved:00006;Estación Meteorológica - Centro;2025-02-12 19:04:43;0;0;;Validado Manual;;;
MVD:WeatherObserved:00006;Estación Meteorológica - Centro;2025-02-12 19:09:43;0;0;;Validado Manual;;;
MVD:WeatherObserved:00006;Estación Meteorológica - Centro;2025-02-12 19:14:43;0;0;;Validado Manual;;;
MVD:WeatherObserved:00006;Estación Meteorológica - Centro;2025-02-12 19:19:43;0;0;;Validado Manual;;;
MVD:WeatherObserved:00006;Estación Meteorológica - Centro;2025-02-12 19:24:43;0;0;;Validado Manual;;;
MVD:WeatherObserved:00006;Estación Meteorológica - Centro;2025-02-12 19:29:43;0;0;;Validado Manual;;;
MVD:WeatherObserved:00006;Estación Meteorológica - Centro;2025-02-12 19:34:43;0;0;;Validado Manual;;;
MVD:WeatherObserved:00006;Estación Meteorológica - Centro;2025-02-12 19:39:43;0;0;;Validado Manual;;;
MVD:WeatherObserved:00006;Estación Meteorológica - Centro;2025-02-12 19:44:43;0;0;;Validado Manual;;;
MVD:WeatherObserved:00006;Estación Meteorológica - Centro;2025-02-12 19:49:43;0;0;;Validado Manual;;;
MVD:WeatherObserved:00006;Estación Meteorológica - Centro;2025-02-12 19:54:43;0;0;;Validado Manual;;;
MVD:WeatherObserved:00006;Estación Meteorológica - Centro;2025-02-12 19:59:43;0;0;;Validado Manual;;;
MVD:WeatherObserved:00006;Estación Meteorológica - Centro;2025-02-12 20:04:44;0;0;;Validado Manual;;;
MVD:WeatherObserved:00006;Estación Meteorológica - Centro;2025-02-12 20:09:44;0;0;;Validado Manual;;;
MVD:WeatherObserved:00006;Estación Meteorológica - Centro;2025-02-12 20:14:44;0;0;;Validado Manual;;;
MVD:WeatherObserved:00006;Estación Meteorológica - Centro;2025-02-12 20:19:44;0;0;;Validado Manual;;;
MVD:WeatherObserved:00006;Estación Meteorológica - Centro;2025-02-12 20:24:44;0;0;;Validado Manual;;;
MVD:WeatherObserved:00006;Estación Meteorológica - Centro;2025-02-12 20:29:44;0;0;;Validado Manual;;;
MVD:WeatherObserved:00006;Estación Meteorológica - Centro;2025-02-12 20:34:44;0;0;;Validado Manual;;;
MVD:WeatherObserved:00006;Estación Meteorológica - Centro;2025-02-12 20:39:44;0;0;;Validado Manual;;;
MVD:WeatherObserved:00006;Estación Meteorológica - Centro;2025-02-12 20:44:44;0;0;;Validado Manual;;;
MVD:WeatherObserved:00006;Estación Meteorológica - Centro;2025-02-12 20:49:44;0;0;;Validado Manual;;;
MVD:WeatherObserved:00006;Estación Meteorológica - Centro;2025-02-12 20:54:44;0;0;;Validado Manual;;;
MVD:WeatherObserved:00006;Estación Meteorológica - Centro;2025-02-12 20:59:44;0;0;;Validado Manual;;;
MVD:WeatherObserved:00006;Estación Meteorológica - Centro;2025-02-12 21:04:44;0;0;;Validado Manual;;;
MVD:WeatherObserved:00006;Estación Meteorológica - Centro;2025-02-12 21:09:45;0;0;;Validado Manual;;;
MVD:WeatherObserved:00006;Estación Meteorológica - Centro;2025-02-12 21:14:45;0;0;;Validado Manual;;;
MVD:WeatherObserved:00006;Estación Meteorológica - Centro;2025-02-12 21:19:45;0;0;;Validado Manual;;;
MVD:WeatherObserved:00006;Estación Meteorológica - Centro;2025-02-12 21:24:45;0;0;;Validado Manual;;;
MVD:WeatherObserved:00006;Estación Meteorológica - Centro;2025-02-12 21:29:45;0;0;;Validado Manual;;;
MVD:WeatherObserved:00006;Estación Meteorológica - Centro;2025-02-12 21:34:45;0;0;;Validado Manual;;;
MVD:WeatherObserved:00006;Estación Meteorológica - Centro;2025-02-12 21:39:45;0;0;;Validado Manual;;;
MVD:WeatherObserved:00006;Estación Meteorológica - Centro;2025-02-12 21:44:45;0;0;;Validado Manual;;;
MVD:WeatherObserved:00006;Estación Meteorológica - Centro;2025-02-12 21:49:45;0;0;;Validado Manual;;;
MVD:WeatherObserved:00006;Estación Meteorológica - Centro;2025-02-12 21:54:45;0;0;;Validado Manual;;;
MVD:WeatherObserved:00006;Estación Meteorológica - Centro;2025-02-12 21:59:45;0;0;;Validado Manual;;;
MVD:WeatherObserved:00006;Estación Meteorológica - Centro;2025-02-12 22:04:46;0;0;;Validado Manual;;;
MVD:WeatherObserved:00006;Estación Meteorológica - Centro;2025-02-12 22:09:46;0;0;;Validado Manual;;;
MVD:WeatherObserved:00006;Estación Meteorológica - Centro;2025-02-12 22:14:46;0;0;;Validado Manual;;;
MVD:WeatherObserved:00006;Estación Meteorológica - Centro;2025-02-12 22:19:46;0;0;;Validado Manual;;;
MVD:WeatherObserved:00006;Estación Meteorológica - Centro;2025-02-12 22:24:46;0;0;;Validado Manual;;;
MVD:WeatherObserved:00006;Estación Meteorológica - Centro;2025-02-12 22:29:46;0;0;;Validado Manual;;;
MVD:WeatherObserved:00006;Estación Meteorológica - Centro;2025-02-12 22:34:46;0;0;;Validado Manual;;;
MVD:WeatherObserved:00006;Estación Meteorológica - Centro;2025-02-12 22:39:46;0;0;;Validado Manual;;;
MVD:WeatherObserved:00006;Estación Meteorológica - Centro;2025-02-12 22:44:46;0;0;;Validado Manual;;;
MVD:WeatherObserved:00006;Estación Meteorológica - Centro;2025-02-12 22:49:46;0;0;;Validado Manual;;;
MVD:WeatherObserved:00006;Estación Meteorológica - Centro;2025-02-12 22:54:46;0;0;;Validado Manual;;;
MVD:WeatherObserved:00006;Estación Meteorológica - Centro;2025-02-12 22:59:46;0;0;;Validado Manual;;;
MVD:WeatherObserved:00006;Estación Meteorológica - Centro;2025-02-12 23:04:46;0;0;;Validado Manual;;;
MVD:WeatherObserved:00006;Estación Meteorológica - Centro;2025-02-12 23:09:46;0;0;;Validado Manual;;;
MVD:WeatherObserved:00006;Estación Meteorológica - Centro;2025-02-12 23:14:47;0;0;;Validado Manual;;;
MVD:WeatherObserved:00006;Estación Meteorológica - Centro;2025-02-12 23:19:47;0;0;;Validado Manual;;;
MVD:WeatherObserved:00006;Estación Meteorológica - Centro;2025-02-12 23:24:47;0;0;;Validado Manual;;;
MVD:WeatherObserved:00006;Estación Meteorológica - Centro;2025-02-12 23:29:47;0;0;;Validado Manual;;;
MVD:WeatherObserved:00006;Estación Meteorológica - Centro;2025-02-12 23:34:47;0;0;;Validado Manual;;;
MVD:WeatherObserved:00006;Estación Meteorológica - Centro;2025-02-12 23:39:47;0;0;;Validado Manual;;;
MVD:WeatherObserved:00006;Estación Meteorológica - Centro;2025-02-12 23:44:47;0;0;;Validado Manual;;;
MVD:WeatherObserved:00006;Estación Meteorológica - Centro;2025-02-12 23:49:47;0;0;;Validado Manual;;;
MVD:WeatherObserved:00006;Estación Meteorológica - Centro;2025-02-12 23:54:47;0;0;;Validado Manual;;;
MVD:WeatherObserved:00006;Estación Meteorológica - Centro;2025-02-12 23:59:47;0;0;;Validado Manual;;;
MVD:WeatherObserved:00006;Estación Meteorológica - Centro;2025-02-13 00:04:47;0;0;;Validado Manual;;;
MVD:WeatherObserved:00006;Estación Meteorológica - Centro;2025-02-13 00:09:47;0;0;;Validado Manual;;;
MVD:WeatherObserved:00006;Estación Meteorológica - Centro;2025-02-13 00:14:47;0;0;;Validado Manual;;;
MVD:WeatherObserved:00006;Estación Meteorológica - Centro;2025-02-13 00:19:47;0;0;;Validado Manual;;;
MVD:WeatherObserved:00006;Estación Meteorológica - Centro;2025-02-13 00:24:47;0;0;;Validado Manual;;;
MVD:WeatherObserved:00006;Estación Meteorológica - Centro;2025-02-13 00:29:47;0;0;;Validado Manual;;;
MVD:WeatherObserved:00006;Estación Meteorológica - Centro;2025-02-13 00:34:48;0;0;;Validado Manual;;;
MVD:WeatherObserved:00006;Estación Meteorológica - Centro;2025-02-13 00:39:48;0;0;;Validado Manual;;;
MVD:WeatherObserved:00006;Estación Meteorológica - Centro;2025-02-13 00:44:48;0;0;;Validado Manual;;;
MVD:WeatherObserved:00006;Estación Meteorológica - Centro;2025-02-13 00:49:48;0;0;;Validado Manual;;;
MVD:WeatherObserved:00006;Estación Meteorológica - Centro;2025-02-13 00:54:48;0;0;;Validado Manual;;;
MVD:WeatherObserved:00006;Estación Meteorológica - Centro;2025-02-13 00:59:48;0;0;;Validado Manual;;;
MVD:WeatherObserved:00006;Estación Meteorológica - Centro;2025-02-13 01:04:48;0;0;;Validado Manual;;;
MVD:WeatherObserved:00006;Estación Meteorológica - Centro;2025-02-13 01:09:49;0;0;;Validado Manual;;;
MVD:WeatherObserved:00006;Estación Meteorológica - Centro;2025-02-13 01:14:48;0;0;;Validado Manual;;;
MVD:WeatherObserved:00006;Estación Meteorológica - Centro;2025-02-13 01:19:48;0;0;;Validado Manual;;;
MVD:WeatherObserved:00006;Estación Meteorológica - Centro;2025-02-13 01:24:48;0;0;;Validado Manual;;;
MVD:WeatherObserved:00006;Estación Meteorológica - Centro;2025-02-13 01:29:48;0;0;;Validado Manual;;;
MVD:WeatherObserved:00006;Estación Meteorológica - Centro;2025-02-13 01:34:48;0;0;;Validado Manual;;;
MVD:WeatherObserved:00006;Estación Meteorológica - Centro;2025-02-13 01:39:49;0;0;;Validado Manual;;;
MVD:WeatherObserved:00006;Estación Meteorológica - Centro;2025-02-13 01:44:49;0;0;;Validado Manual;;;
MVD:WeatherObserved:00006;Estación Meteorológica - Centro;2025-02-13 01:49:49;0;0;;Validado Manual;;;
MVD:WeatherObserved:00006;Estación Meteorológica - Centro;2025-02-13 01:54:49;0;0;;Validado Manual;;;
MVD:WeatherObserved:00006;Estación Meteorológica - Centro;2025-02-13 01:59:49;0;0;;Validado Manual;;;
MVD:WeatherObserved:00006;Estación Meteorológica - Centro;2025-02-13 02:04:49;0;0;;Validado Manual;;;
MVD:WeatherObserved:00006;Estación Meteorológica - Centro;2025-02-13 02:09:49;0;0;;Validado Manual;;;
MVD:WeatherObserved:00006;Estación Meteorológica - Centro;2025-02-13 02:14:49;0;0;;Validado Manual;;;
MVD:WeatherObserved:00006;Estación Meteorológica - Centro;2025-02-13 02:19:49;0;0;;Validado Manual;;;
MVD:WeatherObserved:00006;Estación Meteorológica - Centro;2025-02-13 02:24:49;0;0;;Validado Manual;;;
MVD:WeatherObserved:00006;Estación Meteorológica - Centro;2025-02-13 02:29:49;0;0;;Validado Manual;;;
MVD:WeatherObserved:00006;Estación Meteorológica - Centro;2025-02-13 02:34:49;0;0;;Validado Manual;;;
MVD:WeatherObserved:00006;Estación Meteorológica - Centro;2025-02-13 02:39:49;0;0;;Validado Manual;;;
MVD:WeatherObserved:00006;Estación Meteorológica - Centro;2025-02-13 02:44:50;0;0;;Validado Manual;;;
MVD:WeatherObserved:00006;Estación Meteorológica - Centro;2025-02-13 02:49:50;0;0;;Validado Manual;;;
MVD:WeatherObserved:00006;Estación Meteorológica - Centro;2025-02-13 02:54:50;0;0;;Validado Manual;;;
MVD:WeatherObserved:00006;Estación Meteorológica - Centro;2025-02-13 02:59:50;0;0;;Validado Manual;;;
MVD:WeatherObserved:00006;Estación Meteorológica - Centro;2025-02-13 03:04:50;0;0;;Validado Manual;;;
MVD:WeatherObserved:00006;Estación Meteorológica - Centro;2025-02-13 03:09:50;0;0;;Validado Manual;;;
MVD:WeatherObserved:00006;Estación Meteorológica - Centro;2025-02-13 03:14:50;0;0;;Validado Manual;;;
MVD:WeatherObserved:00006;Estación Meteorológica - Centro;2025-02-13 03:19:50;0;0;;Validado Manual;;;
MVD:WeatherObserved:00006;Estación Meteorológica - Centro;2025-02-13 03:24:50;0;0;;Validado Manual;;;
MVD:WeatherObserved:00006;Estación Meteorológica - Centro;2025-02-13 03:29:50;0;0;;Validado Manual;;;
MVD:WeatherObserved:00006;Estación Meteorológica - Centro;2025-02-13 03:34:50;0;0;;Validado Manual;;;
MVD:WeatherObserved:00006;Estación Meteorológica - Centro;2025-02-13 03:39:50;0;0;;Validado Manual;;;
MVD:WeatherObserved:00006;Estación Meteorológica - Centro;2025-02-13 03:44:50;0;0;;Validado Manual;;;
MVD:WeatherObserved:00006;Estación Meteorológica - Centro;2025-02-13 03:49:50;0;0;;Validado Manual;;;
MVD:WeatherObserved:00006;Estación Meteorológica - Centro;2025-02-13 03:54:50;0;0;;Validado Manual;;;
MVD:WeatherObserved:00006;Estación Meteorológica - Centro;2025-02-13 03:59:51;0;0;;Validado Manual;;;
MVD:WeatherObserved:00006;Estación Meteorológica - Centro;2025-02-13 04:04:51;0;0;;Validado Manual;;;
MVD:WeatherObserved:00006;Estación Meteorológica - Centro;2025-02-13 04:09:51;0;0;;Validado Manual;;;
MVD:WeatherObserved:00006;Estación Meteorológica - Centro;2025-02-13 04:14:51;0;0;;Validado Manual;;;
MVD:WeatherObserved:00006;Estación Meteorológica - Centro;2025-02-13 04:19:51;0;0;;Validado Manual;;;
MVD:WeatherObserved:00006;Estación Meteorológica - Centro;2025-02-13 04:24:51;0;0;;Validado Manual;;;
MVD:WeatherObserved:00006;Estación Meteorológica - Centro;2025-02-13 04:29:51;0;0;;Validado Manual;;;
MVD:WeatherObserved:00006;Estación Meteorológica - Centro;2025-02-13 04:34:51;0;0;;Validado Manual;;;
MVD:WeatherObserved:00006;Estación Meteorológica - Centro;2025-02-13 04:39:51;0;0;;Validado Manual;;;
MVD:WeatherObserved:00006;Estación Meteorológica - Centro;2025-02-13 04:44:51;0;0;;Validado Manual;;;
MVD:WeatherObserved:00006;Estación Meteorológica - Centro;2025-02-13 04:49:51;0;0;;Validado Manual;;;
MVD:WeatherObserved:00006;Estación Meteorológica - Centro;2025-02-13 04:54:51;0;0;;Validado Manual;;;
MVD:WeatherObserved:00006;Estación Meteorológica - Centro;2025-02-13 04:59:51;0;0;;Validado Manual;;;
MVD:WeatherObserved:00006;Estación Meteorológica - Centro;2025-02-13 05:04:52;0;0;;Validado Manual;;;
MVD:WeatherObserved:00006;Estación Meteorológica - Centro;2025-02-13 05:09:52;0;0;;Validado Manual;;;
MVD:WeatherObserved:00006;Estación Meteorológica - Centro;2025-02-13 05:14:52;0;0;;Validado Manual;;;
MVD:WeatherObserved:00006;Estación Meteorológica - Centro;2025-02-13 05:19:52;0;0;;Validado Manual;;;
MVD:WeatherObserved:00006;Estación Meteorológica - Centro;2025-02-13 05:24:52;0;0;;Validado Manual;;;
MVD:WeatherObserved:00006;Estación Meteorológica - Centro;2025-02-13 05:29:52;0;0;;Validado Manual;;;
MVD:WeatherObserved:00006;Estación Meteorológica - Centro;2025-02-13 05:34:52;0;0;;Validado Manual;;;
MVD:WeatherObserved:00006;Estación Meteorológica - Centro;2025-02-13 05:39:52;0;0;;Validado Manual;;;
MVD:WeatherObserved:00006;Estación Meteorológica - Centro;2025-02-13 05:44:52;0;0;;Validado Manual;;;
MVD:WeatherObserved:00006;Estación Meteorológica - Centro;2025-02-13 05:49:52;0;0;;Validado Manual;;;
MVD:WeatherObserved:00006;Estación Meteorológica - Centro;2025-02-13 05:54:52;0;0;;Validado Manual;;;
MVD:WeatherObserved:00006;Estación Meteorológica - Centro;2025-02-13 05:59:53;0;0;;Validado Manual;;;
MVD:WeatherObserved:00006;Estación Meteorológica - Centro;2025-02-13 06:04:53;0;0;;Validado Manual;;;
MVD:WeatherObserved:00006;Estación Meteorológica - Centro;2025-02-13 06:09:53;0;0;;Validado Manual;;;
MVD:WeatherObserved:00006;Estación Meteorológica - Centro;2025-02-13 06:14:53;0;0;;Validado Manual;;;
MVD:WeatherObserved:00006;Estación Meteorológica - Centro;2025-02-13 06:19:53;0;0;;Validado Manual;;;
MVD:WeatherObserved:00006;Estación Meteorológica - Centro;2025-02-13 06:24:53;0;0;;Validado Manual;;;
MVD:WeatherObserved:00006;Estación Meteorológica - Centro;2025-02-13 06:29:53;0;0;;Validado Manual;;;
MVD:WeatherObserved:00006;Estación Meteorológica - Centro;2025-02-13 06:34:53;0;0;;Validado Manual;;;
MVD:WeatherObserved:00006;Estación Meteorológica - Centro;2025-02-13 06:39:53;0;0;;Validado Manual;;;
MVD:WeatherObserved:00006;Estación Meteorológica - Centro;2025-02-13 06:44:53;0;0;;Validado Manual;;;
MVD:WeatherObserved:00006;Estación Meteorológica - Centro;2025-02-13 06:49:54;0;0;;Validado Manual;;;
MVD:WeatherObserved:00006;Estación Meteorológica - Centro;2025-02-13 06:54:54;0;0;;Validado Manual;;;
MVD:WeatherObserved:00006;Estación Meteorológica - Centro;2025-02-13 06:59:54;0;0;;Validado Manual;;;
MVD:WeatherObserved:00006;Estación Meteorológica - Centro;2025-02-13 07:04:54;0;0;;Validado Manual;;;
MVD:WeatherObserved:00006;Estación Meteorológica - Centro;2025-02-13 07:09:54;0;0;;Validado Manual;;;
MVD:WeatherObserved:00006;Estación Meteorológica - Centro;2025-02-13 07:14:54;0;0;;Validado Manual;;;
MVD:WeatherObserved:00006;Estación Meteorológica - Centro;2025-02-13 07:19:54;0;0;;Validado Manual;;;
MVD:WeatherObserved:00006;Estación Meteorológica - Centro;2025-02-13 07:24:54;0;0;;Validado Manual;;;
MVD:WeatherObserved:00006;Estación Meteorológica - Centro;2025-02-13 07:29:54;0;0;;Validado Manual;;;
MVD:WeatherObserved:00006;Estación Meteorológica - Centro;2025-02-13 07:34:54;0;0;;Validado Manual;;;
MVD:WeatherObserved:00006;Estación Meteorológica - Centro;2025-02-13 07:39:55;0;0;;Validado Manual;;;
MVD:WeatherObserved:00006;Estación Meteorológica - Centro;2025-02-13 07:44:54;0;0;;Validado Manual;;;
MVD:WeatherObserved:00006;Estación Meteorológica - Centro;2025-02-13 07:49:55;0;0;;Validado Manual;;;
MVD:WeatherObserved:00006;Estación Meteorológica - Centro;2025-02-13 07:54:55;0;0;;Validado Manual;;;
MVD:WeatherObserved:00006;Estación Meteorológica - Centro;2025-02-13 07:59:55;0;0;;Validado Manual;;;
MVD:WeatherObserved:00006;Estación Meteorológica - Centro;2025-02-13 08:04:55;0;0;;Validado Manual;;;
MVD:WeatherObserved:00006;Estación Meteorológica - Centro;2025-02-13 08:09:55;0;0;;Validado Manual;;;
MVD:WeatherObserved:00006;Estación Meteorológica - Centro;2025-02-13 08:14:55;0;0;;Validado Manual;;;
MVD:WeatherObserved:00006;Estación Meteorológica - Centro;2025-02-13 08:19:55;0;0;;Validado Manual;;;
MVD:WeatherObserved:00006;Estación Meteorológica - Centro;2025-02-13 08:24:55;0;0;;Validado Manual;;;
MVD:WeatherObserved:00006;Estación Meteorológica - Centro;2025-02-13 08:29:55;0;0;;Validado Manual;;;
MVD:WeatherObserved:00006;Estación Meteorológica - Centro;2025-02-13 08:34:55;0;0;;Validado Manual;;;
MVD:WeatherObserved:00006;Estación Meteorológica - Centro;2025-02-13 08:39:55;0;0;;Validado Manual;;;
MVD:WeatherObserved:00006;Estación Meteorológica - Centro;2025-02-13 08:44:55;0;0;;Validado Manual;;;
MVD:WeatherObserved:00006;Estación Meteorológica - Centro;2025-02-13 08:49:55;0;0;;Validado Manual;;;
MVD:WeatherObserved:00006;Estación Meteorológica - Centro;2025-02-13 08:54:55;0;0;;Validado Manual;;;
MVD:WeatherObserved:00006;Estación Meteorológica - Centro;2025-02-13 08:59:56;0;0;;Validado Manual;;;
MVD:WeatherObserved:00006;Estación Meteorológica - Centro;2025-02-13 09:04:56;0;0;;Validado Manual;;;
MVD:WeatherObserved:00006;Estación Meteorológica - Centro;2025-02-13 09:09:56;0;0;;Validado Manual;;;
MVD:WeatherObserved:00006;Estación Meteorológica - Centro;2025-02-13 09:14:56;0;0;;Validado Manual;;;
MVD:WeatherObserved:00006;Estación Meteorológica - Centro;2025-02-13 09:19:56;0;0;;Validado Manual;;;
MVD:WeatherObserved:00006;Estación Meteorológica - Centro;2025-02-13 09:24:56;0;0;;Validado Manual;;;
MVD:WeatherObserved:00006;Estación Meteorológica - Centro;2025-02-13 09:29:56;0;0;;Validado Manual;;;
MVD:WeatherObserved:00006;Estación Meteorológica - Centro;2025-02-13 09:34:56;0;0;;Validado Manual;;;
MVD:WeatherObserved:00006;Estación Meteorológica - Centro;2025-02-13 09:39:56;0;0;;Validado Manual;;;
MVD:WeatherObserved:00006;Estación Meteorológica - Centro;2025-02-13 09:44:56;0;0;;Validado Manual;;;
MVD:WeatherObserved:00006;Estación Meteorológica - Centro;2025-02-13 09:49:56;0;0;;Validado Manual;;;
MVD:WeatherObserved:00006;Estación Meteorológica - Centro;2025-02-13 09:54:56;0;0;;Validado Manual;;;
MVD:WeatherObserved:00006;Estación Meteorológica - Centro;2025-02-13 09:59:57;0;0;;Validado Manual;;;
MVD:WeatherObserved:00006;Estación Meteorológica - Centro;2025-02-13 10:04:57;0;0;;Validado Manual;;;
MVD:WeatherObserved:00006;Estación Meteorológica - Centro;2025-02-13 10:09:57;0;0;;Validado Manual;;;
MVD:WeatherObserved:00006;Estación Meteorológica - Centro;2025-02-13 10:14:57;0;0;;Validado Manual;;;
MVD:WeatherObserved:00006;Estación Meteorológica - Centro;2025-02-13 10:19:57;0;0;;Validado Manual;;;
MVD:WeatherObserved:00006;Estación Meteorológica - Centro;2025-02-13 10:24:57;0;0;;Validado Manual;;;
MVD:WeatherObserved:00006;Estación Meteorológica - Centro;2025-02-13 10:29:57;0;0;;Validado Manual;;;
MVD:WeatherObserved:00006;Estación Meteorológica - Centro;2025-02-13 10:34:57;0;0;;Validado Manual;;;
MVD:WeatherObserved:00006;Estación Meteorológica - Centro;2025-02-13 10:39:57;0;0;;Validado Manual;;;
MVD:WeatherObserved:00006;Estación Meteorológica - Centro;2025-02-13 10:44:57;0;0;;Validado Manual;;;
MVD:WeatherObserved:00006;Estación Meteorológica - Centro;2025-02-13 10:49:57;0;0;;Validado Manual;;;
MVD:WeatherObserved:00006;Estación Meteorológica - Centro;2025-02-13 10:54:57;0;0;;Validado Manual;;;
MVD:WeatherObserved:00006;Estación Meteorológica - Centro;2025-02-13 10:59:57;0;0;;Validado Manual;;;
MVD:WeatherObserved:00006;Estación Meteorológica - Centro;2025-02-13 11:04:57;0;0;;Validado Manual;;;
MVD:WeatherObserved:00006;Estación Meteorológica - Centro;2025-02-13 11:09:57;0;0;;Validado Manual;;;
MVD:WeatherObserved:00006;Estación Meteorológica - Centro;2025-02-13 11:14:58;0;0;;Validado Manual;;;
MVD:WeatherObserved:00006;Estación Meteorológica - Centro;2025-02-13 11:19:58;0;0;;Validado Manual;;;
MVD:WeatherObserved:00006;Estación Meteorológica - Centro;2025-02-13 11:24:58;0;0;;Validado Manual;;;
MVD:WeatherObserved:00006;Estación Meteorológica - Centro;2025-02-13 11:29:58;0;0;;Validado Manual;;;
MVD:WeatherObserved:00006;Estación Meteorológica - Centro;2025-02-13 11:34:58;0;0;;Validado Manual;;;
MVD:WeatherObserved:00006;Estación Meteorológica - Centro;2025-02-13 11:39:58;0;0;;Validado Manual;;;
MVD:WeatherObserved:00006;Estación Meteorológica - Centro;2025-02-13 11:44:58;0;0;;Validado Manual;;;
MVD:WeatherObserved:00006;Estación Meteorológica - Centro;2025-02-13 11:49:58;0;0;;Validado Manual;;;
MVD:WeatherObserved:00006;Estación Meteorológica - Centro;2025-02-13 11:54:58;0;0;;Validado Manual;;;
MVD:WeatherObserved:00006;Estación Meteorológica - Centro;2025-02-13 11:59:58;0;0;;Validado Manual;;;
MVD:WeatherObserved:00006;Estación Meteorológica - Centro;2025-02-13 12:04:58;0;0;;Validado Manual;;;
MVD:WeatherObserved:00006;Estación Meteorológica - Centro;2025-02-13 12:09:58;0;0;;Validado Manual;;;
MVD:WeatherObserved:00006;Estación Meteorológica - Centro;2025-02-13 12:14:58;0;0;;Validado Manual;;;
MVD:WeatherObserved:00006;Estación Meteorológica - Centro;2025-02-13 12:19:58;0;0;;Validado Manual;;;
MVD:WeatherObserved:00006;Estación Meteorológica - Centro;2025-02-13 12:24:59;0;0;;Validado Manual;;;
MVD:WeatherObserved:00006;Estación Meteorológica - Centro;2025-02-13 12:29:59;0;0;;Validado Manual;;;
MVD:WeatherObserved:00006;Estación Meteorológica - Centro;2025-02-13 12:34:59;0;0;;Validado Manual;;;
MVD:WeatherObserved:00006;Estación Meteorológica - Centro;2025-02-13 12:39:59;0;0;;Validado Manual;;;
MVD:WeatherObserved:00006;Estación Meteorológica - Centro;2025-02-13 12:45:00;0;0;;Validado Manual;;;
MVD:WeatherObserved:00006;Estación Meteorológica - Centro;2025-02-13 12:49:59;0;0;;Validado Manual;;;
MVD:WeatherObserved:00006;Estación Meteorológica - Centro;2025-02-13 12:54:59;0;0;;Validado Manual;;;
MVD:WeatherObserved:00006;Estación Meteorológica - Centro;2025-02-13 12:59:59;0;0;;Validado Manual;;;
MVD:WeatherObserved:00006;Estación Meteorológica - Centro;2025-02-13 13:04:59;0;0;;Validado Manual;;;
MVD:WeatherObserved:00006;Estación Meteorológica - Centro;2025-02-13 13:09:59;0;0;;Validado Manual;;;
MVD:WeatherObserved:00006;Estación Meteorológica - Centro;2025-02-13 13:14:59;0;0;;Validado Manual;;;
MVD:WeatherObserved:00006;Estación Meteorológica - Centro;2025-02-13 13:19:59;0;0;;Validado Manual;;;
MVD:WeatherObserved:00006;Estación Meteorológica - Centro;2025-02-13 13:24:59;0;0;;Validado Manual;;;
MVD:WeatherObserved:00006;Estación Meteorológica - Centro;2025-02-13 13:30:00;0;0;;Validado Manual;;;
MVD:WeatherObserved:00006;Estación Meteorológica - Centro;2025-02-13 13:35:00;0;0;;Validado Manual;;;
MVD:WeatherObserved:00006;Estación Meteorológica - Centro;2025-02-13 13:40:00;0;0;;Validado Manual;;;
MVD:WeatherObserved:00006;Estación Meteorológica - Centro;2025-02-13 13:45:00;0;0;;Validado Manual;;;
MVD:WeatherObserved:00006;Estación Meteorológica - Centro;2025-02-13 13:50:00;0;0;;Validado Manual;;;
MVD:WeatherObserved:00006;Estación Meteorológica - Centro;2025-02-13 13:55:00;0;0;;Validado Manual;;;
MVD:WeatherObserved:00006;Estación Meteorológica - Centro;2025-02-13 14:00:00;0;0;;Validado Manual;;;
MVD:WeatherObserved:00006;Estación Meteorológica - Centro;2025-02-13 14:05:00;0;0;;Validado Manual;;;
MVD:WeatherObserved:00006;Estación Meteorológica - Centro;2025-02-13 14:10:00;0;0;;Validado Manual;;;
MVD:WeatherObserved:00006;Estación Meteorológica - Centro;2025-02-13 14:15:00;0;0;;Validado Manual;;;
MVD:WeatherObserved:00006;Estación Meteorológica - Centro;2025-02-13 14:20:00;0;0;;Validado Manual;;;
MVD:WeatherObserved:00006;Estación Meteorológica - Centro;2025-02-13 14:25:00;0;0;;Validado Manual;;;
MVD:WeatherObserved:00006;Estación Meteorológica - Centro;2025-02-13 14:30:00;0;0;;Validado Manual;;;
MVD:WeatherObserved:00006;Estación Meteorológica - Centro;2025-02-13 14:35:00;0;0;;Validado Manual;;;
MVD:WeatherObserved:00006;Estación Meteorológica - Centro;2025-02-13 14:40:00;0;0;;Validado Manual;;;
MVD:WeatherObserved:00006;Estación Meteorológica - Centro;2025-02-13 14:45:01;0;0;;Validado Manual;;;
MVD:WeatherObserved:00006;Estación Meteorológica - Centro;2025-02-13 14:50:01;0;0;;Validado Manual;;;
MVD:WeatherObserved:00006;Estación Meteorológica - Centro;2025-02-13 14:55:01;0;0;;Validado Manual;;;
MVD:WeatherObserved:00006;Estación Meteorológica - Centro;2025-02-13 15:00:01;0;0;;Validado Manual;;;
MVD:WeatherObserved:00006;Estación Meteorológica - Centro;2025-02-13 15:05:01;0;0;;Validado Manual;;;
MVD:WeatherObserved:00006;Estación Meteorológica - Centro;2025-02-13 15:10:01;0;0;;Validado Manual;;;
MVD:WeatherObserved:00006;Estación Meteorológica - Centro;2025-02-13 15:15:01;0;0;;Validado Manual;;;
MVD:WeatherObserved:00006;Estación Meteorológica - Centro;2025-02-13 15:20:01;0;0;;Validado Manual;;;
MVD:WeatherObserved:00006;Estación Meteorológica - Centro;2025-02-13 15:25:01;0;0;;Validado Manual;;;
MVD:WeatherObserved:00006;Estación Meteorológica - Centro;2025-02-13 15:30:01;0;0;;Validado Manual;;;
MVD:WeatherObserved:00006;Estación Meteorológica - Centro;2025-02-13 15:35:01;0;0;;Validado Manual;;;
MVD:WeatherObserved:00006;Estación Meteorológica - Centro;2025-02-13 15:40:01;0;0;;Validado Manual;;;
MVD:WeatherObserved:00006;Estación Meteorológica - Centro;2025-02-13 15:45:01;0;0;;Validado Manual;;;
MVD:WeatherObserved:00006;Estación Meteorológica - Centro;2025-02-13 15:50:01;0;0;;Validado Manual;;;
MVD:WeatherObserved:00006;Estación Meteorológica - Centro;2025-02-13 15:55:01;0;0;;Validado Manual;;;
MVD:WeatherObserved:00006;Estación Meteorológica - Centro;2025-02-13 16:00:02;0;0;;Validado Manual;;;
MVD:WeatherObserved:00006;Estación Meteorológica - Centro;2025-02-13 16:05:02;0;0;;Validado Manual;;;
MVD:WeatherObserved:00006;Estación Meteorológica - Centro;2025-02-13 16:10:02;0;0;;Validado Manual;;;
MVD:WeatherObserved:00006;Estación Meteorológica - Centro;2025-02-13 16:15:02;0;0;;Validado Manual;;;
MVD:WeatherObserved:00006;Estación Meteorológica - Centro;2025-02-13 16:20:02;0;0;;Validado Manual;;;
MVD:WeatherObserved:00006;Estación Meteorológica - Centro;2025-02-13 16:25:02;0;0;;Validado Manual;;;
MVD:WeatherObserved:00006;Estación Meteorológica - Centro;2025-02-13 16:30:02;0;0;;Validado Manual;;;
MVD:WeatherObserved:00006;Estación Meteorológica - Centro;2025-02-13 16:35:02;0;0;;Validado Manual;;;
MVD:WeatherObserved:00006;Estación Meteorológica - Centro;2025-02-13 16:40:02;0;0;;Validado Manual;;;
MVD:WeatherObserved:00006;Estación Meteorológica - Centro;2025-02-13 16:45:02;0;0;;Validado Manual;;;
MVD:WeatherObserved:00006;Estación Meteorológica - Centro;2025-02-13 16:50:02;0;0;;Validado Manual;;;
MVD:WeatherObserved:00006;Estación Meteorológica - Centro;2025-02-13 16:55:02;0;0;;Validado Manual;;;
MVD:WeatherObserved:00006;Estación Meteorológica - Centro;2025-02-13 17:00:02;0;0;;Validado Manual;;;
MVD:WeatherObserved:00006;Estación Meteorológica - Centro;2025-02-13 17:05:02;0;0;;Validado Manual;;;
MVD:WeatherObserved:00006;Estación Meteorológica - Centro;2025-02-13 17:10:02;0;0;;Validado Manual;;;
MVD:WeatherObserved:00006;Estación Meteorológica - Centro;2025-02-13 17:15:03;0;0;;Validado Manual;;;
MVD:WeatherObserved:00006;Estación Meteorológica - Centro;2025-02-13 17:20:03;0;0;;Validado Manual;;;
MVD:WeatherObserved:00006;Estación Meteorológica - Centro;2025-02-13 17:25:03;0;0;;Validado Manual;;;
MVD:WeatherObserved:00006;Estación Meteorológica - Centro;2025-02-13 17:30:03;0;0;;Validado Manual;;;
MVD:WeatherObserved:00006;Estación Meteorológica - Centro;2025-02-13 17:35:03;0;0;;Validado Manual;;;
MVD:WeatherObserved:00006;Estación Meteorológica - Centro;2025-02-13 17:40:03;0;0;;Validado Manual;;;
MVD:WeatherObserved:00006;Estación Meteorológica - Centro;2025-02-13 17:45:03;0;0;;Validado Manual;;;
MVD:WeatherObserved:00006;Estación Meteorológica - Centro;2025-02-13 17:50:03;0;0;;Validado Manual;;;
MVD:WeatherObserved:00006;Estación Meteorológica - Centro;2025-02-13 17:55:03;0;0;;Validado Manual;;;
MVD:WeatherObserved:00006;Estación Meteorológica - Centro;2025-02-13 18:00:03;0;0;;Validado Manual;;;
MVD:WeatherObserved:00006;Estación Meteorológica - Centro;2025-02-13 18:05:03;0;0;;Validado Manual;;;
MVD:WeatherObserved:00006;Estación Meteorológica - Centro;2025-02-13 18:10:03;0;0;;Validado Manual;;;
MVD:WeatherObserved:00006;Estación Meteorológica - Centro;2025-02-13 18:15:03;0;0;;Validado Manual;;;
MVD:WeatherObserved:00006;Estación Meteorológica - Centro;2025-02-13 18:20:03;0;0;;Validado Manual;;;
MVD:WeatherObserved:00006;Estación Meteorológica - Centro;2025-02-13 18:25:04;0;0;;Validado Manual;;;
MVD:WeatherObserved:00006;Estación Meteorológica - Centro;2025-02-13 18:30:04;0;0;;Validado Manual;;;
MVD:WeatherObserved:00006;Estación Meteorológica - Centro;2025-02-13 18:35:04;0;0;;Validado Manual;;;
MVD:WeatherObserved:00006;Estación Meteorológica - Centro;2025-02-13 18:40:04;0;0;;Validado Manual;;;
MVD:WeatherObserved:00006;Estación Meteorológica - Centro;2025-02-13 18:45:04;0;0;;Validado Manual;;;
MVD:WeatherObserved:00006;Estación Meteorológica - Centro;2025-02-13 18:50:04;0;0;;Validado Manual;;;
MVD:WeatherObserved:00006;Estación Meteorológica - Centro;2025-02-13 18:55:04;0;0;;Validado Manual;;;
MVD:WeatherObserved:00006;Estación Meteorológica - Centro;2025-02-13 19:00:04;0;0;;Validado Manual;;;
MVD:WeatherObserved:00006;Estación Meteorológica - Centro;2025-02-13 19:05:04;0;0;;Validado Manual;;;
MVD:WeatherObserved:00006;Estación Meteorológica - Centro;2025-02-13 19:10:04;0;0;;Validado Manual;;;
MVD:WeatherObserved:00006;Estación Meteorológica - Centro;2025-02-13 19:15:04;0;0;;Validado Manual;;;
MVD:WeatherObserved:00006;Estación Meteorológica - Centro;2025-02-13 19:20:04;0;0;;Validado Manual;;;
MVD:WeatherObserved:00006;Estación Meteorológica - Centro;2025-02-13 19:25:04;0;0;;Validado Manual;;;
MVD:WeatherObserved:00006;Estación Meteorológica - Centro;2025-02-13 19:30:04;0;0;;Validado Manual;;;
MVD:WeatherObserved:00006;Estación Meteorológica - Centro;2025-02-13 19:35:05;0;0;;Validado Manual;;;
MVD:WeatherObserved:00006;Estación Meteorológica - Centro;2025-02-13 19:40:05;0;0;;Validado Manual;;;
MVD:WeatherObserved:00006;Estación Meteorológica - Centro;2025-02-13 19:45:05;0;0;;Validado Manual;;;
MVD:WeatherObserved:00006;Estación Meteorológica - Centro;2025-02-13 19:50:05;0;0;;Validado Manual;;;
MVD:WeatherObserved:00006;Estación Meteorológica - Centro;2025-02-13 19:55:05;0;0;;Validado Manual;;;
MVD:WeatherObserved:00006;Estación Meteorológica - Centro;2025-02-13 20:00:05;0;0;;Validado Manual;;;
MVD:WeatherObserved:00006;Estación Meteorológica - Centro;2025-02-13 20:05:05;0;0;;Validado Manual;;;
MVD:WeatherObserved:00006;Estación Meteorológica - Centro;2025-02-13 20:10:05;0;0;;Validado Manual;;;
MVD:WeatherObserved:00006;Estación Meteorológica - Centro;2025-02-13 20:15:05;0;0;;Validado Manual;;;
MVD:WeatherObserved:00006;Estación Meteorológica - Centro;2025-02-13 20:20:05;0;0;;Validado Manual;;;
MVD:WeatherObserved:00006;Estación Meteorológica - Centro;2025-02-13 20:25:05;0;0;;Validado Manual;;;
MVD:WeatherObserved:00006;Estación Meteorológica - Centro;2025-02-13 20:30:05;0;0;;Validado Manual;;;
MVD:WeatherObserved:00006;Estación Meteorológica - Centro;2025-02-13 20:35:05;0;0;;Validado Manual;;;
MVD:WeatherObserved:00006;Estación Meteorológica - Centro;2025-02-13 20:40:05;0;0;;Validado Manual;;;
MVD:WeatherObserved:00006;Estación Meteorológica - Centro;2025-02-13 20:45:06;0;0;;Validado Manual;;;
MVD:WeatherObserved:00006;Estación Meteorológica - Centro;2025-02-13 20:50:06;0;0;;Validado Manual;;;
MVD:WeatherObserved:00006;Estación Meteorológica - Centro;2025-02-13 20:55:06;0;0;;Validado Manual;;;
MVD:WeatherObserved:00006;Estación Meteorológica - Centro;2025-02-13 21:00:06;0;0;;Validado Manual;;;
MVD:WeatherObserved:00006;Estación Meteorológica - Centro;2025-02-13 21:05:06;0;0;;Validado Manual;;;
MVD:WeatherObserved:00006;Estación Meteorológica - Centro;2025-02-13 21:10:06;0;0;;Validado Manual;;;
MVD:WeatherObserved:00006;Estación Meteorológica - Centro;2025-02-13 21:15:06;0;0;;Validado Manual;;;
MVD:WeatherObserved:00006;Estación Meteorológica - Centro;2025-02-13 21:20:06;0;0;;Validado Manual;;;
MVD:WeatherObserved:00006;Estación Meteorológica - Centro;2025-02-13 21:25:06;0;0;;Validado Manual;;;
MVD:WeatherObserved:00006;Estación Meteorológica - Centro;2025-02-13 21:30:06;0;0;;Validado Manual;;;
MVD:WeatherObserved:00006;Estación Meteorológica - Centro;2025-02-13 21:35:06;0;0;;Validado Manual;;;
MVD:WeatherObserved:00006;Estación Meteorológica - Centro;2025-02-13 21:40:06;0;0;;Validado Manual;;;
MVD:WeatherObserved:00006;Estación Meteorológica - Centro;2025-02-13 21:45:06;0;0;;Validado Manual;;;
MVD:WeatherObserved:00006;Estación Meteorológica - Centro;2025-02-13 21:50:06;0;0;;Validado Manual;;;
MVD:WeatherObserved:00006;Estación Meteorológica - Centro;2025-02-13 21:55:06;0;0;;Validado Manual;;;
MVD:WeatherObserved:00006;Estación Meteorológica - Centro;2025-02-13 22:00:06;0;0;;Validado Manual;;;
MVD:WeatherObserved:00006;Estación Meteorológica - Centro;2025-02-13 22:05:07;0;0;;Validado Manual;;;
MVD:WeatherObserved:00006;Estación Meteorológica - Centro;2025-02-13 22:10:07;0;0;;Validado Manual;;;
MVD:WeatherObserved:00006;Estación Meteorológica - Centro;2025-02-13 22:15:07;0;0;;Validado Manual;;;
MVD:WeatherObserved:00006;Estación Meteorológica - Centro;2025-02-13 22:20:07;0;0;;Validado Manual;;;
MVD:WeatherObserved:00006;Estación Meteorológica - Centro;2025-02-13 22:25:07;0;0;;Validado Manual;;;
MVD:WeatherObserved:00006;Estación Meteorológica - Centro;2025-02-13 22:30:07;0;0;;Validado Manual;;;
MVD:WeatherObserved:00006;Estación Meteorológica - Centro;2025-02-13 22:35:07;0;0;;Validado Manual;;;
MVD:WeatherObserved:00006;Estación Meteorológica - Centro;2025-02-13 22:40:07;0;0;;Validado Manual;;;
MVD:WeatherObserved:00006;Estación Meteorológica - Centro;2025-02-13 22:45:07;0;0;;Validado Manual;;;
MVD:WeatherObserved:00006;Estación Meteorológica - Centro;2025-02-13 22:50:07;0;0;;Validado Manual;;;
MVD:WeatherObserved:00006;Estación Meteorológica - Centro;2025-02-13 22:55:07;0;0;;Validado Manual;;;
MVD:WeatherObserved:00006;Estación Meteorológica - Centro;2025-02-13 23:00:07;0;0;;Validado Manual;;;
MVD:WeatherObserved:00006;Estación Meteorológica - Centro;2025-02-13 23:05:07;0;0;;Validado Manual;;;
MVD:WeatherObserved:00006;Estación Meteorológica - Centro;2025-02-13 23:10:08;0;0;;Validado Manual;;;
MVD:WeatherObserved:00006;Estación Meteorológica - Centro;2025-02-13 23:15:08;0;0;;Validado Manual;;;
MVD:WeatherObserved:00006;Estación Meteorológica - Centro;2025-02-13 23:20:08;0;0;;Validado Manual;;;
MVD:WeatherObserved:00006;Estación Meteorológica - Centro;2025-02-13 23:25:08;0;0;;Validado Manual;;;
MVD:WeatherObserved:00006;Estación Meteorológica - Centro;2025-02-13 23:30:08;0;0;;Validado Manual;;;
MVD:WeatherObserved:00006;Estación Meteorológica - Centro;2025-02-13 23:35:08;0;0;;Validado Manual;;;
MVD:WeatherObserved:00006;Estación Meteorológica - Centro;2025-02-13 23:40:08;0;0;;Validado Manual;;;
MVD:WeatherObserved:00006;Estación Meteorológica - Centro;2025-02-13 23:45:08;0;0;;Validado Manual;;;
MVD:WeatherObserved:00006;Estación Meteorológica - Centro;2025-02-13 23:50:08;0;0;;Validado Manual;;;
MVD:WeatherObserved:00006;Estación Meteorológica - Centro;2025-02-13 23:55:08;0;0;;Validado Manual;;;
MVD:WeatherObserved:00006;Estación Meteorológica - Centro;2025-02-14 00:00:08;0;0;;Validado Manual;;;
MVD:WeatherObserved:00006;Estación Meteorológica - Centro;2025-02-14 00:05:08;0;0;;Validado Manual;;;
MVD:WeatherObserved:00006;Estación Meteorológica - Centro;2025-02-14 00:10:08;0;0;;Validado Manual;;;
MVD:WeatherObserved:00006;Estación Meteorológica - Centro;2025-02-14 00:15:08;0;0;;Validado Manual;;;
MVD:WeatherObserved:00006;Estación Meteorológica - Centro;2025-02-14 00:20:09;0;0;;Validado Manual;;;
MVD:WeatherObserved:00006;Estación Meteorológica - Centro;2025-02-14 00:25:10;0;0;;Validado Manual;;;
MVD:WeatherObserved:00006;Estación Meteorológica - Centro;2025-02-14 00:30:09;0;0;;Validado Manual;;;
MVD:WeatherObserved:00006;Estación Meteorológica - Centro;2025-02-14 00:35:09;0;0;;Validado Manual;;;
MVD:WeatherObserved:00006;Estación Meteorológica - Centro;2025-02-14 00:40:09;0;0;;Validado Manual;;;
MVD:WeatherObserved:00006;Estación Meteorológica - Centro;2025-02-14 00:45:09;0;0;;Validado Manual;;;
MVD:WeatherObserved:00006;Estación Meteorológica - Centro;2025-02-14 00:50:09;0;0;;Validado Manual;;;
MVD:WeatherObserved:00006;Estación Meteorológica - Centro;2025-02-14 00:55:09;0;0;;Validado Manual;;;
MVD:WeatherObserved:00006;Estación Meteorológica - Centro;2025-02-14 01:00:09;0;0;;Validado Manual;;;
MVD:WeatherObserved:00006;Estación Meteorológica - Centro;2025-02-14 01:05:09;0;0;;Validado Manual;;;
MVD:WeatherObserved:00006;Estación Meteorológica - Centro;2025-02-14 01:10:09;0;0;;Validado Manual;;;
MVD:WeatherObserved:00006;Estación Meteorológica - Centro;2025-02-14 01:15:09;0;0;;Validado Manual;;;
MVD:WeatherObserved:00006;Estación Meteorológica - Centro;2025-02-14 01:20:09;0;0;;Validado Manual;;;
MVD:WeatherObserved:00006;Estación Meteorológica - Centro;2025-02-14 01:25:10;0;0;;Validado Manual;;;
MVD:WeatherObserved:00006;Estación Meteorológica - Centro;2025-02-14 01:30:10;0;0;;Validado Manual;;;
MVD:WeatherObserved:00006;Estación Meteorológica - Centro;2025-02-14 01:35:10;0;0;;Validado Manual;;;
MVD:WeatherObserved:00006;Estación Meteorológica - Centro;2025-02-14 01:40:10;0;0;;Validado Manual;;;
MVD:WeatherObserved:00006;Estación Meteorológica - Centro;2025-02-14 01:45:10;0;0;;Validado Manual;;;
MVD:WeatherObserved:00006;Estación Meteorológica - Centro;2025-02-14 01:50:10;0;0;;Validado Manual;;;
MVD:WeatherObserved:00006;Estación Meteorológica - Centro;2025-02-14 01:55:10;0;0;;Validado Manual;;;
MVD:WeatherObserved:00006;Estación Meteorológica - Centro;2025-02-14 02:00:10;0;0;;Validado Manual;;;
MVD:WeatherObserved:00006;Estación Meteorológica - Centro;2025-02-14 02:05:10;0;0;;Validado Manual;;;
MVD:WeatherObserved:00006;Estación Meteorológica - Centro;2025-02-14 02:10:10;0;0;;Validado Manual;;;
MVD:WeatherObserved:00006;Estación Meteorológica - Centro;2025-02-14 02:15:10;0;0;;Validado Manual;;;
MVD:WeatherObserved:00006;Estación Meteorológica - Centro;2025-02-14 02:20:10;0;0;;Validado Manual;;;
MVD:WeatherObserved:00006;Estación Meteorológica - Centro;2025-02-14 02:25:10;0;0;;Validado Manual;;;
MVD:WeatherObserved:00006;Estación Meteorológica - Centro;2025-02-14 02:30:10;0;0;;Validado Manual;;;
MVD:WeatherObserved:00006;Estación Meteorológica - Centro;2025-02-14 02:35:10;0;0;;Validado Manual;;;
MVD:WeatherObserved:00006;Estación Meteorológica - Centro;2025-02-14 02:40:10;0;0;;Validado Manual;;;
MVD:WeatherObserved:00006;Estación Meteorológica - Centro;2025-02-14 02:45:11;0;0;;Validado Manual;;;
MVD:WeatherObserved:00006;Estación Meteorológica - Centro;2025-02-14 02:50:11;0;0;;Validado Manual;;;
MVD:WeatherObserved:00006;Estación Meteorológica - Centro;2025-02-14 02:55:11;0;0;;Validado Manual;;;
MVD:WeatherObserved:00006;Estación Meteorológica - Centro;2025-02-14 03:00:11;0;0;;Validado Manual;;;
MVD:WeatherObserved:00006;Estación Meteorológica - Centro;2025-02-14 03:05:11;0;0;;Validado Manual;;;
MVD:WeatherObserved:00006;Estación Meteorológica - Centro;2025-02-14 03:10:11;0;0;;Validado Manual;;;
MVD:WeatherObserved:00006;Estación Meteorológica - Centro;2025-02-14 03:15:11;0;0;;Validado Manual;;;
MVD:WeatherObserved:00006;Estación Meteorológica - Centro;2025-02-14 03:20:11;0;0;;Validado Manual;;;
MVD:WeatherObserved:00006;Estación Meteorológica - Centro;2025-02-14 03:25:11;0;0;;Validado Manual;;;
MVD:WeatherObserved:00006;Estación Meteorológica - Centro;2025-02-14 03:30:11;0;0;;Validado Manual;;;
MVD:WeatherObserved:00006;Estación Meteorológica - Centro;2025-02-14 03:35:11;0;0;;Validado Manual;;;
MVD:WeatherObserved:00006;Estación Meteorológica - Centro;2025-02-14 03:40:11;0;0;;Validado Manual;;;
MVD:WeatherObserved:00006;Estación Meteorológica - Centro;2025-02-14 03:45:11;0;0;;Validado Manual;;;
MVD:WeatherObserved:00006;Estación Meteorológica - Centro;2025-02-14 03:50:12;0;0;;Validado Manual;;;
MVD:WeatherObserved:00006;Estación Meteorológica - Centro;2025-02-14 03:55:12;0;0;;Validado Manual;;;
MVD:WeatherObserved:00006;Estación Meteorológica - Centro;2025-02-14 04:00:12;0;0;;Validado Manual;;;
MVD:WeatherObserved:00006;Estación Meteorológica - Centro;2025-02-14 04:05:12;0;0;;Validado Manual;;;
MVD:WeatherObserved:00006;Estación Meteorológica - Centro;2025-02-14 04:10:12;0;0;;Validado Manual;;;
MVD:WeatherObserved:00006;Estación Meteorológica - Centro;2025-02-14 04:15:12;0;0;;Validado Manual;;;
MVD:WeatherObserved:00006;Estación Meteorológica - Centro;2025-02-14 04:20:12;0;0;;Validado Manual;;;
MVD:WeatherObserved:00006;Estación Meteorológica - Centro;2025-02-14 04:25:12;0;0;;Validado Manual;;;
MVD:WeatherObserved:00006;Estación Meteorológica - Centro;2025-02-14 04:30:12;0;0;;Validado Manual;;;
MVD:WeatherObserved:00006;Estación Meteorológica - Centro;2025-02-14 04:35:12;0;0;;Validado Manual;;;
MVD:WeatherObserved:00006;Estación Meteorológica - Centro;2025-02-14 04:40:12;0;0;;Validado Manual;;;
MVD:WeatherObserved:00006;Estación Meteorológica - Centro;2025-02-14 04:45:12;0;0;;Validado Manual;;;
MVD:WeatherObserved:00006;Estación Meteorológica - Centro;2025-02-14 04:50:12;0;0;;Validado Manual;;;
MVD:WeatherObserved:00006;Estación Meteorológica - Centro;2025-02-14 04:55:12;0;0;;Validado Manual;;;
MVD:WeatherObserved:00006;Estación Meteorológica - Centro;2025-02-14 05:00:12;0;0;;Validado Manual;;;
MVD:WeatherObserved:00006;Estación Meteorológica - Centro;2025-02-14 05:05:12;0;0;;Validado Manual;;;
MVD:WeatherObserved:00006;Estación Meteorológica - Centro;2025-02-14 05:10:13;0;0;;Validado Manual;;;
MVD:WeatherObserved:00006;Estación Meteorológica - Centro;2025-02-14 05:15:13;0;0;;Validado Manual;;;
MVD:WeatherObserved:00006;Estación Meteorológica - Centro;2025-02-14 05:20:13;0;0;;Validado Manual;;;
MVD:WeatherObserved:00006;Estación Meteorológica - Centro;2025-02-14 05:25:13;0;0;;Validado Manual;;;
MVD:WeatherObserved:00006;Estación Meteorológica - Centro;2025-02-14 05:30:13;0;0;;Validado Manual;;;
MVD:WeatherObserved:00006;Estación Meteorológica - Centro;2025-02-14 05:35:13;0;0;;Validado Manual;;;
MVD:WeatherObserved:00006;Estación Meteorológica - Centro;2025-02-14 05:40:13;0;0;;Validado Manual;;;
MVD:WeatherObserved:00006;Estación Meteorológica - Centro;2025-02-14 05:45:13;0;0;;Validado Manual;;;
MVD:WeatherObserved:00006;Estación Meteorológica - Centro;2025-02-14 05:50:13;0;0;;Validado Manual;;;
MVD:WeatherObserved:00006;Estación Meteorológica - Centro;2025-02-14 05:55:13;0;0;;Validado Manual;;;
MVD:WeatherObserved:00006;Estación Meteorológica - Centro;2025-02-14 06:00:13;0;0;;Validado Manual;;;
MVD:WeatherObserved:00006;Estación Meteorológica - Centro;2025-02-14 06:05:13;0;0;;Validado Manual;;;
MVD:WeatherObserved:00006;Estación Meteorológica - Centro;2025-02-14 06:10:13;0;0;;Validado Manual;;;
MVD:WeatherObserved:00006;Estación Meteorológica - Centro;2025-02-14 06:15:13;0;0;;Validado Manual;;;
MVD:WeatherObserved:00006;Estación Meteorológica - Centro;2025-02-14 06:20:13;0;0;;Validado Manual;;;
MVD:WeatherObserved:00006;Estación Meteorológica - Centro;2025-02-14 06:25:14;0;0;;Validado Manual;;;
MVD:WeatherObserved:00006;Estación Meteorológica - Centro;2025-02-14 06:30:14;0;0;;Validado Manual;;;
MVD:WeatherObserved:00006;Estación Meteorológica - Centro;2025-02-14 06:35:14;0;0;;Validado Manual;;;
MVD:WeatherObserved:00006;Estación Meteorológica - Centro;2025-02-14 06:40:14;0;0;;Validado Manual;;;
MVD:WeatherObserved:00006;Estación Meteorológica - Centro;2025-02-14 06:45:14;0;0;;Validado Manual;;;
MVD:WeatherObserved:00006;Estación Meteorológica - Centro;2025-02-14 06:50:14;0;0;;Validado Manual;;;
MVD:WeatherObserved:00006;Estación Meteorológica - Centro;2025-02-14 06:55:14;0;0;;Validado Manual;;;
MVD:WeatherObserved:00006;Estación Meteorológica - Centro;2025-02-14 07:00:14;0;0;;Validado Manual;;;
MVD:WeatherObserved:00006;Estación Meteorológica - Centro;2025-02-14 07:05:14;0;0;;Validado Manual;;;
MVD:WeatherObserved:00006;Estación Meteorológica - Centro;2025-02-14 07:10:14;0;0;;Validado Manual;;;
MVD:WeatherObserved:00006;Estación Meteorológica - Centro;2025-02-14 07:15:14;0;0;;Validado Manual;;;
MVD:WeatherObserved:00006;Estación Meteorológica - Centro;2025-02-14 07:20:14;0;0;;Validado Manual;;;
MVD:WeatherObserved:00006;Estación Meteorológica - Centro;2025-02-14 07:25:15;0;0;;Validado Manual;;;
MVD:WeatherObserved:00006;Estación Meteorológica - Centro;2025-02-14 07:30:15;0;0;;Validado Manual;;;
MVD:WeatherObserved:00006;Estación Meteorológica - Centro;2025-02-14 07:35:15;0;0;;Validado Manual;;;
MVD:WeatherObserved:00006;Estación Meteorológica - Centro;2025-02-14 07:40:15;0;0;;Validado Manual;;;
MVD:WeatherObserved:00006;Estación Meteorológica - Centro;2025-02-14 07:45:15;0;0;;Validado Manual;;;
MVD:WeatherObserved:00006;Estación Meteorológica - Centro;2025-02-14 07:50:15;0;0;;Validado Manual;;;
MVD:WeatherObserved:00006;Estación Meteorológica - Centro;2025-02-14 07:55:15;0;0;;Validado Manual;;;
MVD:WeatherObserved:00006;Estación Meteorológica - Centro;2025-02-14 08:00:15;0;0;;Validado Manual;;;
MVD:WeatherObserved:00006;Estación Meteorológica - Centro;2025-02-14 08:05:15;0;0;;Validado Manual;;;
MVD:WeatherObserved:00006;Estación Meteorológica - Centro;2025-02-14 08:10:15;0;0;;Validado Manual;;;
MVD:WeatherObserved:00006;Estación Meteorológica - Centro;2025-02-14 08:15:15;0;0;;Validado Manual;;;
MVD:WeatherObserved:00006;Estación Meteorológica - Centro;2025-02-14 08:20:15;0;0;;Validado Manual;;;
MVD:WeatherObserved:00006;Estación Meteorológica - Centro;2025-02-14 08:25:15;0;0;;Validado Manual;;;
MVD:WeatherObserved:00006;Estación Meteorológica - Centro;2025-02-14 08:30:15;0;0;;Validado Manual;;;
MVD:WeatherObserved:00006;Estación Meteorológica - Centro;2025-02-14 08:35:16;0;0;;Validado Manual;;;
MVD:WeatherObserved:00006;Estación Meteorológica - Centro;2025-02-14 08:40:16;0;0;;Validado Manual;;;
MVD:WeatherObserved:00006;Estación Meteorológica - Centro;2025-02-14 08:45:16;0;0;;Validado Manual;;;
MVD:WeatherObserved:00006;Estación Meteorológica - Centro;2025-02-14 08:50:16;0;0;;Validado Manual;;;
MVD:WeatherObserved:00006;Estación Meteorológica - Centro;2025-02-14 08:55:16;0;0;;Validado Manual;;;
MVD:WeatherObserved:00006;Estación Meteorológica - Centro;2025-02-14 09:00:16;0;0;;Validado Manual;;;
MVD:WeatherObserved:00006;Estación Meteorológica - Centro;2025-02-14 09:05:16;0;0;;Validado Manual;;;
MVD:WeatherObserved:00006;Estación Meteorológica - Centro;2025-02-14 09:10:16;0;0;;Validado Manual;;;
MVD:WeatherObserved:00006;Estación Meteorológica - Centro;2025-02-14 09:15:16;0;0;;Validado Manual;;;
MVD:WeatherObserved:00006;Estación Meteorológica - Centro;2025-02-14 09:20:16;0;0;;Validado Manual;;;
MVD:WeatherObserved:00006;Estación Meteorológica - Centro;2025-02-14 09:25:16;0;0;;Validado Manual;;;
MVD:WeatherObserved:00006;Estación Meteorológica - Centro;2025-02-14 09:30:16;0;0;;Validado Manual;;;
MVD:WeatherObserved:00006;Estación Meteorológica - Centro;2025-02-14 09:35:16;0;0;;Validado Manual;;;
MVD:WeatherObserved:00006;Estación Meteorológica - Centro;2025-02-14 09:40:16;0;0;;Validado Manual;;;
MVD:WeatherObserved:00006;Estación Meteorológica - Centro;2025-02-14 09:45:17;0;0;;Validado Manual;;;
MVD:WeatherObserved:00006;Estación Meteorológica - Centro;2025-02-14 09:50:17;0;0;;Validado Manual;;;
MVD:WeatherObserved:00006;Estación Meteorológica - Centro;2025-02-14 09:55:17;0;0;;Validado Manual;;;
MVD:WeatherObserved:00006;Estación Meteorológica - Centro;2025-02-14 10:00:17;0;0;;Validado Manual;;;
MVD:WeatherObserved:00006;Estación Meteorológica - Centro;2025-02-14 10:05:17;0;0;;Validado Manual;;;
MVD:WeatherObserved:00006;Estación Meteorológica - Centro;2025-02-14 10:10:17;0;0;;Validado Manual;;;
MVD:WeatherObserved:00006;Estación Meteorológica - Centro;2025-02-14 10:15:17;0;0;;Validado Manual;;;
MVD:WeatherObserved:00006;Estación Meteorológica - Centro;2025-02-14 10:20:17;0;0;;Validado Manual;;;
MVD:WeatherObserved:00006;Estación Meteorológica - Centro;2025-02-14 10:25:17;0;0;;Validado Manual;;;
MVD:WeatherObserved:00006;Estación Meteorológica - Centro;2025-02-14 10:30:17;0;0;;Validado Manual;;;
MVD:WeatherObserved:00006;Estación Meteorológica - Centro;2025-02-14 10:35:17;0;0;;Validado Manual;;;
MVD:WeatherObserved:00006;Estación Meteorológica - Centro;2025-02-14 10:40:17;0;0;;Validado Manual;;;
MVD:WeatherObserved:00006;Estación Meteorológica - Centro;2025-02-14 10:45:17;0;0;;Validado Manual;;;
MVD:WeatherObserved:00006;Estación Meteorológica - Centro;2025-02-14 10:50:17;0;0;;Validado Manual;;;
MVD:WeatherObserved:00006;Estación Meteorológica - Centro;2025-02-14 10:55:18;0;0;;Validado Manual;;;
MVD:WeatherObserved:00006;Estación Meteorológica - Centro;2025-02-14 11:00:18;0;0;;Validado Manual;;;
MVD:WeatherObserved:00006;Estación Meteorológica - Centro;2025-02-14 11:05:18;0;0;;Validado Manual;;;
MVD:WeatherObserved:00006;Estación Meteorológica - Centro;2025-02-14 11:10:18;0;0;;Validado Manual;;;
MVD:WeatherObserved:00006;Estación Meteorológica - Centro;2025-02-14 11:15:18;0;0;;Validado Manual;;;
MVD:WeatherObserved:00006;Estación Meteorológica - Centro;2025-02-14 11:20:18;0;0;;Validado Manual;;;
MVD:WeatherObserved:00006;Estación Meteorológica - Centro;2025-02-14 11:25:18;0;0;;Validado Manual;;;
MVD:WeatherObserved:00006;Estación Meteorológica - Centro;2025-02-14 11:30:18;0;0;;Validado Manual;;;
MVD:WeatherObserved:00006;Estación Meteorológica - Centro;2025-02-14 11:35:18;0;0;;Validado Manual;;;
MVD:WeatherObserved:00006;Estación Meteorológica - Centro;2025-02-14 11:40:18;0;0;;Validado Manual;;;
MVD:WeatherObserved:00006;Estación Meteorológica - Centro;2025-02-14 11:45:18;0;0;;Validado Manual;;;
MVD:WeatherObserved:00006;Estación Meteorológica - Centro;2025-02-14 11:50:18;0;0;;Validado Manual;;;
MVD:WeatherObserved:00006;Estación Meteorológica - Centro;2025-02-14 11:55:18;0;0;;Validado Manual;;;
MVD:WeatherObserved:00006;Estación Meteorológica - Centro;2025-02-14 12:00:18;0;0;;Validado Manual;;;
MVD:WeatherObserved:00006;Estación Meteorológica - Centro;2025-02-14 12:05:18;0;0;;Validado Manual;;;
MVD:WeatherObserved:00006;Estación Meteorológica - Centro;2025-02-14 12:10:18;0;0;;Validado Manual;;;
MVD:WeatherObserved:00006;Estación Meteorológica - Centro;2025-02-14 12:15:18;0;0;;Validado Manual;;;
MVD:WeatherObserved:00006;Estación Meteorológica - Centro;2025-02-14 12:20:18;0;0;;Validado Manual;;;
MVD:WeatherObserved:00006;Estación Meteorológica - Centro;2025-02-14 12:25:19;0;0;;Validado Manual;;;
MVD:WeatherObserved:00006;Estación Meteorológica - Centro;2025-02-14 12:30:19;0;0;;Validado Manual;;;
MVD:WeatherObserved:00006;Estación Meteorológica - Centro;2025-02-14 12:35:19;0;0;;Validado Manual;;;
MVD:WeatherObserved:00006;Estación Meteorológica - Centro;2025-02-14 12:40:19;0;0;;Validado Manual;;;
MVD:WeatherObserved:00006;Estación Meteorológica - Centro;2025-02-14 12:45:19;0;0;;Validado Manual;;;
MVD:WeatherObserved:00006;Estación Meteorológica - Centro;2025-02-14 12:50:19;0;0;;Validado Manual;;;
MVD:WeatherObserved:00006;Estación Meteorológica - Centro;2025-02-14 12:55:19;0;0;;Validado Manual;;;
MVD:WeatherObserved:00006;Estación Meteorológica - Centro;2025-02-14 13:00:19;0;0;;Validado Manual;;;
MVD:WeatherObserved:00006;Estación Meteorológica - Centro;2025-02-14 13:05:19;0;0;;Validado Manual;;;
MVD:WeatherObserved:00006;Estación Meteorológica - Centro;2025-02-14 13:10:19;0;0;;Validado Manual;;;
MVD:WeatherObserved:00006;Estación Meteorológica - Centro;2025-02-14 13:15:19;0;0;;Validado Manual;;;
MVD:WeatherObserved:00006;Estación Meteorológica - Centro;2025-02-14 13:20:19;0;0;;Validado Manual;;;
MVD:WeatherObserved:00006;Estación Meteorológica - Centro;2025-02-14 13:25:19;0;0;;Validado Manual;;;
MVD:WeatherObserved:00006;Estación Meteorológica - Centro;2025-02-14 13:30:20;0;0;;Validado Manual;;;
MVD:WeatherObserved:00006;Estación Meteorológica - Centro;2025-02-14 13:35:20;0;0;;Validado Manual;;;
MVD:WeatherObserved:00006;Estación Meteorológica - Centro;2025-02-14 13:40:20;0;0;;Validado Manual;;;
MVD:WeatherObserved:00006;Estación Meteorológica - Centro;2025-02-14 13:45:20;0;0;;Validado Manual;;;
MVD:WeatherObserved:00006;Estación Meteorológica - Centro;2025-02-14 13:50:20;0;0;;Validado Manual;;;
MVD:WeatherObserved:00006;Estación Meteorológica - Centro;2025-02-14 13:55:20;0;0;;Validado Manual;;;
MVD:WeatherObserved:00006;Estación Meteorológica - Centro;2025-02-14 14:00:20;0;0;;Validado Manual;;;
MVD:WeatherObserved:00006;Estación Meteorológica - Centro;2025-02-14 14:05:20;0;0;;Validado Manual;;;
MVD:WeatherObserved:00006;Estación Meteorológica - Centro;2025-02-14 14:10:20;0;0;;Validado Manual;;;
MVD:WeatherObserved:00006;Estación Meteorológica - Centro;2025-02-14 14:15:20;0;0;;Validado Manual;;;
MVD:WeatherObserved:00006;Estación Meteorológica - Centro;2025-02-14 14:20:20;0;0;;Validado Manual;;;
MVD:WeatherObserved:00006;Estación Meteorológica - Centro;2025-02-14 14:25:20;0;0;;Validado Manual;;;
MVD:WeatherObserved:00006;Estación Meteorológica - Centro;2025-02-14 14:30:20;0;0;;Validado Manual;;;
MVD:WeatherObserved:00006;Estación Meteorológica - Centro;2025-02-14 14:35:20;0;0;;Validado Manual;;;
MVD:WeatherObserved:00006;Estación Meteorológica - Centro;2025-02-14 14:40:21;0;0;;Validado Manual;;;
MVD:WeatherObserved:00006;Estación Meteorológica - Centro;2025-02-14 14:45:21;0;0;;Validado Manual;;;
MVD:WeatherObserved:00006;Estación Meteorológica - Centro;2025-02-14 14:50:21;0;0;;Validado Manual;;;
MVD:WeatherObserved:00006;Estación Meteorológica - Centro;2025-02-14 14:55:21;0;0;;Validado Manual;;;
MVD:WeatherObserved:00006;Estación Meteorológica - Centro;2025-02-14 15:00:21;0;0;;Validado Manual;;;
MVD:WeatherObserved:00006;Estación Meteorológica - Centro;2025-02-14 15:05:21;0;0;;Validado Manual;;;
MVD:WeatherObserved:00006;Estación Meteorológica - Centro;2025-02-14 15:10:21;0;0;;Validado Manual;;;
MVD:WeatherObserved:00006;Estación Meteorológica - Centro;2025-02-14 15:15:21;0;0;;Validado Manual;;;
MVD:WeatherObserved:00006;Estación Meteorológica - Centro;2025-02-14 15:20:21;0;0;;Validado Manual;;;
MVD:WeatherObserved:00006;Estación Meteorológica - Centro;2025-02-14 15:25:21;0;0;;Validado Manual;;;
MVD:WeatherObserved:00006;Estación Meteorológica - Centro;2025-02-14 15:30:21;0;0;;Validado Manual;;;
MVD:WeatherObserved:00006;Estación Meteorológica - Centro;2025-02-14 15:35:21;0;0;;Validado Manual;;;
MVD:WeatherObserved:00006;Estación Meteorológica - Centro;2025-02-14 15:40:21;0;0;;Validado Manual;;;
MVD:WeatherObserved:00006;Estación Meteorológica - Centro;2025-02-14 15:45:22;0;0;;Validado Manual;;;
MVD:WeatherObserved:00006;Estación Meteorológica - Centro;2025-02-14 15:50:22;0;0;;Validado Manual;;;
MVD:WeatherObserved:00006;Estación Meteorológica - Centro;2025-02-14 15:55:22;0;0;;Validado Manual;;;
MVD:WeatherObserved:00006;Estación Meteorológica - Centro;2025-02-14 16:00:22;0;0;;Validado Manual;;;
MVD:WeatherObserved:00006;Estación Meteorológica - Centro;2025-02-14 16:05:22;0;0;;Validado Manual;;;
MVD:WeatherObserved:00006;Estación Meteorológica - Centro;2025-02-14 16:10:22;0;0;;Validado Manual;;;
MVD:WeatherObserved:00006;Estación Meteorológica - Centro;2025-02-14 16:15:22;0;0;;Validado Manual;;;
MVD:WeatherObserved:00006;Estación Meteorológica - Centro;2025-02-14 16:20:22;0;0;;Validado Manual;;;
MVD:WeatherObserved:00006;Estación Meteorológica - Centro;2025-02-14 16:25:22;0;0;;Validado Manual;;;
MVD:WeatherObserved:00006;Estación Meteorológica - Centro;2025-02-14 16:30:22;0;0;;Validado Manual;;;
MVD:WeatherObserved:00006;Estación Meteorológica - Centro;2025-02-14 16:35:22;0;0;;Validado Manual;;;
MVD:WeatherObserved:00006;Estación Meteorológica - Centro;2025-02-14 16:40:22;0;0;;Validado Manual;;;
MVD:WeatherObserved:00006;Estación Meteorológica - Centro;2025-02-14 16:45:22;0;0;;Validado Manual;;;
MVD:WeatherObserved:00006;Estación Meteorológica - Centro;2025-02-14 16:50:22;0;0;;Validado Manual;;;
MVD:WeatherObserved:00006;Estación Meteorológica - Centro;2025-02-14 16:55:22;0;0;;Validado Manual;;;
MVD:WeatherObserved:00006;Estación Meteorológica - Centro;2025-02-14 17:00:22;0;0;;Validado Manual;;;
MVD:WeatherObserved:00006;Estación Meteorológica - Centro;2025-02-14 17:05:22;0;0;;Validado Manual;;;
MVD:WeatherObserved:00006;Estación Meteorológica - Centro;2025-02-14 17:10:23;0;0;;Validado Manual;;;
MVD:WeatherObserved:00006;Estación Meteorológica - Centro;2025-02-14 17:15:23;0;0;;Validado Manual;;;
MVD:WeatherObserved:00006;Estación Meteorológica - Centro;2025-02-14 17:20:23;0;0;;Validado Manual;;;
MVD:WeatherObserved:00006;Estación Meteorológica - Centro;2025-02-14 17:25:23;0;0;;Validado Manual;;;
MVD:WeatherObserved:00006;Estación Meteorológica - Centro;2025-02-14 17:30:23;0;0;;Validado Manual;;;
MVD:WeatherObserved:00006;Estación Meteorológica - Centro;2025-02-14 17:35:23;0;0;;Validado Manual;;;
MVD:WeatherObserved:00006;Estación Meteorológica - Centro;2025-02-14 17:40:23;0;0;;Validado Manual;;;
MVD:WeatherObserved:00006;Estación Meteorológica - Centro;2025-02-14 17:45:23;0;0;;Validado Manual;;;
MVD:WeatherObserved:00006;Estación Meteorológica - Centro;2025-02-14 17:50:23;0;0;;Validado Manual;;;
MVD:WeatherObserved:00006;Estación Meteorológica - Centro;2025-02-14 17:55:23;0;0;;Validado Manual;;;
MVD:WeatherObserved:00006;Estación Meteorológica - Centro;2025-02-14 18:00:23;0;0;;Validado Manual;;;
MVD:WeatherObserved:00006;Estación Meteorológica - Centro;2025-02-14 18:05:23;0;0;;Validado Manual;;;
MVD:WeatherObserved:00006;Estación Meteorológica - Centro;2025-02-14 18:10:23;0;0;;Validado Manual;;;
MVD:WeatherObserved:00006;Estación Meteorológica - Centro;2025-02-14 18:15:23;0;0;;Validado Manual;;;
MVD:WeatherObserved:00006;Estación Meteorológica - Centro;2025-02-14 18:20:24;0;0;;Validado Manual;;;
MVD:WeatherObserved:00006;Estación Meteorológica - Centro;2025-02-14 18:25:24;0;0;;Validado Manual;;;
MVD:WeatherObserved:00006;Estación Meteorológica - Centro;2025-02-14 18:30:24;0;0;;Validado Manual;;;
MVD:WeatherObserved:00006;Estación Meteorológica - Centro;2025-02-14 18:35:24;0;0;;Validado Manual;;;
MVD:WeatherObserved:00006;Estación Meteorológica - Centro;2025-02-14 18:40:24;0;0;;Validado Manual;;;
MVD:WeatherObserved:00006;Estación Meteorológica - Centro;2025-02-14 18:45:24;0;0;;Validado Manual;;;
MVD:WeatherObserved:00006;Estación Meteorológica - Centro;2025-02-14 18:50:24;0;0;;Validado Manual;;;
MVD:WeatherObserved:00006;Estación Meteorológica - Centro;2025-02-14 18:55:24;0;0;;Validado Manual;;;
MVD:WeatherObserved:00006;Estación Meteorológica - Centro;2025-02-14 19:00:24;0;0;;Validado Manual;;;
MVD:WeatherObserved:00006;Estación Meteorológica - Centro;2025-02-14 19:05:24;0;0;;Validado Manual;;;
MVD:WeatherObserved:00006;Estación Meteorológica - Centro;2025-02-14 19:10:24;0;0;;Validado Manual;;;
MVD:WeatherObserved:00006;Estación Meteorológica - Centro;2025-02-14 19:15:24;0;0;;Validado Manual;;;
MVD:WeatherObserved:00006;Estación Meteorológica - Centro;2025-02-14 19:20:24;0;0;;Validado Manual;;;
MVD:WeatherObserved:00006;Estación Meteorológica - Centro;2025-02-14 19:25:24;0;0;;Validado Manual;;;
MVD:WeatherObserved:00006;Estación Meteorológica - Centro;2025-02-14 19:30:24;0;0;;Validado Manual;;;
MVD:WeatherObserved:00006;Estación Meteorológica - Centro;2025-02-14 19:35:24;0;0;;Validado Manual;;;
MVD:WeatherObserved:00006;Estación Meteorológica - Centro;2025-02-14 19:40:25;0;0;;Validado Manual;;;
MVD:WeatherObserved:00006;Estación Meteorológica - Centro;2025-02-14 19:45:25;0;0;;Validado Manual;;;
MVD:WeatherObserved:00006;Estación Meteorológica - Centro;2025-02-14 19:50:25;0;0;;Validado Manual;;;
MVD:WeatherObserved:00006;Estación Meteorológica - Centro;2025-02-14 19:55:25;0,25;0,25;0,25;Validado Manual;;;
MVD:WeatherObserved:00006;Estación Meteorológica - Centro;2025-02-14 20:00:25;0,25;0,25;0,25;Validado Manual;;;
MVD:WeatherObserved:00006;Estación Meteorológica - Centro;2025-02-14 20:05:25;0,25;0,25;0,25;Validado Manual;;;
MVD:WeatherObserved:00006;Estación Meteorológica - Centro;2025-02-14 20:10:25;0,25;0,25;0,25;Validado Manual;;;
MVD:WeatherObserved:00006;Estación Meteorológica - Centro;2025-02-14 20:15:25;0,25;0,25;0,25;Validado Manual;;;
MVD:WeatherObserved:00006;Estación Meteorológica - Centro;2025-02-14 20:20:25;0,25;0,25;0,25;Validado Manual;;;
MVD:WeatherObserved:00006;Estación Meteorológica - Centro;2025-02-14 20:25:25;0,25;0,25;0,25;Validado Manual;;;
MVD:WeatherObserved:00006;Estación Meteorológica - Centro;2025-02-14 20:30:25;0,25;0,25;0,25;Validado Manual;;;
MVD:WeatherObserved:00006;Estación Meteorológica - Centro;2025-02-14 20:35:25;0,25;0,25;0,25;Validado Manual;;;
MVD:WeatherObserved:00006;Estación Meteorológica - Centro;2025-02-14 20:40:25;0,25;0,25;0,25;Validado Manual;;;
MVD:WeatherObserved:00006;Estación Meteorológica - Centro;2025-02-14 20:45:25;0,25;0,25;0,25;Validado Manual;;;
MVD:WeatherObserved:00006;Estación Meteorológica - Centro;2025-02-14 20:50:26;0,25;0,25;0,25;Validado Manual;;;
MVD:WeatherObserved:00006;Estación Meteorológica - Centro;2025-02-14 20:55:26;0,25;0,25;0,25;Validado Manual;;;
MVD:WeatherObserved:00006;Estación Meteorológica - Centro;2025-02-14 21:00:26;0,25;0,25;0,25;Validado Manual;;;
MVD:WeatherObserved:00006;Estación Meteorológica - Centro;2025-02-14 21:05:26;0,25;0,25;0,25;Validado Manual;;;
MVD:WeatherObserved:00006;Estación Meteorológica - Centro;2025-02-14 21:10:26;0,25;0,25;0,25;Validado Manual;;;
MVD:WeatherObserved:00006;Estación Meteorológica - Centro;2025-02-14 21:15:26;0,25;0,25;0,25;Validado Manual;;;
MVD:WeatherObserved:00006;Estación Meteorológica - Centro;2025-02-14 21:20:26;0,25;0,25;0,25;Validado Manual;;;
MVD:WeatherObserved:00006;Estación Meteorológica - Centro;2025-02-14 21:25:26;0,25;0,25;0,25;Validado Manual;;;
MVD:WeatherObserved:00006;Estación Meteorológica - Centro;2025-02-14 21:30:26;0,25;0,25;0,25;Validado Manual;;;
MVD:WeatherObserved:00006;Estación Meteorológica - Centro;2025-02-14 21:35:26;0,25;0,25;0,25;Validado Manual;;;
MVD:WeatherObserved:00006;Estación Meteorológica - Centro;2025-02-14 21:40:26;0,25;0,25;0,25;Validado Manual;;;
MVD:WeatherObserved:00006;Estación Meteorológica - Centro;2025-02-14 21:45:26;0,25;0,25;0,25;Validado Manual;;;
MVD:WeatherObserved:00006;Estación Meteorológica - Centro;2025-02-14 21:50:26;0,25;0,25;0,25;Validado Manual;;;
MVD:WeatherObserved:00006;Estación Meteorológica - Centro;2025-02-14 21:55:27;0,25;0,25;0,25;Validado Manual;;;
MVD:WeatherObserved:00006;Estación Meteorológica - Centro;2025-02-14 22:00:27;0,25;0,25;0,25;Validado Manual;;;
MVD:WeatherObserved:00006;Estación Meteorológica - Centro;2025-02-14 22:05:27;0,25;0,25;0,25;Validado Manual;;;
MVD:WeatherObserved:00006;Estación Meteorológica - Centro;2025-02-14 22:10:27;0,25;0,25;0,25;Validado Manual;;;
MVD:WeatherObserved:00006;Estación Meteorológica - Centro;2025-02-14 22:15:27;0,25;0,25;0,25;Validado Manual;;;
MVD:WeatherObserved:00006;Estación Meteorológica - Centro;2025-02-14 22:20:27;0,25;0,25;0,25;Validado Manual;;;
MVD:WeatherObserved:00006;Estación Meteorológica - Centro;2025-02-14 22:25:27;0,25;0,25;0,25;Validado Manual;;;
MVD:WeatherObserved:00006;Estación Meteorológica - Centro;2025-02-14 22:30:27;0,25;0,25;0,25;Validado Manual;;;
MVD:WeatherObserved:00006;Estación Meteorológica - Centro;2025-02-14 22:35:27;0,25;0,25;0,25;Validado Manual;;;
MVD:WeatherObserved:00006;Estación Meteorológica - Centro;2025-02-14 22:40:27;0,25;0,25;0,25;Validado Manual;;;
MVD:WeatherObserved:00006;Estación Meteorológica - Centro;2025-02-14 22:45:27;0,25;0,25;0,25;Validado Manual;;;
MVD:WeatherObserved:00006;Estación Meteorológica - Centro;2025-02-14 22:50:27;0,25;0,25;0,25;Validado Manual;;;
MVD:WeatherObserved:00006;Estación Meteorológica - Centro;2025-02-14 22:55:27;0,25;0,25;0,25;Validado Manual;;;
MVD:WeatherObserved:00006;Estación Meteorológica - Centro;2025-02-14 23:00:27;0,25;0,25;0,25;Validado Manual;;;
MVD:WeatherObserved:00006;Estación Meteorológica - Centro;2025-02-14 23:05:27;0,25;0,25;0,25;Validado Manual;;;
MVD:WeatherObserved:00006;Estación Meteorológica - Centro;2025-02-14 23:10:27;0,25;0,25;0,25;Validado Manual;;;
MVD:WeatherObserved:00006;Estación Meteorológica - Centro;2025-02-14 23:15:28;0,25;0,25;0,25;Validado Manual;;;
MVD:WeatherObserved:00006;Estación Meteorológica - Centro;2025-02-14 23:20:28;0,25;0,25;0,25;Validado Manual;;;
MVD:WeatherObserved:00006;Estación Meteorológica - Centro;2025-02-14 23:25:28;0,25;0,25;0,25;Validado Manual;;;
MVD:WeatherObserved:00006;Estación Meteorológica - Centro;2025-02-14 23:30:28;0,25;0,25;0,25;Validado Manual;;;
MVD:WeatherObserved:00006;Estación Meteorológica - Centro;2025-02-14 23:35:28;0,25;0,25;0,25;Validado Manual;;;
MVD:WeatherObserved:00006;Estación Meteorológica - Centro;2025-02-14 23:40:28;0,25;0,25;0,25;Validado Manual;;;
MVD:WeatherObserved:00006;Estación Meteorológica - Centro;2025-02-14 23:45:28;0,25;0,25;0,25;Validado Manual;;;
MVD:WeatherObserved:00006;Estación Meteorológica - Centro;2025-02-14 23:50:28;0,25;0,25;0,25;Validado Manual;;;
MVD:WeatherObserved:00006;Estación Meteorológica - Centro;2025-02-14 23:55:28;0,25;0,25;0,25;Validado Manual;;;
MVD:WeatherObserved:00006;Estación Meteorológica - Centro;2025-02-15 00:00:28;0;0;;Validado Manual;;;
MVD:WeatherObserved:00006;Estación Meteorológica - Centro;2025-02-15 00:05:28;0;0;;Validado Manual;;;
MVD:WeatherObserved:00006;Estación Meteorológica - Centro;2025-02-15 00:10:28;0;0;;Validado Manual;;;
MVD:WeatherObserved:00006;Estación Meteorológica - Centro;2025-02-15 00:15:28;0;0;;Validado Manual;;;
MVD:WeatherObserved:00006;Estación Meteorológica - Centro;2025-02-15 00:20:29;0;0;;Validado Manual;;;
MVD:WeatherObserved:00006;Estación Meteorológica - Centro;2025-02-15 00:25:29;0;0;;Validado Manual;;;
MVD:WeatherObserved:00006;Estación Meteorológica - Centro;2025-02-15 00:30:29;0;0;;Validado Manual;;;
MVD:WeatherObserved:00006;Estación Meteorológica - Centro;2025-02-15 00:35:29;0;0;;Validado Manual;;;
MVD:WeatherObserved:00006;Estación Meteorológica - Centro;2025-02-15 00:40:29;0;0;;Validado Manual;;;
MVD:WeatherObserved:00006;Estación Meteorológica - Centro;2025-02-15 00:45:29;0;0;;Validado Manual;;;
MVD:WeatherObserved:00006;Estación Meteorológica - Centro;2025-02-15 00:50:29;0;0;;Validado Manual;;;
MVD:WeatherObserved:00006;Estación Meteorológica - Centro;2025-02-15 00:55:29;0;0;;Validado Manual;;;
MVD:WeatherObserved:00006;Estación Meteorológica - Centro;2025-02-15 01:00:29;0;0;;Validado Manual;;;
MVD:WeatherObserved:00006;Estación Meteorológica - Centro;2025-02-15 01:05:29;0;0;;Validado Manual;;;
MVD:WeatherObserved:00006;Estación Meteorológica - Centro;2025-02-15 01:10:29;0;0;;Validado Manual;;;
MVD:WeatherObserved:00006;Estación Meteorológica - Centro;2025-02-15 01:15:29;0;0;;Validado Manual;;;
MVD:WeatherObserved:00006;Estación Meteorológica - Centro;2025-02-15 01:20:29;0;0;;Validado Manual;;;
MVD:WeatherObserved:00006;Estación Meteorológica - Centro;2025-02-15 01:25:29;0;0;;Validado Manual;;;
MVD:WeatherObserved:00006;Estación Meteorológica - Centro;2025-02-15 01:30:29;0;0;;Validado Manual;;;
MVD:WeatherObserved:00006;Estación Meteorológica - Centro;2025-02-15 01:35:30;0;0;;Validado Manual;;;
MVD:WeatherObserved:00006;Estación Meteorológica - Centro;2025-02-15 01:40:30;0;0;;Validado Manual;;;
MVD:WeatherObserved:00006;Estación Meteorológica - Centro;2025-02-15 01:45:30;0;0;;Validado Manual;;;
MVD:WeatherObserved:00006;Estación Meteorológica - Centro;2025-02-15 01:50:30;0;0;;Validado Manual;;;
MVD:WeatherObserved:00006;Estación Meteorológica - Centro;2025-02-15 01:55:30;0;0;;Validado Manual;;;
MVD:WeatherObserved:00006;Estación Meteorológica - Centro;2025-02-15 02:00:30;0;0;;Validado Manual;;;
MVD:WeatherObserved:00006;Estación Meteorológica - Centro;2025-02-15 02:05:30;0;0;;Validado Manual;;;
MVD:WeatherObserved:00006;Estación Meteorológica - Centro;2025-02-15 02:10:30;0;0;;Validado Manual;;;
MVD:WeatherObserved:00006;Estación Meteorológica - Centro;2025-02-15 02:15:30;0;0;;Validado Manual;;;
MVD:WeatherObserved:00006;Estación Meteorológica - Centro;2025-02-15 02:20:30;0;0;;Validado Manual;;;
MVD:WeatherObserved:00006;Estación Meteorológica - Centro;2025-02-15 02:25:30;0;0;;Validado Manual;;;
MVD:WeatherObserved:00006;Estación Meteorológica - Centro;2025-02-15 02:30:30;0;0;;Validado Manual;;;
MVD:WeatherObserved:00006;Estación Meteorológica - Centro;2025-02-15 02:35:30;0;0;;Validado Manual;;;
MVD:WeatherObserved:00006;Estación Meteorológica - Centro;2025-02-15 02:40:30;0;0;;Validado Manual;;;
MVD:WeatherObserved:00006;Estación Meteorológica - Centro;2025-02-15 02:45:31;0;0;;Validado Manual;;;
MVD:WeatherObserved:00006;Estación Meteorológica - Centro;2025-02-15 02:50:31;0;0;;Validado Manual;;;
MVD:WeatherObserved:00006;Estación Meteorológica - Centro;2025-02-15 02:55:31;0;0;;Validado Manual;;;
MVD:WeatherObserved:00006;Estación Meteorológica - Centro;2025-02-15 03:00:31;0;0;;Validado Manual;;;
MVD:WeatherObserved:00006;Estación Meteorológica - Centro;2025-02-15 03:05:31;0;0;;Validado Manual;;;
MVD:WeatherObserved:00006;Estación Meteorológica - Centro;2025-02-15 03:10:31;0;0;;Validado Manual;;;
MVD:WeatherObserved:00006;Estación Meteorológica - Centro;2025-02-15 03:15:31;0;0;;Validado Manual;;;
MVD:WeatherObserved:00006;Estación Meteorológica - Centro;2025-02-15 03:20:31;0;0;;Validado Manual;;;
MVD:WeatherObserved:00006;Estación Meteorológica - Centro;2025-02-15 03:25:31;0;0;;Validado Manual;;;
MVD:WeatherObserved:00006;Estación Meteorológica - Centro;2025-02-15 03:30:31;0;0;;Validado Manual;;;
MVD:WeatherObserved:00006;Estación Meteorológica - Centro;2025-02-15 03:35:31;0;0;;Validado Manual;;;
MVD:WeatherObserved:00006;Estación Meteorológica - Centro;2025-02-15 03:40:31;0;0;;Validado Manual;;;
MVD:WeatherObserved:00006;Estación Meteorológica - Centro;2025-02-15 03:45:31;0;0;;Validado Manual;;;
MVD:WeatherObserved:00006;Estación Meteorológica - Centro;2025-02-15 03:50:31;0;0;;Validado Manual;;;
MVD:WeatherObserved:00006;Estación Meteorológica - Centro;2025-02-15 03:55:31;0;0;;Validado Manual;;;
MVD:WeatherObserved:00006;Estación Meteorológica - Centro;2025-02-15 04:00:32;0;0;;Validado Manual;;;
MVD:WeatherObserved:00006;Estación Meteorológica - Centro;2025-02-15 04:05:32;0;0;;Validado Manual;;;
MVD:WeatherObserved:00006;Estación Meteorológica - Centro;2025-02-15 04:10:32;0;0;;Validado Manual;;;
MVD:WeatherObserved:00006;Estación Meteorológica - Centro;2025-02-15 04:15:32;0;0;;Validado Manual;;;
MVD:WeatherObserved:00006;Estación Meteorológica - Centro;2025-02-15 04:20:32;0;0;;Validado Manual;;;
MVD:WeatherObserved:00006;Estación Meteorológica - Centro;2025-02-15 04:25:32;0;0;;Validado Manual;;;
MVD:WeatherObserved:00006;Estación Meteorológica - Centro;2025-02-15 04:30:32;0;0;;Validado Manual;;;
MVD:WeatherObserved:00006;Estación Meteorológica - Centro;2025-02-15 04:35:32;0;0;;Validado Manual;;;
MVD:WeatherObserved:00006;Estación Meteorológica - Centro;2025-02-15 04:40:32;0;0;;Validado Manual;;;
MVD:WeatherObserved:00006;Estación Meteorológica - Centro;2025-02-15 04:45:32;0;0;;Validado Manual;;;
MVD:WeatherObserved:00006;Estación Meteorológica - Centro;2025-02-15 04:50:32;0;0;;Validado Manual;;;
MVD:WeatherObserved:00006;Estación Meteorológica - Centro;2025-02-15 04:55:32;0;0;;Validado Manual;;;
MVD:WeatherObserved:00006;Estación Meteorológica - Centro;2025-02-15 05:00:32;0;0;;Validado Manual;;;
MVD:WeatherObserved:00006;Estación Meteorológica - Centro;2025-02-15 05:05:32;0;0;;Validado Manual;;;
MVD:WeatherObserved:00006;Estación Meteorológica - Centro;2025-02-15 05:10:32;0;0;;Validado Manual;;;
MVD:WeatherObserved:00006;Estación Meteorológica - Centro;2025-02-15 05:15:32;0;0;;Validado Manual;;;
MVD:WeatherObserved:00006;Estación Meteorológica - Centro;2025-02-15 05:20:33;0;0;;Validado Manual;;;
MVD:WeatherObserved:00006;Estación Meteorológica - Centro;2025-02-15 05:25:33;0;0;;Validado Manual;;;
MVD:WeatherObserved:00006;Estación Meteorológica - Centro;2025-02-15 05:30:33;0;0;;Validado Manual;;;
MVD:WeatherObserved:00006;Estación Meteorológica - Centro;2025-02-15 05:35:33;0;0;;Validado Manual;;;
MVD:WeatherObserved:00006;Estación Meteorológica - Centro;2025-02-15 05:40:33;0;0;;Validado Manual;;;
MVD:WeatherObserved:00006;Estación Meteorológica - Centro;2025-02-15 05:45:33;0;0;;Validado Manual;;;
MVD:WeatherObserved:00006;Estación Meteorológica - Centro;2025-02-15 05:50:33;0;0;;Validado Manual;;;
MVD:WeatherObserved:00006;Estación Meteorológica - Centro;2025-02-15 05:55:33;0;0;;Validado Manual;;;
MVD:WeatherObserved:00006;Estación Meteorológica - Centro;2025-02-15 06:00:33;0;0;;Validado Manual;;;
MVD:WeatherObserved:00006;Estación Meteorológica - Centro;2025-02-15 06:05:33;0;0;;Validado Manual;;;
MVD:WeatherObserved:00006;Estación Meteorológica - Centro;2025-02-15 06:10:33;0;0;;Validado Manual;;;
MVD:WeatherObserved:00006;Estación Meteorológica - Centro;2025-02-15 06:15:33;0;0;;Validado Manual;;;
MVD:WeatherObserved:00006;Estación Meteorológica - Centro;2025-02-15 06:20:33;0;0;;Validado Manual;;;
MVD:WeatherObserved:00006;Estación Meteorológica - Centro;2025-02-15 06:25:33;0;0;;Validado Manual;;;
MVD:WeatherObserved:00006;Estación Meteorológica - Centro;2025-02-15 06:30:34;0;0;;Validado Manual;;;
MVD:WeatherObserved:00006;Estación Meteorológica - Centro;2025-02-15 06:35:34;0;0;;Validado Manual;;;
MVD:WeatherObserved:00006;Estación Meteorológica - Centro;2025-02-15 06:40:34;0;0;;Validado Manual;;;
MVD:WeatherObserved:00006;Estación Meteorológica - Centro;2025-02-15 06:45:34;0;0;;Validado Manual;;;
MVD:WeatherObserved:00006;Estación Meteorológica - Centro;2025-02-15 06:50:34;0;0;;Validado Manual;;;
MVD:WeatherObserved:00006;Estación Meteorológica - Centro;2025-02-15 06:55:34;0;0;;Validado Manual;;;
MVD:WeatherObserved:00006;Estación Meteorológica - Centro;2025-02-15 07:00:34;0;0;;Validado Manual;;;
MVD:WeatherObserved:00006;Estación Meteorológica - Centro;2025-02-15 07:05:34;0;0;;Validado Manual;;;
MVD:WeatherObserved:00006;Estación Meteorológica - Centro;2025-02-15 07:10:34;0;0;;Validado Manual;;;
MVD:WeatherObserved:00006;Estación Meteorológica - Centro;2025-02-15 07:15:34;0;0;;Validado Manual;;;
MVD:WeatherObserved:00006;Estación Meteorológica - Centro;2025-02-15 07:20:34;0;0;;Validado Manual;;;
MVD:WeatherObserved:00006;Estación Meteorológica - Centro;2025-02-15 07:25:34;0;0;;Validado Manual;;;
MVD:WeatherObserved:00006;Estación Meteorológica - Centro;2025-02-15 07:30:34;0;0;;Validado Manual;;;
MVD:WeatherObserved:00006;Estación Meteorológica - Centro;2025-02-15 07:35:34;0;0;;Validado Manual;;;
MVD:WeatherObserved:00006;Estación Meteorológica - Centro;2025-02-15 07:40:35;0;0;;Validado Manual;;;
MVD:WeatherObserved:00006;Estación Meteorológica - Centro;2025-02-15 07:45:35;0;0;;Validado Manual;;;
MVD:WeatherObserved:00006;Estación Meteorológica - Centro;2025-02-15 07:50:35;0;0;;Validado Manual;;;
MVD:WeatherObserved:00006;Estación Meteorológica - Centro;2025-02-15 07:55:35;0;0;;Validado Manual;;;
MVD:WeatherObserved:00006;Estación Meteorológica - Centro;2025-02-15 08:00:35;0;0;;Validado Manual;;;
MVD:WeatherObserved:00006;Estación Meteorológica - Centro;2025-02-15 08:05:35;0,25;0,25;0,25;Validado Manual;;;
MVD:WeatherObserved:00006;Estación Meteorológica - Centro;2025-02-15 08:10:35;0,25;0,25;0,25;Validado Manual;;;
MVD:WeatherObserved:00006;Estación Meteorológica - Centro;2025-02-15 08:15:35;0,25;0,25;0,25;Validado Manual;;;
MVD:WeatherObserved:00006;Estación Meteorológica - Centro;2025-02-15 08:20:35;0,25;0,25;0,25;Validado Manual;;;
MVD:WeatherObserved:00006;Estación Meteorológica - Centro;2025-02-15 08:25:35;0,25;0,25;0,25;Validado Manual;;;
MVD:WeatherObserved:00006;Estación Meteorológica - Centro;2025-02-15 08:30:35;0,25;0,25;0,25;Validado Manual;;;
MVD:WeatherObserved:00006;Estación Meteorológica - Centro;2025-02-15 08:35:35;0,25;0,25;0,25;Validado Manual;;;
MVD:WeatherObserved:00006;Estación Meteorológica - Centro;2025-02-15 08:40:35;0,25;0,25;0,25;Validado Manual;;;
MVD:WeatherObserved:00006;Estación Meteorológica - Centro;2025-02-15 08:45:35;0,25;0,25;0,25;Validado Manual;;;
MVD:WeatherObserved:00006;Estación Meteorológica - Centro;2025-02-15 08:50:35;0,25;0,25;0,25;Validado Manual;;;
MVD:WeatherObserved:00006;Estación Meteorológica - Centro;2025-02-15 08:55:36;0,25;0,25;0,25;Validado Manual;;;
MVD:WeatherObserved:00006;Estación Meteorológica - Centro;2025-02-15 09:00:36;0,25;0,25;0,25;Validado Manual;;;
MVD:WeatherObserved:00006;Estación Meteorológica - Centro;2025-02-15 09:05:36;0,25;0,25;0,25;Validado Manual;;;
MVD:WeatherObserved:00006;Estación Meteorológica - Centro;2025-02-15 09:10:36;0,25;0,25;0,25;Validado Manual;;;
MVD:WeatherObserved:00006;Estación Meteorológica - Centro;2025-02-15 09:15:36;0,25;0,25;0,25;Validado Manual;;;
MVD:WeatherObserved:00006;Estación Meteorológica - Centro;2025-02-15 09:20:36;0,25;0,25;0,25;Validado Manual;;;
MVD:WeatherObserved:00006;Estación Meteorológica - Centro;2025-02-15 09:25:36;0,25;0,25;0,25;Validado Manual;;;
MVD:WeatherObserved:00006;Estación Meteorológica - Centro;2025-02-15 09:30:36;0,25;0,25;0,25;Validado Manual;;;
MVD:WeatherObserved:00006;Estación Meteorológica - Centro;2025-02-15 09:35:36;0,25;0,25;0,25;Validado Manual;;;
MVD:WeatherObserved:00006;Estación Meteorológica - Centro;2025-02-15 09:40:36;0,25;0,25;0,25;Validado Manual;;;
MVD:WeatherObserved:00006;Estación Meteorológica - Centro;2025-02-15 09:45:36;0,25;0,25;0,25;Validado Manual;;;
MVD:WeatherObserved:00006;Estación Meteorológica - Centro;2025-02-15 09:50:36;0,25;0,25;0,25;Validado Manual;;;
MVD:WeatherObserved:00006;Estación Meteorológica - Centro;2025-02-15 09:55:36;0,25;0,25;0,25;Validado Manual;;;
MVD:WeatherObserved:00006;Estación Meteorológica - Centro;2025-02-15 10:00:36;0,25;0,25;0,25;Validado Manual;;;
MVD:WeatherObserved:00006;Estación Meteorológica - Centro;2025-02-15 10:05:36;0,25;0,25;0,25;Validado Manual;;;
MVD:WeatherObserved:00006;Estación Meteorológica - Centro;2025-02-15 10:10:36;0,25;0,25;0,25;Validado Manual;;;
MVD:WeatherObserved:00006;Estación Meteorológica - Centro;2025-02-15 10:15:37;0,25;0,25;0,25;Validado Manual;;;
MVD:WeatherObserved:00006;Estación Meteorológica - Centro;2025-02-15 10:20:37;0,25;0,25;0,25;Validado Manual;;;
MVD:WeatherObserved:00006;Estación Meteorológica - Centro;2025-02-15 10:25:37;0,25;0,25;0,25;Validado Manual;;;
MVD:WeatherObserved:00006;Estación Meteorológica - Centro;2025-02-15 10:30:37;0,25;0,25;0,25;Validado Manual;;;
MVD:WeatherObserved:00006;Estación Meteorológica - Centro;2025-02-15 10:35:37;0,25;0,25;0,25;Validado Manual;;;
MVD:WeatherObserved:00006;Estación Meteorológica - Centro;2025-02-15 10:40:37;0,25;0,25;0,25;Validado Manual;;;
MVD:WeatherObserved:00006;Estación Meteorológica - Centro;2025-02-15 10:45:37;0,25;0,25;0,25;Validado Manual;;;
MVD:WeatherObserved:00006;Estación Meteorológica - Centro;2025-02-15 10:50:37;0,25;0,25;0,25;Validado Manual;;;
MVD:WeatherObserved:00006;Estación Meteorológica - Centro;2025-02-15 10:55:37;0,25;0,25;0,25;Validado Manual;;;
MVD:WeatherObserved:00006;Estación Meteorológica - Centro;2025-02-15 11:00:37;0,25;0,25;0,25;Validado Manual;;;
MVD:WeatherObserved:00006;Estación Meteorológica - Centro;2025-02-15 11:05:37;0,25;0,25;0,25;Validado Manual;;;
MVD:WeatherObserved:00006;Estación Meteorológica - Centro;2025-02-15 11:10:37;0,25;0,25;0,25;Validado Manual;;;
MVD:WeatherObserved:00006;Estación Meteorológica - Centro;2025-02-15 11:15:37;0,25;0,25;0,25;Validado Manual;;;
MVD:WeatherObserved:00006;Estación Meteorológica - Centro;2025-02-15 11:20:37;0,25;0,25;0,25;Validado Manual;;;
MVD:WeatherObserved:00006;Estación Meteorológica - Centro;2025-02-15 11:25:38;0,25;0,25;0,25;Validado Manual;;;
MVD:WeatherObserved:00006;Estación Meteorológica - Centro;2025-02-15 11:30:38;0,25;0,25;0,25;Validado Manual;;;
MVD:WeatherObserved:00006;Estación Meteorológica - Centro;2025-02-15 11:35:38;0,25;0,25;0,25;Validado Manual;;;
MVD:WeatherObserved:00006;Estación Meteorológica - Centro;2025-02-15 11:40:38;0,25;0,25;0,25;Validado Manual;;;
MVD:WeatherObserved:00006;Estación Meteorológica - Centro;2025-02-15 11:45:38;0,25;0,25;0,25;Validado Manual;;;
MVD:WeatherObserved:00006;Estación Meteorológica - Centro;2025-02-15 11:50:38;0,25;0,25;0,25;Validado Manual;;;
MVD:WeatherObserved:00006;Estación Meteorológica - Centro;2025-02-15 11:55:38;0,25;0,25;0,25;Validado Manual;;;
MVD:WeatherObserved:00006;Estación Meteorológica - Centro;2025-02-15 12:00:38;0,25;0,25;0,25;Validado Manual;;;
MVD:WeatherObserved:00006;Estación Meteorológica - Centro;2025-02-15 12:05:38;0,25;0,25;0,25;Validado Manual;;;
MVD:WeatherObserved:00006;Estación Meteorológica - Centro;2025-02-15 12:10:38;0,25;0,25;0,25;Validado Manual;;;
MVD:WeatherObserved:00006;Estación Meteorológica - Centro;2025-02-15 12:15:38;0,25;0,25;0,25;Validado Manual;;;
MVD:WeatherObserved:00006;Estación Meteorológica - Centro;2025-02-15 12:20:38;0,25;0,25;0,25;Validado Manual;;;
MVD:WeatherObserved:00006;Estación Meteorológica - Centro;2025-02-15 12:25:38;0,25;0,25;0,25;Validado Manual;;;
MVD:WeatherObserved:00006;Estación Meteorológica - Centro;2025-02-15 12:30:38;0,25;0,25;0,25;Validado Manual;;;
MVD:WeatherObserved:00006;Estación Meteorológica - Centro;2025-02-15 12:35:38;0,25;0,25;0,25;Validado Manual;;;
MVD:WeatherObserved:00006;Estación Meteorológica - Centro;2025-02-15 12:40:38;0,25;0,25;0,25;Validado Manual;;;
MVD:WeatherObserved:00006;Estación Meteorológica - Centro;2025-02-15 12:45:38;0,25;0,25;0,25;Validado Manual;;;
MVD:WeatherObserved:00006;Estación Meteorológica - Centro;2025-02-15 12:50:39;0,25;0,25;0,25;Validado Manual;;;
MVD:WeatherObserved:00006;Estación Meteorológica - Centro;2025-02-15 12:55:39;0,25;0,25;0,25;Validado Manual;;;
MVD:WeatherObserved:00006;Estación Meteorológica - Centro;2025-02-15 13:00:39;0,25;0,25;0,25;Validado Manual;;;
MVD:WeatherObserved:00006;Estación Meteorológica - Centro;2025-02-15 13:05:39;0,25;0,25;0,25;Validado Manual;;;
MVD:WeatherObserved:00006;Estación Meteorológica - Centro;2025-02-15 13:10:39;0,25;0,25;0,25;Validado Manual;;;
MVD:WeatherObserved:00006;Estación Meteorológica - Centro;2025-02-15 13:15:39;0,25;0,25;0,25;Validado Manual;;;
MVD:WeatherObserved:00006;Estación Meteorológica - Centro;2025-02-15 13:20:39;0,25;0,25;0,25;Validado Manual;;;
MVD:WeatherObserved:00006;Estación Meteorológica - Centro;2025-02-15 13:25:39;0,25;0,25;0,25;Validado Manual;;;
MVD:WeatherObserved:00006;Estación Meteorológica - Centro;2025-02-15 13:30:39;0,25;0,25;0,25;Validado Manual;;;
MVD:WeatherObserved:00006;Estación Meteorológica - Centro;2025-02-15 13:35:39;0,25;0,25;0,25;Validado Manual;;;
MVD:WeatherObserved:00006;Estación Meteorológica - Centro;2025-02-15 13:40:39;0,25;0,25;0,25;Validado Manual;;;
MVD:WeatherObserved:00006;Estación Meteorológica - Centro;2025-02-15 13:45:39;0,25;0,25;0,25;Validado Manual;;;
MVD:WeatherObserved:00006;Estación Meteorológica - Centro;2025-02-15 13:50:39;0,25;0,25;0,25;Validado Manual;;;
MVD:WeatherObserved:00006;Estación Meteorológica - Centro;2025-02-15 13:55:39;0,25;0,25;0,25;Validado Manual;;;
MVD:WeatherObserved:00006;Estación Meteorológica - Centro;2025-02-15 14:00:39;0,25;0,25;0,25;Validado Manual;;;
MVD:WeatherObserved:00006;Estación Meteorológica - Centro;2025-02-15 14:05:40;0,25;0,25;0,25;Validado Manual;;;
MVD:WeatherObserved:00006;Estación Meteorológica - Centro;2025-02-15 14:10:40;0,25;0,25;0,25;Validado Manual;;;
MVD:WeatherObserved:00006;Estación Meteorológica - Centro;2025-02-15 14:15:40;0,25;0,25;0,25;Validado Manual;;;
MVD:WeatherObserved:00006;Estación Meteorológica - Centro;2025-02-15 14:20:40;0,25;0,25;0,25;Validado Manual;;;
MVD:WeatherObserved:00006;Estación Meteorológica - Centro;2025-02-15 14:25:40;0,25;0,25;0,25;Validado Manual;;;
MVD:WeatherObserved:00006;Estación Meteorológica - Centro;2025-02-15 14:30:40;0,25;0,25;0,25;Validado Manual;;;
MVD:WeatherObserved:00006;Estación Meteorológica - Centro;2025-02-15 14:35:40;0,25;0,25;0,25;Validado Manual;;;
MVD:WeatherObserved:00006;Estación Meteorológica - Centro;2025-02-15 14:40:40;0,25;0,25;0,25;Validado Manual;;;
MVD:WeatherObserved:00006;Estación Meteorológica - Centro;2025-02-15 14:45:40;0,25;0,25;0,25;Validado Manual;;;
MVD:WeatherObserved:00006;Estación Meteorológica - Centro;2025-02-15 14:50:40;0,25;0,25;0,25;Validado Manual;;;
MVD:WeatherObserved:00006;Estación Meteorológica - Centro;2025-02-15 14:55:40;0,25;0,25;0,25;Validado Manual;;;
MVD:WeatherObserved:00006;Estación Meteorológica - Centro;2025-02-15 15:00:40;0,25;0,25;0,25;Validado Manual;;;
MVD:WeatherObserved:00006;Estación Meteorológica - Centro;2025-02-15 15:05:40;0,25;0,25;0,25;Validado Manual;;;
MVD:WeatherObserved:00006;Estación Meteorológica - Centro;2025-02-15 15:10:40;0,25;0,25;0,25;Validado Manual;;;
MVD:WeatherObserved:00006;Estación Meteorológica - Centro;2025-02-15 15:15:40;0,25;0,25;0,25;Validado Manual;;;
MVD:WeatherObserved:00006;Estación Meteorológica - Centro;2025-02-15 15:20:40;0,25;0,25;0,25;Validado Manual;;;
MVD:WeatherObserved:00006;Estación Meteorológica - Centro;2025-02-15 15:25:40;0,25;0,25;0,25;Validado Manual;;;
MVD:WeatherObserved:00006;Estación Meteorológica - Centro;2025-02-15 15:30:41;0,25;0,25;0,25;Validado Manual;;;
MVD:WeatherObserved:00006;Estación Meteorológica - Centro;2025-02-15 15:35:41;0,25;0,25;0,25;Validado Manual;;;
MVD:WeatherObserved:00006;Estación Meteorológica - Centro;2025-02-15 15:40:41;0,25;0,25;0,25;Validado Manual;;;
MVD:WeatherObserved:00006;Estación Meteorológica - Centro;2025-02-15 15:45:41;0,25;0,25;0,25;Validado Manual;;;
MVD:WeatherObserved:00006;Estación Meteorológica - Centro;2025-02-15 15:50:41;0,25;0,25;0,25;Validado Manual;;;
MVD:WeatherObserved:00006;Estación Meteorológica - Centro;2025-02-15 15:55:41;0,25;0,25;0,25;Validado Manual;;;
MVD:WeatherObserved:00006;Estación Meteorológica - Centro;2025-02-15 16:00:41;0,25;0,25;0,25;Validado Manual;;;
MVD:WeatherObserved:00006;Estación Meteorológica - Centro;2025-02-15 16:05:41;0,25;0,25;0,25;Validado Manual;;;
MVD:WeatherObserved:00006;Estación Meteorológica - Centro;2025-02-15 16:10:41;0,25;0,25;0,25;Validado Manual;;;
MVD:WeatherObserved:00006;Estación Meteorológica - Centro;2025-02-15 16:15:41;0,25;0,25;0,25;Validado Manual;;;
MVD:WeatherObserved:00006;Estación Meteorológica - Centro;2025-02-15 16:20:41;0,25;0,25;0,25;Validado Manual;;;
MVD:WeatherObserved:00006;Estación Meteorológica - Centro;2025-02-15 16:25:41;0,25;0,25;0,25;Validado Manual;;;
MVD:WeatherObserved:00006;Estación Meteorológica - Centro;2025-02-15 16:30:41;0,25;0,25;0,25;Validado Manual;;;
MVD:WeatherObserved:00006;Estación Meteorológica - Centro;2025-02-15 16:35:41;0,25;0,25;0,25;Validado Manual;;;
MVD:WeatherObserved:00006;Estación Meteorológica - Centro;2025-02-15 16:40:42;0,25;0,25;0,25;Validado Manual;;;
MVD:WeatherObserved:00006;Estación Meteorológica - Centro;2025-02-15 16:45:42;0,25;0,25;0,25;Validado Manual;;;
MVD:WeatherObserved:00006;Estación Meteorológica - Centro;2025-02-15 16:50:42;0,25;0,25;0,25;Validado Manual;;;
MVD:WeatherObserved:00006;Estación Meteorológica - Centro;2025-02-15 16:55:42;0,25;0,25;0,25;Validado Manual;;;
MVD:WeatherObserved:00006;Estación Meteorológica - Centro;2025-02-15 17:00:42;0,25;0,25;0,25;Validado Manual;;;
MVD:WeatherObserved:00006;Estación Meteorológica - Centro;2025-02-15 17:05:42;0,25;0,25;0,25;Validado Manual;;;
MVD:WeatherObserved:00006;Estación Meteorológica - Centro;2025-02-15 17:10:42;0,25;0,25;0,25;Validado Manual;;;
MVD:WeatherObserved:00006;Estación Meteorológica - Centro;2025-02-15 17:15:42;0,25;0,25;0,25;Validado Manual;;;
MVD:WeatherObserved:00006;Estación Meteorológica - Centro;2025-02-15 17:20:42;0,25;0,25;0,25;Validado Manual;;;
MVD:WeatherObserved:00006;Estación Meteorológica - Centro;2025-02-15 17:25:42;0,25;0,25;0,25;Validado Manual;;;
MVD:WeatherObserved:00006;Estación Meteorológica - Centro;2025-02-15 17:30:42;0,25;0,25;0,25;Validado Manual;;;
MVD:WeatherObserved:00006;Estación Meteorológica - Centro;2025-02-15 17:35:44;0,25;0,25;0,25;Validado Manual;;;
MVD:WeatherObserved:00006;Estación Meteorológica - Centro;2025-02-15 17:40:42;0,25;0,25;0,25;Validado Manual;;;
MVD:WeatherObserved:00006;Estación Meteorológica - Centro;2025-02-15 17:45:42;0,25;0,25;0,25;Validado Manual;;;
MVD:WeatherObserved:00006;Estación Meteorológica - Centro;2025-02-15 17:50:43;0,25;0,25;0,25;Validado Manual;;;
MVD:WeatherObserved:00006;Estación Meteorológica - Centro;2025-02-15 17:55:43;0,25;0,25;0,25;Validado Manual;;;
MVD:WeatherObserved:00006;Estación Meteorológica - Centro;2025-02-15 18:00:43;0,25;0,25;0,25;Validado Manual;;;
MVD:WeatherObserved:00006;Estación Meteorológica - Centro;2025-02-15 18:05:43;0,25;0,25;0,25;Validado Manual;;;
MVD:WeatherObserved:00006;Estación Meteorológica - Centro;2025-02-15 18:10:43;0,25;0,25;0,25;Validado Manual;;;
MVD:WeatherObserved:00006;Estación Meteorológica - Centro;2025-02-15 18:15:43;0,25;0,25;0,25;Validado Manual;;;
MVD:WeatherObserved:00006;Estación Meteorológica - Centro;2025-02-15 18:20:43;0,25;0,25;0,25;Validado Manual;;;
MVD:WeatherObserved:00006;Estación Meteorológica - Centro;2025-02-15 18:25:43;0,25;0,25;0,25;Validado Manual;;;
MVD:WeatherObserved:00006;Estación Meteorológica - Centro;2025-02-15 18:30:43;0,25;0,25;0,25;Validado Manual;;;
MVD:WeatherObserved:00006;Estación Meteorológica - Centro;2025-02-15 18:35:43;0,25;0,25;0,25;Validado Manual;;;
MVD:WeatherObserved:00006;Estación Meteorológica - Centro;2025-02-15 18:40:44;0,25;0,25;0,25;Validado Manual;;;
MVD:WeatherObserved:00006;Estación Meteorológica - Centro;2025-02-15 18:45:43;0,25;0,25;0,25;Validado Manual;;;
MVD:WeatherObserved:00006;Estación Meteorológica - Centro;2025-02-15 18:50:43;0,25;0,25;0,25;Validado Manual;;;
MVD:WeatherObserved:00006;Estación Meteorológica - Centro;2025-02-15 18:55:43;0,25;0,25;0,25;Validado Manual;;;
MVD:WeatherObserved:00006;Estación Meteorológica - Centro;2025-02-15 19:00:44;0,25;0,25;0,25;Validado Manual;;;
MVD:WeatherObserved:00006;Estación Meteorológica - Centro;2025-02-15 19:05:44;0,25;0,25;0,25;Validado Manual;;;
MVD:WeatherObserved:00006;Estación Meteorológica - Centro;2025-02-15 19:10:44;0,25;0,25;0,25;Validado Manual;;;
MVD:WeatherObserved:00006;Estación Meteorológica - Centro;2025-02-15 19:15:44;0,25;0,25;0,25;Validado Manual;;;
MVD:WeatherObserved:00006;Estación Meteorológica - Centro;2025-02-15 19:20:44;0,25;0,25;0,25;Validado Manual;;;
MVD:WeatherObserved:00006;Estación Meteorológica - Centro;2025-02-15 19:25:44;0,25;0,25;0,25;Validado Manual;;;
MVD:WeatherObserved:00006;Estación Meteorológica - Centro;2025-02-15 19:30:44;0,25;0,25;0,25;Validado Manual;;;
MVD:WeatherObserved:00006;Estación Meteorológica - Centro;2025-02-15 19:35:44;0,25;0,25;0,25;Validado Manual;;;
MVD:WeatherObserved:00006;Estación Meteorológica - Centro;2025-02-15 19:40:44;0,25;0,25;0,25;Validado Manual;;;
MVD:WeatherObserved:00006;Estación Meteorológica - Centro;2025-02-15 19:45:44;0,25;0,25;0,25;Validado Manual;;;
MVD:WeatherObserved:00006;Estación Meteorológica - Centro;2025-02-15 19:50:44;0,25;0,25;0,25;Validado Manual;;;
MVD:WeatherObserved:00006;Estación Meteorológica - Centro;2025-02-15 19:55:44;0,25;0,25;0,25;Validado Manual;;;
MVD:WeatherObserved:00006;Estación Meteorológica - Centro;2025-02-15 20:00:44;0,25;0,25;0,25;Validado Manual;;;
MVD:WeatherObserved:00006;Estación Meteorológica - Centro;2025-02-15 20:05:44;0,25;0,25;0,25;Validado Manual;;;
MVD:WeatherObserved:00006;Estación Meteorológica - Centro;2025-02-15 20:10:45;0,25;0,25;0,25;Validado Manual;;;
MVD:WeatherObserved:00006;Estación Meteorológica - Centro;2025-02-15 20:15:45;0,25;0,25;0,25;Validado Manual;;;
MVD:WeatherObserved:00006;Estación Meteorológica - Centro;2025-02-15 20:20:45;0,25;0,25;0,25;Validado Manual;;;
MVD:WeatherObserved:00006;Estación Meteorológica - Centro;2025-02-15 20:25:45;0,25;0,25;0,25;Validado Manual;;;
MVD:WeatherObserved:00006;Estación Meteorológica - Centro;2025-02-15 20:30:45;0,25;0,25;0,25;Validado Manual;;;
MVD:WeatherObserved:00006;Estación Meteorológica - Centro;2025-02-15 20:35:45;0,25;0,25;0,25;Validado Manual;;;
MVD:WeatherObserved:00006;Estación Meteorológica - Centro;2025-02-15 20:40:45;0,25;0,25;0,25;Validado Manual;;;
MVD:WeatherObserved:00006;Estación Meteorológica - Centro;2025-02-15 20:45:45;0,25;0,25;0,25;Validado Manual;;;
MVD:WeatherObserved:00006;Estación Meteorológica - Centro;2025-02-15 20:50:45;0,25;0,25;0,25;Validado Manual;;;
MVD:WeatherObserved:00006;Estación Meteorológica - Centro;2025-02-15 20:55:45;0,25;0,25;0,25;Validado Manual;;;
MVD:WeatherObserved:00006;Estación Meteorológica - Centro;2025-02-15 21:00:45;0,25;0,25;0,25;Validado Manual;;;
MVD:WeatherObserved:00006;Estación Meteorológica - Centro;2025-02-15 21:05:45;0,25;0,25;0,25;Validado Manual;;;
MVD:WeatherObserved:00006;Estación Meteorológica - Centro;2025-02-15 21:10:45;0,25;0,25;0,25;Validado Manual;;;
MVD:WeatherObserved:00006;Estación Meteorológica - Centro;2025-02-15 21:15:45;0,25;0,25;0,25;Validado Manual;;;
MVD:WeatherObserved:00006;Estación Meteorológica - Centro;2025-02-15 21:20:45;0,25;0,25;0,25;Validado Manual;;;
MVD:WeatherObserved:00006;Estación Meteorológica - Centro;2025-02-15 21:25:46;0,25;0,25;0,25;Validado Manual;;;
MVD:WeatherObserved:00006;Estación Meteorológica - Centro;2025-02-15 21:30:46;0,25;0,25;0,25;Validado Manual;;;
MVD:WeatherObserved:00006;Estación Meteorológica - Centro;2025-02-15 21:35:46;0,25;0,25;0,25;Validado Manual;;;
MVD:WeatherObserved:00006;Estación Meteorológica - Centro;2025-02-15 21:40:46;0,25;0,25;0,25;Validado Manual;;;
MVD:WeatherObserved:00006;Estación Meteorológica - Centro;2025-02-15 21:45:46;0,25;0,25;0,25;Validado Manual;;;
MVD:WeatherObserved:00006;Estación Meteorológica - Centro;2025-02-15 21:50:46;0,25;0,25;0,25;Validado Manual;;;
MVD:WeatherObserved:00006;Estación Meteorológica - Centro;2025-02-15 21:55:46;0,25;0,25;0,25;Validado Manual;;;
MVD:WeatherObserved:00006;Estación Meteorológica - Centro;2025-02-15 22:00:46;0,25;0,25;0,25;Validado Manual;;;
MVD:WeatherObserved:00006;Estación Meteorológica - Centro;2025-02-15 22:05:46;0,25;0,25;0,25;Validado Manual;;;
MVD:WeatherObserved:00006;Estación Meteorológica - Centro;2025-02-15 22:10:46;0,25;0,25;0,25;Validado Manual;;;
MVD:WeatherObserved:00006;Estación Meteorológica - Centro;2025-02-15 22:15:46;0,25;0,25;0,25;Validado Manual;;;
MVD:WeatherObserved:00006;Estación Meteorológica - Centro;2025-02-15 22:20:46;0,25;0,25;0,25;Validado Manual;;;
MVD:WeatherObserved:00006;Estación Meteorológica - Centro;2025-02-15 22:25:46;0,25;0,25;0,25;Validado Manual;;;
MVD:WeatherObserved:00006;Estación Meteorológica - Centro;2025-02-15 22:30:46;0,25;0,25;0,25;Validado Manual;;;
MVD:WeatherObserved:00006;Estación Meteorológica - Centro;2025-02-15 22:35:47;0,25;0,25;0,25;Validado Manual;;;
MVD:WeatherObserved:00006;Estación Meteorológica - Centro;2025-02-15 22:40:47;0,25;0,25;0,25;Validado Manual;;;
MVD:WeatherObserved:00006;Estación Meteorológica - Centro;2025-02-15 22:45:47;0,25;0,25;0,25;Validado Manual;;;
MVD:WeatherObserved:00006;Estación Meteorológica - Centro;2025-02-15 22:50:47;0,25;0,25;0,25;Validado Manual;;;
MVD:WeatherObserved:00006;Estación Meteorológica - Centro;2025-02-15 22:55:47;0,25;0,25;0,25;Validado Manual;;;
MVD:WeatherObserved:00006;Estación Meteorológica - Centro;2025-02-15 23:00:47;0,25;0,25;0,25;Validado Manual;;;
MVD:WeatherObserved:00006;Estación Meteorológica - Centro;2025-02-15 23:05:47;0,25;0,25;0,25;Validado Manual;;;
MVD:WeatherObserved:00006;Estación Meteorológica - Centro;2025-02-15 23:10:47;0,25;0,25;0,25;Validado Manual;;;
MVD:WeatherObserved:00006;Estación Meteorológica - Centro;2025-02-15 23:15:47;0,25;0,25;0,25;Validado Manual;;;
MVD:WeatherObserved:00006;Estación Meteorológica - Centro;2025-02-15 23:20:47;0,25;0,25;0,25;Validado Manual;;;
MVD:WeatherObserved:00006;Estación Meteorológica - Centro;2025-02-15 23:25:47;0,25;0,25;0,25;Validado Manual;;;
MVD:WeatherObserved:00006;Estación Meteorológica - Centro;2025-02-15 23:30:47;0,25;0,25;0,25;Validado Manual;;;
MVD:WeatherObserved:00006;Estación Meteorológica - Centro;2025-02-15 23:35:48;0,25;0,25;0,25;Validado Manual;;;
MVD:WeatherObserved:00006;Estación Meteorológica - Centro;2025-02-15 23:40:48;0,25;0,25;0,25;Validado Manual;;;
MVD:WeatherObserved:00006;Estación Meteorológica - Centro;2025-02-15 23:45:48;0,25;0,25;0,25;Validado Manual;;;
MVD:WeatherObserved:00006;Estación Meteorológica - Centro;2025-02-15 23:50:48;0,25;0,25;0,25;Validado Manual;;;
MVD:WeatherObserved:00006;Estación Meteorológica - Centro;2025-02-15 23:55:48;0,25;0,25;0,25;Validado Manual;;;
MVD:WeatherObserved:00006;Estación Meteorológica - Centro;2025-02-16 00:00:48;0;0;;Validado Manual;;;
MVD:WeatherObserved:00006;Estación Meteorológica - Centro;2025-02-16 00:05:48;0;0;;Validado Manual;;;
MVD:WeatherObserved:00006;Estación Meteorológica - Centro;2025-02-16 00:10:48;0;0;;Validado Manual;;;
MVD:WeatherObserved:00006;Estación Meteorológica - Centro;2025-02-16 00:15:48;0;0;;Validado Manual;;;
MVD:WeatherObserved:00006;Estación Meteorológica - Centro;2025-02-16 00:20:48;0;0;;Validado Manual;;;
MVD:WeatherObserved:00006;Estación Meteorológica - Centro;2025-02-16 00:25:48;0;0;;Validado Manual;;;
MVD:WeatherObserved:00006;Estación Meteorológica - Centro;2025-02-16 00:30:48;0;0;;Validado Manual;;;
MVD:WeatherObserved:00006;Estación Meteorológica - Centro;2025-02-16 00:35:48;0;0;;Validado Manual;;;
MVD:WeatherObserved:00006;Estación Meteorológica - Centro;2025-02-16 00:40:49;0;0;;Validado Manual;;;
MVD:WeatherObserved:00006;Estación Meteorológica - Centro;2025-02-16 00:45:49;0;0;;Validado Manual;;;
MVD:WeatherObserved:00006;Estación Meteorológica - Centro;2025-02-16 00:50:49;0;0;;Validado Manual;;;
MVD:WeatherObserved:00006;Estación Meteorológica - Centro;2025-02-16 00:55:49;0;0;;Validado Manual;;;
MVD:WeatherObserved:00006;Estación Meteorológica - Centro;2025-02-16 01:00:49;0;0;;Validado Manual;;;
MVD:WeatherObserved:00006;Estación Meteorológica - Centro;2025-02-16 01:05:49;0;0;;Validado Manual;;;
MVD:WeatherObserved:00006;Estación Meteorológica - Centro;2025-02-16 01:10:49;0;0;;Validado Manual;;;
MVD:WeatherObserved:00006;Estación Meteorológica - Centro;2025-02-16 01:15:49;0;0;;Validado Manual;;;
MVD:WeatherObserved:00006;Estación Meteorológica - Centro;2025-02-16 01:20:49;0;0;;Validado Manual;;;
MVD:WeatherObserved:00006;Estación Meteorológica - Centro;2025-02-16 01:25:49;0;0;;Validado Manual;;;
MVD:WeatherObserved:00006;Estación Meteorológica - Centro;2025-02-16 01:30:49;0;0;;Validado Manual;;;
MVD:WeatherObserved:00006;Estación Meteorológica - Centro;2025-02-16 01:35:49;0;0;;Validado Manual;;;
MVD:WeatherObserved:00006;Estación Meteorológica - Centro;2025-02-16 01:40:50;0;0;;Validado Manual;;;
MVD:WeatherObserved:00006;Estación Meteorológica - Centro;2025-02-16 01:45:50;0;0;;Validado Manual;;;
MVD:WeatherObserved:00006;Estación Meteorológica - Centro;2025-02-16 01:50:50;0;0;;Validado Manual;;;
MVD:WeatherObserved:00006;Estación Meteorológica - Centro;2025-02-16 01:55:50;0;0;;Validado Manual;;;
MVD:WeatherObserved:00006;Estación Meteorológica - Centro;2025-02-16 02:00:50;0;0;;Validado Manual;;;
MVD:WeatherObserved:00006;Estación Meteorológica - Centro;2025-02-16 02:05:50;0;0;;Validado Manual;;;
MVD:WeatherObserved:00006;Estación Meteorológica - Centro;2025-02-16 02:10:50;0;0;;Validado Manual;;;
MVD:WeatherObserved:00006;Estación Meteorológica - Centro;2025-02-16 02:15:50;0;0;;Validado Manual;;;
MVD:WeatherObserved:00006;Estación Meteorológica - Centro;2025-02-16 02:20:50;0;0;;Validado Manual;;;
MVD:WeatherObserved:00006;Estación Meteorológica - Centro;2025-02-16 02:25:50;0;0;;Validado Manual;;;
MVD:WeatherObserved:00006;Estación Meteorológica - Centro;2025-02-16 02:30:50;0;0;;Validado Manual;;;
MVD:WeatherObserved:00006;Estación Meteorológica - Centro;2025-02-16 02:35:50;0;0;;Validado Manual;;;
MVD:WeatherObserved:00006;Estación Meteorológica - Centro;2025-02-16 02:40:50;0;0;;Validado Manual;;;
MVD:WeatherObserved:00006;Estación Meteorológica - Centro;2025-02-16 02:45:50;0;0;;Validado Manual;;;
MVD:WeatherObserved:00006;Estación Meteorológica - Centro;2025-02-16 02:50:50;0;0;;Validado Manual;;;
MVD:WeatherObserved:00006;Estación Meteorológica - Centro;2025-02-16 02:55:50;0;0;;Validado Manual;;;
MVD:WeatherObserved:00006;Estación Meteorológica - Centro;2025-02-16 03:00:50;0;0;;Validado Manual;;;
MVD:WeatherObserved:00006;Estación Meteorológica - Centro;2025-02-16 03:05:51;0;0;;Validado Manual;;;
MVD:WeatherObserved:00006;Estación Meteorológica - Centro;2025-02-16 03:10:51;0;0;;Validado Manual;;;
MVD:WeatherObserved:00006;Estación Meteorológica - Centro;2025-02-16 03:15:51;0;0;;Validado Manual;;;
MVD:WeatherObserved:00006;Estación Meteorológica - Centro;2025-02-16 03:20:51;0;0;;Validado Manual;;;
MVD:WeatherObserved:00006;Estación Meteorológica - Centro;2025-02-16 03:25:51;0;0;;Validado Manual;;;
MVD:WeatherObserved:00006;Estación Meteorológica - Centro;2025-02-16 03:30:51;0;0;;Validado Manual;;;
MVD:WeatherObserved:00006;Estación Meteorológica - Centro;2025-02-16 03:35:51;0;0;;Validado Manual;;;
MVD:WeatherObserved:00006;Estación Meteorológica - Centro;2025-02-16 03:40:51;0;0;;Validado Manual;;;
MVD:WeatherObserved:00006;Estación Meteorológica - Centro;2025-02-16 03:45:51;0;0;;Validado Manual;;;
MVD:WeatherObserved:00006;Estación Meteorológica - Centro;2025-02-16 03:50:51;0;0;;Validado Manual;;;
MVD:WeatherObserved:00006;Estación Meteorológica - Centro;2025-02-16 03:55:51;0;0;;Validado Manual;;;
MVD:WeatherObserved:00006;Estación Meteorológica - Centro;2025-02-16 04:00:51;0;0;;Validado Manual;;;
MVD:WeatherObserved:00006;Estación Meteorológica - Centro;2025-02-16 04:05:51;0;0;;Validado Manual;;;
MVD:WeatherObserved:00006;Estación Meteorológica - Centro;2025-02-16 04:10:51;0;0;;Validado Manual;;;
MVD:WeatherObserved:00006;Estación Meteorológica - Centro;2025-02-16 04:15:52;0;0;;Validado Manual;;;
MVD:WeatherObserved:00006;Estación Meteorológica - Centro;2025-02-16 04:20:52;0;0;;Validado Manual;;;
MVD:WeatherObserved:00006;Estación Meteorológica - Centro;2025-02-16 04:25:52;0;0;;Validado Manual;;;
MVD:WeatherObserved:00006;Estación Meteorológica - Centro;2025-02-16 04:30:52;0;0;;Validado Manual;;;
MVD:WeatherObserved:00006;Estación Meteorológica - Centro;2025-02-16 04:35:52;0;0;;Validado Manual;;;
MVD:WeatherObserved:00006;Estación Meteorológica - Centro;2025-02-16 04:40:52;0;0;;Validado Manual;;;
MVD:WeatherObserved:00006;Estación Meteorológica - Centro;2025-02-16 04:45:52;0;0;;Validado Manual;;;
MVD:WeatherObserved:00006;Estación Meteorológica - Centro;2025-02-16 04:50:52;0;0;;Validado Manual;;;
MVD:WeatherObserved:00006;Estación Meteorológica - Centro;2025-02-16 04:55:52;0;0;;Validado Manual;;;
MVD:WeatherObserved:00006;Estación Meteorológica - Centro;2025-02-16 05:00:52;0;0;;Validado Manual;;;
MVD:WeatherObserved:00006;Estación Meteorológica - Centro;2025-02-16 05:05:52;0;0;;Validado Manual;;;
MVD:WeatherObserved:00006;Estación Meteorológica - Centro;2025-02-16 05:10:52;0;0;;Validado Manual;;;
MVD:WeatherObserved:00006;Estación Meteorológica - Centro;2025-02-16 05:15:52;0;0;;Validado Manual;;;
MVD:WeatherObserved:00006;Estación Meteorológica - Centro;2025-02-16 05:20:52;0;0;;Validado Manual;;;
MVD:WeatherObserved:00006;Estación Meteorológica - Centro;2025-02-16 05:25:52;0;0;;Validado Manual;;;
MVD:WeatherObserved:00006;Estación Meteorológica - Centro;2025-02-16 05:30:52;0;0;;Validado Manual;;;
MVD:WeatherObserved:00006;Estación Meteorológica - Centro;2025-02-16 05:35:53;0;0;;Validado Manual;;;
MVD:WeatherObserved:00006;Estación Meteorológica - Centro;2025-02-16 05:40:53;0;0;;Validado Manual;;;
MVD:WeatherObserved:00006;Estación Meteorológica - Centro;2025-02-16 05:45:53;0;0;;Validado Manual;;;
MVD:WeatherObserved:00006;Estación Meteorológica - Centro;2025-02-16 05:50:53;0;0;;Validado Manual;;;
MVD:WeatherObserved:00006;Estación Meteorológica - Centro;2025-02-16 05:55:53;0;0;;Validado Manual;;;
MVD:WeatherObserved:00006;Estación Meteorológica - Centro;2025-02-16 06:00:53;0;0;;Validado Manual;;;
MVD:WeatherObserved:00006;Estación Meteorológica - Centro;2025-02-16 06:05:53;0;0;;Validado Manual;;;
MVD:WeatherObserved:00006;Estación Meteorológica - Centro;2025-02-16 06:10:53;0;0;;Validado Manual;;;
MVD:WeatherObserved:00006;Estación Meteorológica - Centro;2025-02-16 06:15:53;0;0;;Validado Manual;;;
MVD:WeatherObserved:00006;Estación Meteorológica - Centro;2025-02-16 06:20:53;0;0;;Validado Manual;;;
MVD:WeatherObserved:00006;Estación Meteorológica - Centro;2025-02-16 06:25:53;0;0;;Validado Manual;;;
MVD:WeatherObserved:00006;Estación Meteorológica - Centro;2025-02-16 06:30:53;0;0;;Validado Manual;;;
MVD:WeatherObserved:00006;Estación Meteorológica - Centro;2025-02-16 06:35:53;0;0;;Validado Manual;;;
MVD:WeatherObserved:00006;Estación Meteorológica - Centro;2025-02-16 06:40:54;0;0;;Validado Manual;;;
MVD:WeatherObserved:00006;Estación Meteorológica - Centro;2025-02-16 06:45:54;0;0;;Validado Manual;;;
MVD:WeatherObserved:00006;Estación Meteorológica - Centro;2025-02-16 06:50:54;0;0;;Validado Manual;;;
MVD:WeatherObserved:00006;Estación Meteorológica - Centro;2025-02-16 06:55:54;0;0;;Validado Manual;;;
MVD:WeatherObserved:00006;Estación Meteorológica - Centro;2025-02-16 07:00:54;0;0;;Validado Manual;;;
MVD:WeatherObserved:00006;Estación Meteorológica - Centro;2025-02-16 07:05:54;0;0;;Validado Manual;;;
MVD:WeatherObserved:00006;Estación Meteorológica - Centro;2025-02-16 07:10:54;0;0;;Validado Manual;;;
MVD:WeatherObserved:00006;Estación Meteorológica - Centro;2025-02-16 07:15:54;0;0;;Validado Manual;;;
MVD:WeatherObserved:00006;Estación Meteorológica - Centro;2025-02-16 07:20:54;0;0;;Validado Manual;;;
MVD:WeatherObserved:00006;Estación Meteorológica - Centro;2025-02-16 07:25:54;0;0;;Validado Manual;;;
MVD:WeatherObserved:00006;Estación Meteorológica - Centro;2025-02-16 07:30:54;0;0;;Validado Manual;;;
MVD:WeatherObserved:00006;Estación Meteorológica - Centro;2025-02-16 07:35:54;0;0;;Validado Manual;;;
MVD:WeatherObserved:00006;Estación Meteorológica - Centro;2025-02-16 07:40:54;0;0;;Validado Manual;;;
MVD:WeatherObserved:00006;Estación Meteorológica - Centro;2025-02-16 07:45:54;0;0;;Validado Manual;;;
MVD:WeatherObserved:00006;Estación Meteorológica - Centro;2025-02-16 07:50:54;0;0;;Validado Manual;;;
MVD:WeatherObserved:00006;Estación Meteorológica - Centro;2025-02-16 07:55:55;0;0;;Validado Manual;;;
MVD:WeatherObserved:00006;Estación Meteorológica - Centro;2025-02-16 08:00:55;0;0;;Validado Manual;;;
MVD:WeatherObserved:00006;Estación Meteorológica - Centro;2025-02-16 08:05:55;0;0;;Validado Manual;;;
MVD:WeatherObserved:00006;Estación Meteorológica - Centro;2025-02-16 08:10:55;0;0;;Validado Manual;;;
MVD:WeatherObserved:00006;Estación Meteorológica - Centro;2025-02-16 08:15:55;0;0;;Validado Manual;;;
MVD:WeatherObserved:00006;Estación Meteorológica - Centro;2025-02-16 08:20:55;0;0;;Validado Manual;;;
MVD:WeatherObserved:00006;Estación Meteorológica - Centro;2025-02-16 08:25:55;0;0;;Validado Manual;;;
MVD:WeatherObserved:00006;Estación Meteorológica - Centro;2025-02-16 08:30:55;0;0;;Validado Manual;;;
MVD:WeatherObserved:00006;Estación Meteorológica - Centro;2025-02-16 08:35:55;0;0;;Validado Manual;;;
MVD:WeatherObserved:00006;Estación Meteorológica - Centro;2025-02-16 08:40:55;0;0;;Validado Manual;;;
MVD:WeatherObserved:00006;Estación Meteorológica - Centro;2025-02-16 08:45:55;0;0;;Validado Manual;;;
MVD:WeatherObserved:00006;Estación Meteorológica - Centro;2025-02-16 08:50:55;0;0;;Validado Manual;;;
MVD:WeatherObserved:00006;Estación Meteorológica - Centro;2025-02-16 08:55:55;0;0;;Validado Manual;;;
MVD:WeatherObserved:00006;Estación Meteorológica - Centro;2025-02-16 09:00:55;0;0;;Validado Manual;;;
MVD:WeatherObserved:00006;Estación Meteorológica - Centro;2025-02-16 09:05:55;0;0;;Validado Manual;;;
MVD:WeatherObserved:00006;Estación Meteorológica - Centro;2025-02-16 09:10:56;0;0;;Validado Manual;;;
MVD:WeatherObserved:00006;Estación Meteorológica - Centro;2025-02-16 09:15:56;0;0;;Validado Manual;;;
MVD:WeatherObserved:00006;Estación Meteorológica - Centro;2025-02-16 09:20:56;0;0;;Validado Manual;;;
MVD:WeatherObserved:00006;Estación Meteorológica - Centro;2025-02-16 09:25:56;0;0;;Validado Manual;;;
MVD:WeatherObserved:00006;Estación Meteorológica - Centro;2025-02-16 09:30:56;0;0;;Validado Manual;;;
MVD:WeatherObserved:00006;Estación Meteorológica - Centro;2025-02-16 09:35:56;0;0;;Validado Manual;;;
MVD:WeatherObserved:00006;Estación Meteorológica - Centro;2025-02-16 09:40:56;0;0;;Validado Manual;;;
MVD:WeatherObserved:00006;Estación Meteorológica - Centro;2025-02-16 09:45:56;0;0;;Validado Manual;;;
MVD:WeatherObserved:00006;Estación Meteorológica - Centro;2025-02-16 09:50:56;0;0;;Validado Manual;;;
MVD:WeatherObserved:00006;Estación Meteorológica - Centro;2025-02-16 09:55:56;0;0;;Validado Manual;;;
MVD:WeatherObserved:00006;Estación Meteorológica - Centro;2025-02-16 10:00:56;0;0;;Validado Manual;;;
MVD:WeatherObserved:00006;Estación Meteorológica - Centro;2025-02-16 10:05:56;0;0;;Validado Manual;;;
MVD:WeatherObserved:00006;Estación Meteorológica - Centro;2025-02-16 10:10:56;0;0;;Validado Manual;;;
MVD:WeatherObserved:00006;Estación Meteorológica - Centro;2025-02-16 10:15:57;0;0;;Validado Manual;;;
MVD:WeatherObserved:00006;Estación Meteorológica - Centro;2025-02-16 10:20:57;0;0;;Validado Manual;;;
MVD:WeatherObserved:00006;Estación Meteorológica - Centro;2025-02-16 10:25:57;0;0;;Validado Manual;;;
MVD:WeatherObserved:00006;Estación Meteorológica - Centro;2025-02-16 10:30:57;0;0;;Validado Manual;;;
MVD:WeatherObserved:00006;Estación Meteorológica - Centro;2025-02-16 10:35:57;0;0;;Validado Manual;;;
MVD:WeatherObserved:00006;Estación Meteorológica - Centro;2025-02-16 10:40:57;0;0;;Validado Manual;;;
MVD:WeatherObserved:00006;Estación Meteorológica - Centro;2025-02-16 10:45:57;0;0;;Validado Manual;;;
MVD:WeatherObserved:00006;Estación Meteorológica - Centro;2025-02-16 10:50:57;0;0;;Validado Manual;;;
MVD:WeatherObserved:00006;Estación Meteorológica - Centro;2025-02-16 10:55:57;0;0;;Validado Manual;;;
MVD:WeatherObserved:00006;Estación Meteorológica - Centro;2025-02-16 11:00:57;0;0;;Validado Manual;;;
MVD:WeatherObserved:00006;Estación Meteorológica - Centro;2025-02-16 11:05:57;0;0;;Validado Manual;;;
MVD:WeatherObserved:00006;Estación Meteorológica - Centro;2025-02-16 11:10:57;0;0;;Validado Manual;;;
MVD:WeatherObserved:00006;Estación Meteorológica - Centro;2025-02-16 11:15:59;0;0;;Validado Manual;;;
MVD:WeatherObserved:00006;Estación Meteorológica - Centro;2025-02-16 11:20:58;0;0;;Validado Manual;;;
MVD:WeatherObserved:00006;Estación Meteorológica - Centro;2025-02-16 11:25:58;0;0;;Validado Manual;;;
MVD:WeatherObserved:00006;Estación Meteorológica - Centro;2025-02-16 11:30:58;0;0;;Validado Manual;;;
MVD:WeatherObserved:00006;Estación Meteorológica - Centro;2025-02-16 11:35:58;0;0;;Validado Manual;;;
MVD:WeatherObserved:00006;Estación Meteorológica - Centro;2025-02-16 11:40:58;0;0;;Validado Manual;;;
MVD:WeatherObserved:00006;Estación Meteorológica - Centro;2025-02-16 11:45:58;0;0;;Validado Manual;;;
MVD:WeatherObserved:00006;Estación Meteorológica - Centro;2025-02-16 11:50:58;0;0;;Validado Manual;;;
MVD:WeatherObserved:00006;Estación Meteorológica - Centro;2025-02-16 11:55:58;0;0;;Validado Manual;;;
MVD:WeatherObserved:00006;Estación Meteorológica - Centro;2025-02-16 12:00:58;0;0;;Validado Manual;;;
MVD:WeatherObserved:00006;Estación Meteorológica - Centro;2025-02-16 12:05:58;0;0;;Validado Manual;;;
MVD:WeatherObserved:00006;Estación Meteorológica - Centro;2025-02-16 12:10:58;0;0;;Validado Manual;;;
MVD:WeatherObserved:00006;Estación Meteorológica - Centro;2025-02-16 12:15:58;0;0;;Validado Manual;;;
MVD:WeatherObserved:00006;Estación Meteorológica - Centro;2025-02-16 12:20:58;0;0;;Validado Manual;;;
MVD:WeatherObserved:00006;Estación Meteorológica - Centro;2025-02-16 12:25:59;0;0;;Validado Manual;;;
MVD:WeatherObserved:00006;Estación Meteorológica - Centro;2025-02-16 12:30:59;0;0;;Validado Manual;;;
MVD:WeatherObserved:00006;Estación Meteorológica - Centro;2025-02-16 12:35:59;0;0;;Validado Manual;;;
MVD:WeatherObserved:00006;Estación Meteorológica - Centro;2025-02-16 12:40:59;0;0;;Validado Manual;;;
MVD:WeatherObserved:00006;Estación Meteorológica - Centro;2025-02-16 12:45:59;0;0;;Validado Manual;;;
MVD:WeatherObserved:00006;Estación Meteorológica - Centro;2025-02-16 12:50:59;0;0;;Validado Manual;;;
MVD:WeatherObserved:00006;Estación Meteorológica - Centro;2025-02-16 12:55:59;0;0;;Validado Manual;;;
MVD:WeatherObserved:00006;Estación Meteorológica - Centro;2025-02-16 13:00:59;0;0;;Validado Manual;;;
MVD:WeatherObserved:00006;Estación Meteorológica - Centro;2025-02-16 13:06:02;0;0;;Validado Manual;;;
MVD:WeatherObserved:00006;Estación Meteorológica - Centro;2025-02-16 13:10:59;0;0;;Validado Manual;;;
MVD:WeatherObserved:00006;Estación Meteorológica - Centro;2025-02-16 13:15:59;0;0;;Validado Manual;;;
MVD:WeatherObserved:00006;Estación Meteorológica - Centro;2025-02-16 13:20:59;0;0;;Validado Manual;;;
MVD:WeatherObserved:00006;Estación Meteorológica - Centro;2025-02-16 13:25:59;0;0;;Validado Manual;;;
MVD:WeatherObserved:00006;Estación Meteorológica - Centro;2025-02-16 13:31:00;0;0;;Validado Manual;;;
MVD:WeatherObserved:00006;Estación Meteorológica - Centro;2025-02-16 13:36:00;0;0;;Validado Manual;;;
MVD:WeatherObserved:00006;Estación Meteorológica - Centro;2025-02-16 13:41:00;0;0;;Validado Manual;;;
MVD:WeatherObserved:00006;Estación Meteorológica - Centro;2025-02-16 13:46:00;0;0;;Validado Manual;;;
MVD:WeatherObserved:00006;Estación Meteorológica - Centro;2025-02-16 13:51:00;0;0;;Validado Manual;;;
MVD:WeatherObserved:00006;Estación Meteorológica - Centro;2025-02-16 13:56:00;0;0;;Validado Manual;;;
MVD:WeatherObserved:00006;Estación Meteorológica - Centro;2025-02-16 14:01:00;0;0;;Validado Manual;;;
MVD:WeatherObserved:00006;Estación Meteorológica - Centro;2025-02-16 14:06:00;0;0;;Validado Manual;;;
MVD:WeatherObserved:00006;Estación Meteorológica - Centro;2025-02-16 14:11:00;0;0;;Validado Manual;;;
MVD:WeatherObserved:00006;Estación Meteorológica - Centro;2025-02-16 14:16:00;0;0;;Validado Manual;;;
MVD:WeatherObserved:00006;Estación Meteorológica - Centro;2025-02-16 14:21:00;0;0;;Validado Manual;;;
MVD:WeatherObserved:00006;Estación Meteorológica - Centro;2025-02-16 14:26:00;0;0;;Validado Manual;;;
MVD:WeatherObserved:00006;Estación Meteorológica - Centro;2025-02-16 14:31:00;0;0;;Validado Manual;;;
MVD:WeatherObserved:00006;Estación Meteorológica - Centro;2025-02-16 14:36:00;0;0;;Validado Manual;;;
MVD:WeatherObserved:00006;Estación Meteorológica - Centro;2025-02-16 14:41:01;0;0;;Validado Manual;;;
MVD:WeatherObserved:00006;Estación Meteorológica - Centro;2025-02-16 14:46:01;0;0;;Validado Manual;;;
MVD:WeatherObserved:00006;Estación Meteorológica - Centro;2025-02-16 14:51:01;0;0;;Validado Manual;;;
MVD:WeatherObserved:00006;Estación Meteorológica - Centro;2025-02-16 14:56:01;0;0;;Validado Manual;;;
MVD:WeatherObserved:00006;Estación Meteorológica - Centro;2025-02-16 15:01:01;0;0;;Validado Manual;;;
MVD:WeatherObserved:00006;Estación Meteorológica - Centro;2025-02-16 15:06:01;0;0;;Validado Manual;;;
MVD:WeatherObserved:00006;Estación Meteorológica - Centro;2025-02-16 15:11:01;0;0;;Validado Manual;;;
MVD:WeatherObserved:00006;Estación Meteorológica - Centro;2025-02-16 15:16:01;0;0;;Validado Manual;;;
MVD:WeatherObserved:00006;Estación Meteorológica - Centro;2025-02-16 15:21:01;0;0;;Validado Manual;;;
MVD:WeatherObserved:00006;Estación Meteorológica - Centro;2025-02-16 15:26:01;0;0;;Validado Manual;;;
MVD:WeatherObserved:00006;Estación Meteorológica - Centro;2025-02-16 15:31:01;0;0;;Validado Manual;;;
MVD:WeatherObserved:00006;Estación Meteorológica - Centro;2025-02-16 15:36:01;0;0;;Validado Manual;;;
MVD:WeatherObserved:00006;Estación Meteorológica - Centro;2025-02-16 15:41:01;0;0;;Validado Manual;;;
MVD:WeatherObserved:00006;Estación Meteorológica - Centro;2025-02-16 15:46:02;0;0;;Validado Manual;;;
MVD:WeatherObserved:00006;Estación Meteorológica - Centro;2025-02-16 15:51:02;0;0;;Validado Manual;;;
MVD:WeatherObserved:00006;Estación Meteorológica - Centro;2025-02-16 15:56:02;0;0;;Validado Manual;;;
MVD:WeatherObserved:00006;Estación Meteorológica - Centro;2025-02-16 16:01:02;0;0;;Validado Manual;;;
MVD:WeatherObserved:00006;Estación Meteorológica - Centro;2025-02-16 16:06:02;0;0;;Validado Manual;;;
MVD:WeatherObserved:00006;Estación Meteorológica - Centro;2025-02-16 16:11:02;0;0;;Validado Manual;;;
MVD:WeatherObserved:00006;Estación Meteorológica - Centro;2025-02-16 16:16:02;0;0;;Validado Manual;;;
MVD:WeatherObserved:00006;Estación Meteorológica - Centro;2025-02-16 16:21:02;0;0;;Validado Manual;;;
MVD:WeatherObserved:00006;Estación Meteorológica - Centro;2025-02-16 16:26:02;0;0;;Validado Manual;;;
MVD:WeatherObserved:00006;Estación Meteorológica - Centro;2025-02-16 16:31:02;0;0;;Validado Manual;;;
MVD:WeatherObserved:00006;Estación Meteorológica - Centro;2025-02-16 16:36:02;0;0;;Validado Manual;;;
MVD:WeatherObserved:00006;Estación Meteorológica - Centro;2025-02-16 16:41:02;0;0;;Validado Manual;;;
MVD:WeatherObserved:00006;Estación Meteorológica - Centro;2025-02-16 16:46:02;0;0;;Validado Manual;;;
MVD:WeatherObserved:00006;Estación Meteorológica - Centro;2025-02-16 16:51:02;0;0;;Validado Manual;;;
MVD:WeatherObserved:00006;Estación Meteorológica - Centro;2025-02-16 16:56:03;0;0;;Validado Manual;;;
MVD:WeatherObserved:00006;Estación Meteorológica - Centro;2025-02-16 17:01:03;0;0;;Validado Manual;;;
MVD:WeatherObserved:00006;Estación Meteorológica - Centro;2025-02-16 17:06:03;0;0;;Validado Manual;;;
MVD:WeatherObserved:00006;Estación Meteorológica - Centro;2025-02-16 17:11:03;0;0;;Validado Manual;;;
MVD:WeatherObserved:00006;Estación Meteorológica - Centro;2025-02-16 17:16:03;0;0;;Validado Manual;;;
MVD:WeatherObserved:00006;Estación Meteorológica - Centro;2025-02-16 17:21:03;0;0;;Validado Manual;;;
MVD:WeatherObserved:00006;Estación Meteorológica - Centro;2025-02-16 17:26:03;0;0;;Validado Manual;;;
MVD:WeatherObserved:00006;Estación Meteorológica - Centro;2025-02-16 17:31:03;0;0;;Validado Manual;;;
MVD:WeatherObserved:00006;Estación Meteorológica - Centro;2025-02-16 17:36:03;0;0;;Validado Manual;;;
MVD:WeatherObserved:00006;Estación Meteorológica - Centro;2025-02-16 17:41:03;0;0;;Validado Manual;;;
MVD:WeatherObserved:00006;Estación Meteorológica - Centro;2025-02-16 17:46:03;0;0;;Validado Manual;;;
MVD:WeatherObserved:00006;Estación Meteorológica - Centro;2025-02-16 17:51:03;0;0;;Validado Manual;;;
MVD:WeatherObserved:00006;Estación Meteorológica - Centro;2025-02-16 17:56:03;0;0;;Validado Manual;;;
MVD:WeatherObserved:00006;Estación Meteorológica - Centro;2025-02-16 18:01:03;0;0;;Validado Manual;;;
MVD:WeatherObserved:00006;Estación Meteorológica - Centro;2025-02-16 18:06:04;0;0;;Validado Manual;;;
MVD:WeatherObserved:00006;Estación Meteorológica - Centro;2025-02-16 18:11:04;0;0;;Validado Manual;;;
MVD:WeatherObserved:00006;Estación Meteorológica - Centro;2025-02-16 18:16:04;0;0;;Validado Manual;;;
MVD:WeatherObserved:00006;Estación Meteorológica - Centro;2025-02-16 18:21:04;0;0;;Validado Manual;;;
MVD:WeatherObserved:00006;Estación Meteorológica - Centro;2025-02-16 18:26:04;0;0;;Validado Manual;;;
MVD:WeatherObserved:00006;Estación Meteorológica - Centro;2025-02-16 18:31:04;0;0;;Validado Manual;;;
MVD:WeatherObserved:00006;Estación Meteorológica - Centro;2025-02-16 18:36:04;0;0;;Validado Manual;;;
MVD:WeatherObserved:00006;Estación Meteorológica - Centro;2025-02-16 18:41:04;0;0;;Validado Manual;;;
MVD:WeatherObserved:00006;Estación Meteorológica - Centro;2025-02-16 18:46:04;0;0;;Validado Manual;;;
MVD:WeatherObserved:00006;Estación Meteorológica - Centro;2025-02-16 18:51:04;0;0;;Validado Manual;;;
MVD:WeatherObserved:00006;Estación Meteorológica - Centro;2025-02-16 18:56:04;0;0;;Validado Manual;;;
MVD:WeatherObserved:00006;Estación Meteorológica - Centro;2025-02-16 19:01:04;0;0;;Validado Manual;;;
MVD:WeatherObserved:00006;Estación Meteorológica - Centro;2025-02-16 19:06:04;0;0;;Validado Manual;;;
MVD:WeatherObserved:00006;Estación Meteorológica - Centro;2025-02-16 19:11:04;0;0;;Validado Manual;;;
MVD:WeatherObserved:00006;Estación Meteorológica - Centro;2025-02-16 19:16:05;0;0;;Validado Manual;;;
MVD:WeatherObserved:00006;Estación Meteorológica - Centro;2025-02-16 19:21:05;0;0;;Validado Manual;;;
MVD:WeatherObserved:00006;Estación Meteorológica - Centro;2025-02-16 19:26:05;0;0;;Validado Manual;;;
MVD:WeatherObserved:00006;Estación Meteorológica - Centro;2025-02-16 19:31:05;0;0;;Validado Manual;;;
MVD:WeatherObserved:00006;Estación Meteorológica - Centro;2025-02-16 19:36:05;0;0;;Validado Manual;;;
MVD:WeatherObserved:00006;Estación Meteorológica - Centro;2025-02-16 19:41:05;0;0;;Validado Manual;;;
MVD:WeatherObserved:00006;Estación Meteorológica - Centro;2025-02-16 19:46:05;0;0;;Validado Manual;;;
MVD:WeatherObserved:00006;Estación Meteorológica - Centro;2025-02-16 19:51:05;0;0;;Validado Manual;;;
MVD:WeatherObserved:00006;Estación Meteorológica - Centro;2025-02-16 19:56:05;0;0;;Validado Manual;;;
MVD:WeatherObserved:00006;Estación Meteorológica - Centro;2025-02-16 20:01:05;0;0;;Validado Manual;;;
MVD:WeatherObserved:00006;Estación Meteorológica - Centro;2025-02-16 20:06:05;0;0;;Validado Manual;;;
MVD:WeatherObserved:00006;Estación Meteorológica - Centro;2025-02-16 20:11:05;0;0;;Validado Manual;;;
MVD:WeatherObserved:00006;Estación Meteorológica - Centro;2025-02-16 20:16:05;0;0;;Validado Manual;;;
MVD:WeatherObserved:00006;Estación Meteorológica - Centro;2025-02-16 20:21:05;0;0;;Validado Manual;;;
MVD:WeatherObserved:00006;Estación Meteorológica - Centro;2025-02-16 20:26:06;0;0;;Validado Manual;;;
MVD:WeatherObserved:00006;Estación Meteorológica - Centro;2025-02-16 20:31:06;0;0;;Validado Manual;;;
MVD:WeatherObserved:00006;Estación Meteorológica - Centro;2025-02-16 20:36:06;0;0;;Validado Manual;;;
MVD:WeatherObserved:00006;Estación Meteorológica - Centro;2025-02-16 20:41:06;0;0;;Validado Manual;;;
MVD:WeatherObserved:00006;Estación Meteorológica - Centro;2025-02-16 20:46:06;0;0;;Validado Manual;;;
MVD:WeatherObserved:00006;Estación Meteorológica - Centro;2025-02-16 20:51:06;0;0;;Validado Manual;;;
MVD:WeatherObserved:00006;Estación Meteorológica - Centro;2025-02-16 20:56:06;0;0;;Validado Manual;;;
MVD:WeatherObserved:00006;Estación Meteorológica - Centro;2025-02-16 21:01:06;0;0;;Validado Manual;;;
MVD:WeatherObserved:00006;Estación Meteorológica - Centro;2025-02-16 21:06:06;0;0;;Validado Manual;;;
MVD:WeatherObserved:00006;Estación Meteorológica - Centro;2025-02-16 21:11:06;0;0;;Validado Manual;;;
MVD:WeatherObserved:00006;Estación Meteorológica - Centro;2025-02-16 21:16:06;0;0;;Validado Manual;;;
MVD:WeatherObserved:00006;Estación Meteorológica - Centro;2025-02-16 21:21:06;0;0;;Validado Manual;;;
MVD:WeatherObserved:00006;Estación Meteorológica - Centro;2025-02-16 21:26:06;0;0;;Validado Manual;;;
MVD:WeatherObserved:00006;Estación Meteorológica - Centro;2025-02-16 21:31:06;0;0;;Validado Manual;;;
MVD:WeatherObserved:00006;Estación Meteorológica - Centro;2025-02-16 21:36:06;0;0;;Validado Manual;;;
MVD:WeatherObserved:00006;Estación Meteorológica - Centro;2025-02-16 21:41:07;0;0;;Validado Manual;;;
MVD:WeatherObserved:00006;Estación Meteorológica - Centro;2025-02-16 21:46:07;0;0;;Validado Manual;;;
MVD:WeatherObserved:00006;Estación Meteorológica - Centro;2025-02-16 21:51:07;0;0;;Validado Manual;;;
MVD:WeatherObserved:00006;Estación Meteorológica - Centro;2025-02-16 21:56:07;0;0;;Validado Manual;;;
MVD:WeatherObserved:00006;Estación Meteorológica - Centro;2025-02-16 22:01:07;0;0;;Validado Manual;;;
MVD:WeatherObserved:00006;Estación Meteorológica - Centro;2025-02-16 22:06:07;0;0;;Validado Manual;;;
MVD:WeatherObserved:00006;Estación Meteorológica - Centro;2025-02-16 22:11:07;0;0;;Validado Manual;;;
MVD:WeatherObserved:00006;Estación Meteorológica - Centro;2025-02-16 22:16:07;0;0;;Validado Manual;;;
MVD:WeatherObserved:00006;Estación Meteorológica - Centro;2025-02-16 22:21:07;0;0;;Validado Manual;;;
MVD:WeatherObserved:00006;Estación Meteorológica - Centro;2025-02-16 22:26:07;0;0;;Validado Manual;;;
MVD:WeatherObserved:00006;Estación Meteorológica - Centro;2025-02-16 22:31:07;0;0;;Validado Manual;;;
MVD:WeatherObserved:00006;Estación Meteorológica - Centro;2025-02-16 22:36:07;0;0;;Validado Manual;;;
MVD:WeatherObserved:00006;Estación Meteorológica - Centro;2025-02-16 22:41:07;0;0;;Validado Manual;;;
MVD:WeatherObserved:00006;Estación Meteorológica - Centro;2025-02-16 22:46:07;0;0;;Validado Manual;;;
MVD:WeatherObserved:00006;Estación Meteorológica - Centro;2025-02-16 22:51:07;0;0;;Validado Manual;;;
MVD:WeatherObserved:00006;Estación Meteorológica - Centro;2025-02-16 22:56:07;0;0;;Validado Manual;;;
MVD:WeatherObserved:00006;Estación Meteorológica - Centro;2025-02-16 23:01:08;0;0;;Validado Manual;;;
MVD:WeatherObserved:00006;Estación Meteorológica - Centro;2025-02-16 23:06:08;0;0;;Validado Manual;;;
MVD:WeatherObserved:00006;Estación Meteorológica - Centro;2025-02-16 23:11:08;0;0;;Validado Manual;;;
MVD:WeatherObserved:00006;Estación Meteorológica - Centro;2025-02-16 23:16:08;0;0;;Validado Manual;;;
MVD:WeatherObserved:00006;Estación Meteorológica - Centro;2025-02-16 23:21:08;0;0;;Validado Manual;;;
MVD:WeatherObserved:00006;Estación Meteorológica - Centro;2025-02-16 23:26:08;0;0;;Validado Manual;;;
MVD:WeatherObserved:00006;Estación Meteorológica - Centro;2025-02-16 23:31:08;0;0;;Validado Manual;;;
MVD:WeatherObserved:00006;Estación Meteorológica - Centro;2025-02-16 23:36:08;0;0;;Validado Manual;;;
MVD:WeatherObserved:00006;Estación Meteorológica - Centro;2025-02-16 23:41:08;0;0;;Validado Manual;;;
MVD:WeatherObserved:00006;Estación Meteorológica - Centro;2025-02-16 23:46:08;0;0;;Validado Manual;;;
MVD:WeatherObserved:00006;Estación Meteorológica - Centro;2025-02-16 23:51:08;0;0;;Validado Manual;;;
MVD:WeatherObserved:00006;Estación Meteorológica - Centro;2025-02-16 23:56:08;0;0;;Validado Manual;;;
MVD:WeatherObserved:00006;Estación Meteorológica - Centro;2025-02-17 00:01:08;0;0;;Validado Manual;;;
MVD:WeatherObserved:00006;Estación Meteorológica - Centro;2025-02-17 00:06:09;0;0;;Validado Manual;;;
MVD:WeatherObserved:00006;Estación Meteorológica - Centro;2025-02-17 00:11:09;0;0;;Validado Manual;;;
MVD:WeatherObserved:00006;Estación Meteorológica - Centro;2025-02-17 00:16:09;0;0;;Validado Manual;;;
MVD:WeatherObserved:00006;Estación Meteorológica - Centro;2025-02-17 00:21:09;0;0;;Validado Manual;;;
MVD:WeatherObserved:00006;Estación Meteorológica - Centro;2025-02-17 00:26:09;0;0;;Validado Manual;;;
MVD:WeatherObserved:00006;Estación Meteorológica - Centro;2025-02-17 00:31:09;0;0;;Validado Manual;;;
MVD:WeatherObserved:00006;Estación Meteorológica - Centro;2025-02-17 00:36:09;0;0;;Validado Manual;;;
MVD:WeatherObserved:00006;Estación Meteorológica - Centro;2025-02-17 00:41:09;0;0;;Validado Manual;;;
MVD:WeatherObserved:00006;Estación Meteorológica - Centro;2025-02-17 00:46:09;0;0;;Validado Manual;;;
MVD:WeatherObserved:00006;Estación Meteorológica - Centro;2025-02-17 00:51:10;0;0;;Validado Manual;;;
MVD:WeatherObserved:00006;Estación Meteorológica - Centro;2025-02-17 00:56:09;0;0;;Validado Manual;;;
MVD:WeatherObserved:00006;Estación Meteorológica - Centro;2025-02-17 01:01:09;0;0;;Validado Manual;;;
MVD:WeatherObserved:00006;Estación Meteorológica - Centro;2025-02-17 01:06:09;0;0;;Validado Manual;;;
MVD:WeatherObserved:00006;Estación Meteorológica - Centro;2025-02-17 01:11:09;0;0;;Validado Manual;;;
MVD:WeatherObserved:00006;Estación Meteorológica - Centro;2025-02-17 01:16:09;0;0;;Validado Manual;;;
MVD:WeatherObserved:00006;Estación Meteorológica - Centro;2025-02-17 01:21:09;0;0;;Validado Manual;;;
MVD:WeatherObserved:00006;Estación Meteorológica - Centro;2025-02-17 01:26:09;0;0;;Validado Manual;;;
MVD:WeatherObserved:00006;Estación Meteorológica - Centro;2025-02-17 01:31:09;0;0;;Validado Manual;;;
MVD:WeatherObserved:00006;Estación Meteorológica - Centro;2025-02-17 01:36:09;0;0;;Validado Manual;;;
MVD:WeatherObserved:00006;Estación Meteorológica - Centro;2025-02-17 01:41:10;0;0;;Validado Manual;;;
MVD:WeatherObserved:00006;Estación Meteorológica - Centro;2025-02-17 01:46:10;0;0;;Validado Manual;;;
MVD:WeatherObserved:00006;Estación Meteorológica - Centro;2025-02-17 01:51:10;0;0;;Validado Manual;;;
MVD:WeatherObserved:00006;Estación Meteorológica - Centro;2025-02-17 01:56:10;0;0;;Validado Manual;;;
MVD:WeatherObserved:00006;Estación Meteorológica - Centro;2025-02-17 02:01:10;0;0;;Validado Manual;;;
MVD:WeatherObserved:00006;Estación Meteorológica - Centro;2025-02-17 02:06:10;0;0;;Validado Manual;;;
MVD:WeatherObserved:00006;Estación Meteorológica - Centro;2025-02-17 02:11:10;0;0;;Validado Manual;;;
MVD:WeatherObserved:00006;Estación Meteorológica - Centro;2025-02-17 02:16:10;0;0;;Validado Manual;;;
MVD:WeatherObserved:00006;Estación Meteorológica - Centro;2025-02-17 02:21:10;0;0;;Validado Manual;;;
MVD:WeatherObserved:00006;Estación Meteorológica - Centro;2025-02-17 02:26:10;0;0;;Validado Manual;;;
MVD:WeatherObserved:00006;Estación Meteorológica - Centro;2025-02-17 02:31:10;0;0;;Validado Manual;;;
MVD:WeatherObserved:00006;Estación Meteorológica - Centro;2025-02-17 02:36:10;0;0;;Validado Manual;;;
MVD:WeatherObserved:00006;Estación Meteorológica - Centro;2025-02-17 02:41:10;0;0;;Validado Manual;;;
MVD:WeatherObserved:00006;Estación Meteorológica - Centro;2025-02-17 02:46:11;0;0;;Validado Manual;;;
MVD:WeatherObserved:00006;Estación Meteorológica - Centro;2025-02-17 02:51:11;0;0;;Validado Manual;;;
MVD:WeatherObserved:00006;Estación Meteorológica - Centro;2025-02-17 02:56:11;0;0;;Validado Manual;;;
MVD:WeatherObserved:00006;Estación Meteorológica - Centro;2025-02-17 03:01:11;0;0;;Validado Manual;;;
MVD:WeatherObserved:00006;Estación Meteorológica - Centro;2025-02-17 03:06:11;0;0;;Validado Manual;;;
MVD:WeatherObserved:00006;Estación Meteorológica - Centro;2025-02-17 03:11:11;0;0;;Validado Manual;;;
MVD:WeatherObserved:00006;Estación Meteorológica - Centro;2025-02-17 03:16:11;0;0;;Validado Manual;;;
MVD:WeatherObserved:00006;Estación Meteorológica - Centro;2025-02-17 03:21:11;0;0;;Validado Manual;;;
MVD:WeatherObserved:00006;Estación Meteorológica - Centro;2025-02-17 03:26:11;0;0;;Validado Manual;;;
MVD:WeatherObserved:00006;Estación Meteorológica - Centro;2025-02-17 03:31:11;0;0;;Validado Manual;;;
MVD:WeatherObserved:00006;Estación Meteorológica - Centro;2025-02-17 03:36:11;0;0;;Validado Manual;;;
MVD:WeatherObserved:00006;Estación Meteorológica - Centro;2025-02-17 03:41:11;0;0;;Validado Manual;;;
MVD:WeatherObserved:00006;Estación Meteorológica - Centro;2025-02-17 03:46:12;0;0;;Validado Manual;;;
MVD:WeatherObserved:00006;Estación Meteorológica - Centro;2025-02-17 03:51:12;0;0;;Validado Manual;;;
MVD:WeatherObserved:00006;Estación Meteorológica - Centro;2025-02-17 03:56:12;0;0;;Validado Manual;;;
MVD:WeatherObserved:00006;Estación Meteorológica - Centro;2025-02-17 04:01:12;0;0;;Validado Manual;;;
MVD:WeatherObserved:00006;Estación Meteorológica - Centro;2025-02-17 04:06:12;0;0;;Validado Manual;;;
MVD:WeatherObserved:00006;Estación Meteorológica - Centro;2025-02-17 04:11:12;0;0;;Validado Manual;;;
MVD:WeatherObserved:00006;Estación Meteorológica - Centro;2025-02-17 04:16:12;0;0;;Validado Manual;;;
MVD:WeatherObserved:00006;Estación Meteorológica - Centro;2025-02-17 04:21:12;0;0;;Validado Manual;;;
MVD:WeatherObserved:00006;Estación Meteorológica - Centro;2025-02-17 04:26:12;0;0;;Validado Manual;;;
MVD:WeatherObserved:00006;Estación Meteorológica - Centro;2025-02-17 04:31:12;0;0;;Validado Manual;;;
MVD:WeatherObserved:00006;Estación Meteorológica - Centro;2025-02-17 04:36:12;0;0;;Validado Manual;;;
MVD:WeatherObserved:00006;Estación Meteorológica - Centro;2025-02-17 04:41:12;0;0;;Validado Manual;;;
MVD:WeatherObserved:00006;Estación Meteorológica - Centro;2025-02-17 04:46:12;0;0;;Validado Manual;;;
MVD:WeatherObserved:00006;Estación Meteorológica - Centro;2025-02-17 04:51:12;0;0;;Validado Manual;;;
MVD:WeatherObserved:00006;Estación Meteorológica - Centro;2025-02-17 04:56:13;0;0;;Validado Manual;;;
MVD:WeatherObserved:00006;Estación Meteorológica - Centro;2025-02-17 05:01:13;0;0;;Validado Manual;;;
MVD:WeatherObserved:00006;Estación Meteorológica - Centro;2025-02-17 05:06:13;0;0;;Validado Manual;;;
MVD:WeatherObserved:00006;Estación Meteorológica - Centro;2025-02-17 05:11:13;0;0;;Validado Manual;;;
MVD:WeatherObserved:00006;Estación Meteorológica - Centro;2025-02-17 05:16:13;0;0;;Validado Manual;;;
MVD:WeatherObserved:00006;Estación Meteorológica - Centro;2025-02-17 05:21:13;0;0;;Validado Manual;;;
MVD:WeatherObserved:00006;Estación Meteorológica - Centro;2025-02-17 05:26:13;0;0;;Validado Manual;;;
MVD:WeatherObserved:00006;Estación Meteorológica - Centro;2025-02-17 05:31:13;0;0;;Validado Manual;;;
MVD:WeatherObserved:00006;Estación Meteorológica - Centro;2025-02-17 05:36:13;0;0;;Validado Manual;;;
MVD:WeatherObserved:00006;Estación Meteorológica - Centro;2025-02-17 05:41:13;0;0;;Validado Manual;;;
MVD:WeatherObserved:00006;Estación Meteorológica - Centro;2025-02-17 05:46:13;0;0;;Validado Manual;;;
MVD:WeatherObserved:00006;Estación Meteorológica - Centro;2025-02-17 05:51:13;0;0;;Validado Manual;;;
MVD:WeatherObserved:00006;Estación Meteorológica - Centro;2025-02-17 05:56:13;0;0;;Validado Manual;;;
MVD:WeatherObserved:00006;Estación Meteorológica - Centro;2025-02-17 06:01:14;0;0;;Validado Manual;;;
MVD:WeatherObserved:00006;Estación Meteorológica - Centro;2025-02-17 06:06:14;0;0;;Validado Manual;;;
MVD:WeatherObserved:00006;Estación Meteorológica - Centro;2025-02-17 06:11:14;0;0;;Validado Manual;;;
MVD:WeatherObserved:00006;Estación Meteorológica - Centro;2025-02-17 06:16:14;0;0;;Validado Manual;;;
MVD:WeatherObserved:00006;Estación Meteorológica - Centro;2025-02-17 06:21:14;0;0;;Validado Manual;;;
MVD:WeatherObserved:00006;Estación Meteorológica - Centro;2025-02-17 06:26:14;0;0;;Validado Manual;;;
MVD:WeatherObserved:00006;Estación Meteorológica - Centro;2025-02-17 06:31:14;0;0;;Validado Manual;;;
MVD:WeatherObserved:00006;Estación Meteorológica - Centro;2025-02-17 06:36:14;0;0;;Validado Manual;;;
MVD:WeatherObserved:00006;Estación Meteorológica - Centro;2025-02-17 06:41:14;0;0;;Validado Manual;;;
MVD:WeatherObserved:00006;Estación Meteorológica - Centro;2025-02-17 06:46:14;0;0;;Validado Manual;;;
MVD:WeatherObserved:00006;Estación Meteorológica - Centro;2025-02-17 06:51:14;0;0;;Validado Manual;;;
MVD:WeatherObserved:00006;Estación Meteorológica - Centro;2025-02-17 06:56:14;0;0;;Validado Manual;;;
MVD:WeatherObserved:00006;Estación Meteorológica - Centro;2025-02-17 07:01:14;0;0;;Validado Manual;;;
MVD:WeatherObserved:00006;Estación Meteorológica - Centro;2025-02-17 07:06:14;0;0;;Validado Manual;;;
MVD:WeatherObserved:00006;Estación Meteorológica - Centro;2025-02-17 07:11:15;0;0;;Validado Manual;;;
MVD:WeatherObserved:00006;Estación Meteorológica - Centro;2025-02-17 07:16:15;0;0;;Validado Manual;;;
MVD:WeatherObserved:00006;Estación Meteorológica - Centro;2025-02-17 07:21:15;0;0;;Validado Manual;;;
MVD:WeatherObserved:00006;Estación Meteorológica - Centro;2025-02-17 07:26:15;0;0;;Validado Manual;;;
MVD:WeatherObserved:00006;Estación Meteorológica - Centro;2025-02-17 07:31:15;0;0;;Validado Manual;;;
MVD:WeatherObserved:00006;Estación Meteorológica - Centro;2025-02-17 07:36:15;0;0;;Validado Manual;;;
MVD:WeatherObserved:00006;Estación Meteorológica - Centro;2025-02-17 07:41:15;0;0;;Validado Manual;;;
MVD:WeatherObserved:00006;Estación Meteorológica - Centro;2025-02-17 07:46:15;0;0;;Validado Manual;;;
MVD:WeatherObserved:00006;Estación Meteorológica - Centro;2025-02-17 07:51:15;0;0;;Validado Manual;;;
MVD:WeatherObserved:00006;Estación Meteorológica - Centro;2025-02-17 07:56:15;0;0;;Validado Manual;;;
MVD:WeatherObserved:00006;Estación Meteorológica - Centro;2025-02-17 08:01:15;0;0;;Validado Manual;;;
MVD:WeatherObserved:00006;Estación Meteorológica - Centro;2025-02-17 08:06:15;0;0;;Validado Manual;;;
MVD:WeatherObserved:00006;Estación Meteorológica - Centro;2025-02-17 08:11:16;0;0;;Validado Manual;;;
MVD:WeatherObserved:00006;Estación Meteorológica - Centro;2025-02-17 08:16:16;0;0;;Validado Manual;;;
MVD:WeatherObserved:00006;Estación Meteorológica - Centro;2025-02-17 08:21:16;0;0;;Validado Manual;;;
MVD:WeatherObserved:00006;Estación Meteorológica - Centro;2025-02-17 08:26:16;0;0;;Validado Manual;;;
MVD:WeatherObserved:00006;Estación Meteorológica - Centro;2025-02-17 08:31:16;0;0;;Validado Manual;;;
MVD:WeatherObserved:00006;Estación Meteorológica - Centro;2025-02-17 08:36:16;0;0;;Validado Manual;;;
MVD:WeatherObserved:00006;Estación Meteorológica - Centro;2025-02-17 08:41:16;0;0;;Validado Manual;;;
MVD:WeatherObserved:00006;Estación Meteorológica - Centro;2025-02-17 08:46:16;0;0;;Validado Manual;;;
MVD:WeatherObserved:00006;Estación Meteorológica - Centro;2025-02-17 08:51:16;0;0;;Validado Manual;;;
MVD:WeatherObserved:00006;Estación Meteorológica - Centro;2025-02-17 08:56:16;0;0;;Validado Manual;;;
MVD:WeatherObserved:00006;Estación Meteorológica - Centro;2025-02-17 09:01:16;0;0;;Validado Manual;;;
MVD:WeatherObserved:00006;Estación Meteorológica - Centro;2025-02-17 09:06:16;0;0;;Validado Manual;;;
MVD:WeatherObserved:00006;Estación Meteorológica - Centro;2025-02-17 09:11:16;0;0;;Validado Manual;;;
MVD:WeatherObserved:00006;Estación Meteorológica - Centro;2025-02-17 09:16:16;0;0;;Validado Manual;;;
MVD:WeatherObserved:00006;Estación Meteorológica - Centro;2025-02-17 09:21:16;0;0;;Validado Manual;;;
MVD:WeatherObserved:00006;Estación Meteorológica - Centro;2025-02-17 09:26:17;0;0;;Validado Manual;;;
MVD:WeatherObserved:00006;Estación Meteorológica - Centro;2025-02-17 09:31:17;0;0;;Validado Manual;;;
MVD:WeatherObserved:00006;Estación Meteorológica - Centro;2025-02-17 09:36:17;0;0;;Validado Manual;;;
MVD:WeatherObserved:00006;Estación Meteorológica - Centro;2025-02-17 09:41:17;0;0;;Validado Manual;;;
MVD:WeatherObserved:00006;Estación Meteorológica - Centro;2025-02-17 09:46:17;0;0;;Validado Manual;;;
MVD:WeatherObserved:00006;Estación Meteorológica - Centro;2025-02-17 09:51:17;0;0;;Validado Manual;;;
MVD:WeatherObserved:00006;Estación Meteorológica - Centro;2025-02-17 09:56:17;0;0;;Validado Manual;;;
MVD:WeatherObserved:00006;Estación Meteorológica - Centro;2025-02-17 10:01:17;0;0;;Validado Manual;;;
MVD:WeatherObserved:00006;Estación Meteorológica - Centro;2025-02-17 10:06:17;0;0;;Validado Manual;;;
MVD:WeatherObserved:00006;Estación Meteorológica - Centro;2025-02-17 10:11:17;0;0;;Validado Manual;;;
MVD:WeatherObserved:00006;Estación Meteorológica - Centro;2025-02-17 10:16:17;0;0;;Validado Manual;;;
MVD:WeatherObserved:00006;Estación Meteorológica - Centro;2025-02-17 10:21:17;0;0;;Validado Manual;;;
MVD:WeatherObserved:00006;Estación Meteorológica - Centro;2025-02-17 10:26:17;0;0;;Validado Manual;;;
MVD:WeatherObserved:00006;Estación Meteorológica - Centro;2025-02-17 10:31:18;0;0;;Validado Manual;;;
MVD:WeatherObserved:00006;Estación Meteorológica - Centro;2025-02-17 10:36:18;0;0;;Validado Manual;;;
MVD:WeatherObserved:00006;Estación Meteorológica - Centro;2025-02-17 10:41:18;0;0;;Validado Manual;;;
MVD:WeatherObserved:00006;Estación Meteorológica - Centro;2025-02-17 10:46:18;0;0;;Validado Manual;;;
MVD:WeatherObserved:00006;Estación Meteorológica - Centro;2025-02-17 10:51:18;0;0;;Validado Manual;;;
MVD:WeatherObserved:00006;Estación Meteorológica - Centro;2025-02-17 10:56:18;0;0;;Validado Manual;;;
MVD:WeatherObserved:00006;Estación Meteorológica - Centro;2025-02-17 11:01:18;0;0;;Validado Manual;;;
MVD:WeatherObserved:00006;Estación Meteorológica - Centro;2025-02-17 11:06:18;0;0;;Validado Manual;;;
MVD:WeatherObserved:00006;Estación Meteorológica - Centro;2025-02-17 11:11:18;0;0;;Validado Manual;;;
MVD:WeatherObserved:00006;Estación Meteorológica - Centro;2025-02-17 11:16:18;0;0;;Validado Manual;;;
MVD:WeatherObserved:00006;Estación Meteorológica - Centro;2025-02-17 11:21:18;0;0;;Validado Manual;;;
MVD:WeatherObserved:00006;Estación Meteorológica - Centro;2025-02-17 11:26:18;0;0;;Validado Manual;;;
MVD:WeatherObserved:00006;Estación Meteorológica - Centro;2025-02-17 11:31:18;0;0;;Validado Manual;;;
MVD:WeatherObserved:00006;Estación Meteorológica - Centro;2025-02-17 11:36:18;0;0;;Validado Manual;;;
MVD:WeatherObserved:00006;Estación Meteorológica - Centro;2025-02-17 11:41:19;0;0;;Validado Manual;;;
MVD:WeatherObserved:00006;Estación Meteorológica - Centro;2025-02-17 11:46:19;0;0;;Validado Manual;;;
MVD:WeatherObserved:00006;Estación Meteorológica - Centro;2025-02-17 11:51:19;0;0;;Validado Manual;;;
MVD:WeatherObserved:00006;Estación Meteorológica - Centro;2025-02-17 11:56:19;0;0;;Validado Manual;;;
MVD:WeatherObserved:00006;Estación Meteorológica - Centro;2025-02-17 12:01:19;0;0;;Validado Manual;;;
MVD:WeatherObserved:00006;Estación Meteorológica - Centro;2025-02-17 12:06:19;0;0;;Validado Manual;;;
MVD:WeatherObserved:00006;Estación Meteorológica - Centro;2025-02-17 12:11:19;0;0;;Validado Manual;;;
MVD:WeatherObserved:00006;Estación Meteorológica - Centro;2025-02-17 12:16:19;0;0;;Validado Manual;;;
MVD:WeatherObserved:00006;Estación Meteorológica - Centro;2025-02-17 12:21:19;0;0;;Validado Manual;;;
MVD:WeatherObserved:00006;Estación Meteorológica - Centro;2025-02-17 12:26:19;0;0;;Validado Manual;;;
MVD:WeatherObserved:00006;Estación Meteorológica - Centro;2025-02-17 12:31:19;0;0;;Validado Manual;;;
MVD:WeatherObserved:00006;Estación Meteorológica - Centro;2025-02-17 12:36:19;0;0;;Validado Manual;;;
MVD:WeatherObserved:00006;Estación Meteorológica - Centro;2025-02-17 12:41:19;0;0;;Validado Manual;;;
MVD:WeatherObserved:00006;Estación Meteorológica - Centro;2025-02-17 12:46:19;0;0;;Validado Manual;;;
MVD:WeatherObserved:00006;Estación Meteorológica - Centro;2025-02-17 12:51:19;0;0;;Validado Manual;;;
MVD:WeatherObserved:00006;Estación Meteorológica - Centro;2025-02-17 12:56:19;0;0;;Validado Manual;;;
MVD:WeatherObserved:00006;Estación Meteorológica - Centro;2025-02-17 13:01:20;0;0;;Validado Manual;;;
MVD:WeatherObserved:00006;Estación Meteorológica - Centro;2025-02-17 13:06:20;0;0;;Validado Manual;;;
MVD:WeatherObserved:00006;Estación Meteorológica - Centro;2025-02-17 13:11:20;0;0;;Validado Manual;;;
MVD:WeatherObserved:00006;Estación Meteorológica - Centro;2025-02-17 13:16:20;0;0;;Validado Manual;;;
MVD:WeatherObserved:00006;Estación Meteorológica - Centro;2025-02-17 13:21:20;0;0;;Validado Manual;;;
MVD:WeatherObserved:00006;Estación Meteorológica - Centro;2025-02-17 13:26:20;0;0;;Validado Manual;;;
MVD:WeatherObserved:00006;Estación Meteorológica - Centro;2025-02-17 13:31:20;0;0;;Validado Manual;;;
MVD:WeatherObserved:00006;Estación Meteorológica - Centro;2025-02-17 13:36:20;0;0;;Validado Manual;;;
MVD:WeatherObserved:00006;Estación Meteorológica - Centro;2025-02-17 13:41:20;0;0;;Validado Manual;;;
MVD:WeatherObserved:00006;Estación Meteorológica - Centro;2025-02-17 13:46:20;0;0;;Validado Manual;;;
MVD:WeatherObserved:00006;Estación Meteorológica - Centro;2025-02-17 13:51:20;0;0;;Validado Manual;;;
MVD:WeatherObserved:00006;Estación Meteorológica - Centro;2025-02-17 13:56:20;0;0;;Validado Manual;;;
MVD:WeatherObserved:00006;Estación Meteorológica - Centro;2025-02-17 14:01:20;0;0;;Validado Manual;;;
MVD:WeatherObserved:00006;Estación Meteorológica - Centro;2025-02-17 14:06:20;0;0;;Validado Manual;;;
MVD:WeatherObserved:00006;Estación Meteorológica - Centro;2025-02-17 14:11:20;0;0;;Validado Manual;;;
MVD:WeatherObserved:00006;Estación Meteorológica - Centro;2025-02-17 14:16:20;0;0;;Validado Manual;;;
MVD:WeatherObserved:00006;Estación Meteorológica - Centro;2025-02-17 14:21:21;0;0;;Validado Manual;;;
MVD:WeatherObserved:00006;Estación Meteorológica - Centro;2025-02-17 14:26:21;0;0;;Validado Manual;;;
MVD:WeatherObserved:00006;Estación Meteorológica - Centro;2025-02-17 14:31:21;0;0;;Validado Manual;;;
MVD:WeatherObserved:00006;Estación Meteorológica - Centro;2025-02-17 14:36:21;0;0;;Validado Manual;;;
MVD:WeatherObserved:00006;Estación Meteorológica - Centro;2025-02-17 14:41:21;0;0;;Validado Manual;;;
MVD:WeatherObserved:00006;Estación Meteorológica - Centro;2025-02-17 14:46:21;0;0;;Validado Manual;;;
MVD:WeatherObserved:00006;Estación Meteorológica - Centro;2025-02-17 14:51:21;0;0;;Validado Manual;;;
MVD:WeatherObserved:00006;Estación Meteorológica - Centro;2025-02-17 14:56:21;0;0;;Validado Manual;;;
MVD:WeatherObserved:00006;Estación Meteorológica - Centro;2025-02-17 15:01:21;0;0;;Validado Manual;;;
MVD:WeatherObserved:00006;Estación Meteorológica - Centro;2025-02-17 15:06:21;0;0;;Validado Manual;;;
MVD:WeatherObserved:00006;Estación Meteorológica - Centro;2025-02-17 15:11:21;0;0;;Validado Manual;;;
MVD:WeatherObserved:00006;Estación Meteorológica - Centro;2025-02-17 15:16:21;0;0;;Validado Manual;;;
MVD:WeatherObserved:00006;Estación Meteorológica - Centro;2025-02-17 15:21:21;0;0;;Validado Manual;;;
MVD:WeatherObserved:00006;Estación Meteorológica - Centro;2025-02-17 15:26:21;0;0;;Validado Manual;;;
MVD:WeatherObserved:00006;Estación Meteorológica - Centro;2025-02-17 15:31:21;0;0;;Validado Manual;;;
MVD:WeatherObserved:00006;Estación Meteorológica - Centro;2025-02-17 15:36:22;0;0;;Validado Manual;;;
MVD:WeatherObserved:00006;Estación Meteorológica - Centro;2025-02-17 15:41:22;0;0;;Validado Manual;;;
MVD:WeatherObserved:00006;Estación Meteorológica - Centro;2025-02-17 15:46:22;0;0;;Validado Manual;;;
MVD:WeatherObserved:00006;Estación Meteorológica - Centro;2025-02-17 15:51:22;0;0;;Validado Manual;;;
MVD:WeatherObserved:00006;Estación Meteorológica - Centro;2025-02-17 15:56:22;0;0;;Validado Manual;;;
MVD:WeatherObserved:00006;Estación Meteorológica - Centro;2025-02-17 16:01:22;0;0;;Validado Manual;;;
MVD:WeatherObserved:00006;Estación Meteorológica - Centro;2025-02-17 16:06:22;0;0;;Validado Manual;;;
MVD:WeatherObserved:00006;Estación Meteorológica - Centro;2025-02-17 16:11:22;0;0;;Validado Manual;;;
MVD:WeatherObserved:00006;Estación Meteorológica - Centro;2025-02-17 16:16:22;0;0;;Validado Manual;;;
MVD:WeatherObserved:00006;Estación Meteorológica - Centro;2025-02-17 16:21:22;0;0;;Validado Manual;;;
MVD:WeatherObserved:00006;Estación Meteorológica - Centro;2025-02-17 16:26:22;0;0;;Validado Manual;;;
MVD:WeatherObserved:00006;Estación Meteorológica - Centro;2025-02-17 16:31:22;0;0;;Validado Manual;;;
MVD:WeatherObserved:00006;Estación Meteorológica - Centro;2025-02-17 16:36:22;0;0;;Validado Manual;;;
MVD:WeatherObserved:00006;Estación Meteorológica - Centro;2025-02-17 16:41:22;0;0;;Validado Manual;;;
MVD:WeatherObserved:00006;Estación Meteorológica - Centro;2025-02-17 16:46:22;0;0;;Validado Manual;;;
MVD:WeatherObserved:00006;Estación Meteorológica - Centro;2025-02-17 17:01:23;0;0;;Validado Manual;;;
MVD:WeatherObserved:00006;Estación Meteorológica - Centro;2025-02-17 17:06:23;0;0;;Validado Manual;;;
MVD:WeatherObserved:00006;Estación Meteorológica - Centro;2025-02-17 17:11:23;0;0;;Validado Manual;;;
MVD:WeatherObserved:00006;Estación Meteorológica - Centro;2025-02-17 17:16:23;0;0;;Validado Manual;;;
MVD:WeatherObserved:00006;Estación Meteorológica - Centro;2025-02-17 17:21:23;0;0;;Validado Manual;;;
MVD:WeatherObserved:00006;Estación Meteorológica - Centro;2025-02-17 17:26:23;0;0;;Validado Manual;;;
MVD:WeatherObserved:00006;Estación Meteorológica - Centro;2025-02-17 17:31:23;0;0;;Validado Manual;;;
MVD:WeatherObserved:00006;Estación Meteorológica - Centro;2025-02-17 17:36:23;0;0;;Validado Manual;;;
MVD:WeatherObserved:00006;Estación Meteorológica - Centro;2025-02-17 17:41:23;0;0;;Validado Manual;;;
MVD:WeatherObserved:00006;Estación Meteorológica - Centro;2025-02-17 17:46:23;0;0;;Validado Manual;;;
MVD:WeatherObserved:00006;Estación Meteorológica - Centro;2025-02-17 17:51:23;0;0;;Validado Manual;;;
MVD:WeatherObserved:00006;Estación Meteorológica - Centro;2025-02-17 17:56:23;0;0;;Validado Manual;;;
MVD:WeatherObserved:00006;Estación Meteorológica - Centro;2025-02-17 18:01:23;0;0;;Validado Manual;;;
MVD:WeatherObserved:00006;Estación Meteorológica - Centro;2025-02-17 18:06:23;0;0;;Validado Manual;;;
MVD:WeatherObserved:00006;Estación Meteorológica - Centro;2025-02-17 18:11:24;0;0;;Validado Manual;;;
MVD:WeatherObserved:00006;Estación Meteorológica - Centro;2025-02-17 18:16:24;0;0;;Validado Manual;;;
MVD:WeatherObserved:00006;Estación Meteorológica - Centro;2025-02-17 18:21:24;0;0;;Validado Manual;;;
MVD:WeatherObserved:00006;Estación Meteorológica - Centro;2025-02-17 18:26:24;0;0;;Validado Manual;;;
MVD:WeatherObserved:00006;Estación Meteorológica - Centro;2025-02-17 18:31:24;0;0;;Validado Manual;;;
MVD:WeatherObserved:00006;Estación Meteorológica - Centro;2025-02-17 18:36:24;0;0;;Validado Manual;;;
MVD:WeatherObserved:00006;Estación Meteorológica - Centro;2025-02-17 18:41:24;0;0;;Validado Manual;;;
MVD:WeatherObserved:00006;Estación Meteorológica - Centro;2025-02-17 18:46:24;0;0;;Validado Manual;;;
MVD:WeatherObserved:00006;Estación Meteorológica - Centro;2025-02-17 18:51:24;0;0;;Validado Manual;;;
MVD:WeatherObserved:00006;Estación Meteorológica - Centro;2025-02-17 18:56:24;0;0;;Validado Manual;;;
MVD:WeatherObserved:00006;Estación Meteorológica - Centro;2025-02-17 19:01:24;0;0;;Validado Manual;;;
MVD:WeatherObserved:00006;Estación Meteorológica - Centro;2025-02-17 19:06:24;0;0;;Validado Manual;;;
MVD:WeatherObserved:00006;Estación Meteorológica - Centro;2025-02-17 19:11:24;0;0;;Validado Manual;;;
MVD:WeatherObserved:00006;Estación Meteorológica - Centro;2025-02-17 19:16:24;0;0;;Validado Manual;;;
MVD:WeatherObserved:00006;Estación Meteorológica - Centro;2025-02-17 19:21:24;0;0;;Validado Manual;;;
MVD:WeatherObserved:00006;Estación Meteorológica - Centro;2025-02-17 19:26:24;0;0;;Validado Manual;;;
MVD:WeatherObserved:00006;Estación Meteorológica - Centro;2025-02-17 19:31:25;0;0;;Validado Manual;;;
MVD:WeatherObserved:00006;Estación Meteorológica - Centro;2025-02-17 19:36:25;0;0;;Validado Manual;;;
MVD:WeatherObserved:00006;Estación Meteorológica - Centro;2025-02-17 19:41:25;0;0;;Validado Manual;;;
MVD:WeatherObserved:00006;Estación Meteorológica - Centro;2025-02-17 19:46:25;0;0;;Validado Manual;;;
MVD:WeatherObserved:00006;Estación Meteorológica - Centro;2025-02-17 19:51:25;0;0;;Validado Manual;;;
MVD:WeatherObserved:00006;Estación Meteorológica - Centro;2025-02-17 19:56:25;0;0;;Validado Manual;;;
MVD:WeatherObserved:00006;Estación Meteorológica - Centro;2025-02-17 20:01:25;0;0;;Validado Manual;;;
MVD:WeatherObserved:00006;Estación Meteorológica - Centro;2025-02-17 20:06:25;0;0;;Validado Manual;;;
MVD:WeatherObserved:00006;Estación Meteorológica - Centro;2025-02-17 20:11:25;0;0;;Validado Manual;;;
MVD:WeatherObserved:00006;Estación Meteorológica - Centro;2025-02-17 20:16:25;0;0;;Validado Manual;;;
MVD:WeatherObserved:00006;Estación Meteorológica - Centro;2025-02-17 20:21:25;0;0;;Validado Manual;;;
MVD:WeatherObserved:00006;Estación Meteorológica - Centro;2025-02-17 20:26:25;0;0;;Validado Manual;;;
MVD:WeatherObserved:00006;Estación Meteorológica - Centro;2025-02-17 20:31:26;0;0;;Validado Manual;;;
MVD:WeatherObserved:00006;Estación Meteorológica - Centro;2025-02-17 20:36:26;0;0;;Validado Manual;;;
MVD:WeatherObserved:00006;Estación Meteorológica - Centro;2025-02-17 20:41:26;0;0;;Validado Manual;;;
MVD:WeatherObserved:00006;Estación Meteorológica - Centro;2025-02-17 20:46:26;0;0;;Validado Manual;;;
MVD:WeatherObserved:00006;Estación Meteorológica - Centro;2025-02-17 20:51:26;0;0;;Validado Manual;;;
MVD:WeatherObserved:00006;Estación Meteorológica - Centro;2025-02-17 20:56:26;0;0;;Validado Manual;;;
MVD:WeatherObserved:00006;Estación Meteorológica - Centro;2025-02-17 21:01:26;0;0;;Validado Manual;;;
MVD:WeatherObserved:00006;Estación Meteorológica - Centro;2025-02-17 21:06:26;0;0;;Validado Manual;;;
MVD:WeatherObserved:00006;Estación Meteorológica - Centro;2025-02-17 21:11:26;0;0;;Validado Manual;;;
MVD:WeatherObserved:00006;Estación Meteorológica - Centro;2025-02-17 21:16:26;0;0;;Validado Manual;;;
MVD:WeatherObserved:00006;Estación Meteorológica - Centro;2025-02-17 21:21:26;0;0;;Validado Manual;;;
MVD:WeatherObserved:00006;Estación Meteorológica - Centro;2025-02-17 21:26:26;0;0;;Validado Manual;;;
MVD:WeatherObserved:00006;Estación Meteorológica - Centro;2025-02-17 21:31:26;0;0;;Validado Manual;;;
MVD:WeatherObserved:00006;Estación Meteorológica - Centro;2025-02-17 21:36:26;0;0;;Validado Manual;;;
MVD:WeatherObserved:00006;Estación Meteorológica - Centro;2025-02-17 21:41:26;0;0;;Validado Manual;;;
MVD:WeatherObserved:00006;Estación Meteorológica - Centro;2025-02-17 21:46:27;0;0;;Validado Manual;;;
MVD:WeatherObserved:00006;Estación Meteorológica - Centro;2025-02-17 21:51:27;0;0;;Validado Manual;;;
MVD:WeatherObserved:00006;Estación Meteorológica - Centro;2025-02-17 21:56:27;0;0;;Validado Manual;;;
MVD:WeatherObserved:00006;Estación Meteorológica - Centro;2025-02-17 22:01:27;0;0;;Validado Manual;;;
MVD:WeatherObserved:00006;Estación Meteorológica - Centro;2025-02-17 22:06:27;0;0;;Validado Manual;;;
MVD:WeatherObserved:00006;Estación Meteorológica - Centro;2025-02-17 22:11:27;0;0;;Validado Manual;;;
MVD:WeatherObserved:00006;Estación Meteorológica - Centro;2025-02-17 22:16:27;0;0;;Validado Manual;;;
MVD:WeatherObserved:00006;Estación Meteorológica - Centro;2025-02-17 22:21:27;0;0;;Validado Manual;;;
MVD:WeatherObserved:00006;Estación Meteorológica - Centro;2025-02-17 22:26:27;0;0;;Validado Manual;;;
MVD:WeatherObserved:00006;Estación Meteorológica - Centro;2025-02-17 22:31:27;0;0;;Validado Manual;;;
MVD:WeatherObserved:00006;Estación Meteorológica - Centro;2025-02-17 22:36:27;0;0;;Validado Manual;;;
MVD:WeatherObserved:00006;Estación Meteorológica - Centro;2025-02-17 22:41:27;0;0;;Validado Manual;;;
MVD:WeatherObserved:00006;Estación Meteorológica - Centro;2025-02-17 22:46:27;0;0;;Validado Manual;;;
MVD:WeatherObserved:00006;Estación Meteorológica - Centro;2025-02-17 22:51:27;0;0;;Validado Manual;;;
MVD:WeatherObserved:00006;Estación Meteorológica - Centro;2025-02-17 22:56:28;0;0;;Validado Manual;;;
MVD:WeatherObserved:00006;Estación Meteorológica - Centro;2025-02-17 23:01:28;0;0;;Validado Manual;;;
MVD:WeatherObserved:00006;Estación Meteorológica - Centro;2025-02-17 23:06:28;0;0;;Validado Manual;;;
MVD:WeatherObserved:00006;Estación Meteorológica - Centro;2025-02-17 23:11:28;0;0;;Validado Manual;;;
MVD:WeatherObserved:00006;Estación Meteorológica - Centro;2025-02-17 23:16:28;0;0;;Validado Manual;;;
MVD:WeatherObserved:00006;Estación Meteorológica - Centro;2025-02-17 23:21:28;0;0;;Validado Manual;;;
MVD:WeatherObserved:00006;Estación Meteorológica - Centro;2025-02-17 23:26:28;0;0;;Validado Manual;;;
MVD:WeatherObserved:00006;Estación Meteorológica - Centro;2025-02-17 23:31:28;0;0;;Validado Manual;;;
MVD:WeatherObserved:00006;Estación Meteorológica - Centro;2025-02-17 23:36:28;0;0;;Validado Manual;;;
MVD:WeatherObserved:00006;Estación Meteorológica - Centro;2025-02-17 23:41:28;0;0;;Validado Manual;;;
MVD:WeatherObserved:00006;Estación Meteorológica - Centro;2025-02-17 23:46:28;0;0;;Validado Manual;;;
MVD:WeatherObserved:00006;Estación Meteorológica - Centro;2025-02-17 23:51:28;0;0;;Validado Manual;;;
MVD:WeatherObserved:00006;Estación Meteorológica - Centro;2025-02-17 23:56:28;0;0;;Validado Manual;;;
MVD:WeatherObserved:00006;Estación Meteorológica - Centro;2025-02-18 00:01:28;0;0;;Validado Manual;;;
MVD:WeatherObserved:00006;Estación Meteorológica - Centro;2025-02-18 00:06:28;0;0;;Validado Manual;;;
MVD:WeatherObserved:00006;Estación Meteorológica - Centro;2025-02-18 00:11:28;0;0;;Validado Manual;;;
MVD:WeatherObserved:00006;Estación Meteorológica - Centro;2025-02-18 00:16:28;0;0;;Validado Manual;;;
MVD:WeatherObserved:00006;Estación Meteorológica - Centro;2025-02-18 00:21:29;0;0;;Validado Manual;;;
MVD:WeatherObserved:00006;Estación Meteorológica - Centro;2025-02-18 00:26:29;0;0;;Validado Manual;;;
MVD:WeatherObserved:00006;Estación Meteorológica - Centro;2025-02-18 00:31:29;0;0;;Validado Manual;;;
MVD:WeatherObserved:00006;Estación Meteorológica - Centro;2025-02-18 00:36:29;0;0;;Validado Manual;;;
MVD:WeatherObserved:00006;Estación Meteorológica - Centro;2025-02-18 00:41:29;0;0;;Validado Manual;;;
MVD:WeatherObserved:00006;Estación Meteorológica - Centro;2025-02-18 00:46:29;0;0;;Validado Manual;;;
MVD:WeatherObserved:00006;Estación Meteorológica - Centro;2025-02-18 00:51:29;0;0;;Validado Manual;;;
MVD:WeatherObserved:00006;Estación Meteorológica - Centro;2025-02-18 00:56:29;0;0;;Validado Manual;;;
MVD:WeatherObserved:00006;Estación Meteorológica - Centro;2025-02-18 01:01:29;0;0;;Validado Manual;;;
MVD:WeatherObserved:00006;Estación Meteorológica - Centro;2025-02-18 01:06:29;0;0;;Validado Manual;;;
MVD:WeatherObserved:00006;Estación Meteorológica - Centro;2025-02-18 01:11:29;0;0;;Validado Manual;;;
MVD:WeatherObserved:00006;Estación Meteorológica - Centro;2025-02-18 01:16:29;0;0;;Validado Manual;;;
MVD:WeatherObserved:00006;Estación Meteorológica - Centro;2025-02-18 01:21:29;0;0;;Validado Manual;;;
MVD:WeatherObserved:00006;Estación Meteorológica - Centro;2025-02-18 01:26:30;0;0;;Validado Manual;;;
MVD:WeatherObserved:00006;Estación Meteorológica - Centro;2025-02-18 01:31:30;0;0;;Validado Manual;;;
MVD:WeatherObserved:00006;Estación Meteorológica - Centro;2025-02-18 01:36:30;0;0;;Validado Manual;;;
MVD:WeatherObserved:00006;Estación Meteorológica - Centro;2025-02-18 01:41:30;0;0;;Validado Manual;;;
MVD:WeatherObserved:00006;Estación Meteorológica - Centro;2025-02-18 01:46:30;0;0;;Validado Manual;;;
MVD:WeatherObserved:00006;Estación Meteorológica - Centro;2025-02-18 01:51:30;0;0;;Validado Manual;;;
MVD:WeatherObserved:00006;Estación Meteorológica - Centro;2025-02-18 01:56:30;0;0;;Validado Manual;;;
MVD:WeatherObserved:00006;Estación Meteorológica - Centro;2025-02-18 02:01:30;0;0;;Validado Manual;;;
MVD:WeatherObserved:00006;Estación Meteorológica - Centro;2025-02-18 02:06:30;0;0;;Validado Manual;;;
MVD:WeatherObserved:00006;Estación Meteorológica - Centro;2025-02-18 02:11:30;0;0;;Validado Manual;;;
MVD:WeatherObserved:00006;Estación Meteorológica - Centro;2025-02-18 02:16:30;0;0;;Validado Manual;;;
MVD:WeatherObserved:00006;Estación Meteorológica - Centro;2025-02-18 02:21:30;0;0;;Validado Manual;;;
MVD:WeatherObserved:00006;Estación Meteorológica - Centro;2025-02-18 02:26:30;0;0;;Validado Manual;;;
MVD:WeatherObserved:00006;Estación Meteorológica - Centro;2025-02-18 02:31:30;0;0;;Validado Manual;;;
MVD:WeatherObserved:00006;Estación Meteorológica - Centro;2025-02-18 02:36:31;0;0;;Validado Manual;;;
MVD:WeatherObserved:00006;Estación Meteorológica - Centro;2025-02-18 02:41:31;0;0;;Validado Manual;;;
MVD:WeatherObserved:00006;Estación Meteorológica - Centro;2025-02-18 02:46:31;0;0;;Validado Manual;;;
MVD:WeatherObserved:00006;Estación Meteorológica - Centro;2025-02-18 02:51:31;0;0;;Validado Manual;;;
MVD:WeatherObserved:00006;Estación Meteorológica - Centro;2025-02-18 02:56:31;0;0;;Validado Manual;;;
MVD:WeatherObserved:00006;Estación Meteorológica - Centro;2025-02-18 03:01:31;0;0;;Validado Manual;;;
MVD:WeatherObserved:00006;Estación Meteorológica - Centro;2025-02-18 03:06:31;0;0;;Validado Manual;;;
MVD:WeatherObserved:00006;Estación Meteorológica - Centro;2025-02-18 03:11:31;0;0;;Validado Manual;;;
MVD:WeatherObserved:00006;Estación Meteorológica - Centro;2025-02-18 03:16:31;0;0;;Validado Manual;;;
MVD:WeatherObserved:00006;Estación Meteorológica - Centro;2025-02-18 03:21:31;0;0;;Validado Manual;;;
MVD:WeatherObserved:00006;Estación Meteorológica - Centro;2025-02-18 03:26:31;0;0;;Validado Manual;;;
MVD:WeatherObserved:00006;Estación Meteorológica - Centro;2025-02-18 03:31:31;0;0;;Validado Manual;;;
MVD:WeatherObserved:00006;Estación Meteorológica - Centro;2025-02-18 03:36:31;0;0;;Validado Manual;;;
MVD:WeatherObserved:00006;Estación Meteorológica - Centro;2025-02-18 03:41:32;0;0;;Validado Manual;;;
MVD:WeatherObserved:00006;Estación Meteorológica - Centro;2025-02-18 03:46:32;0;0;;Validado Manual;;;
MVD:WeatherObserved:00006;Estación Meteorológica - Centro;2025-02-18 03:51:32;0;0;;Validado Manual;;;
MVD:WeatherObserved:00006;Estación Meteorológica - Centro;2025-02-18 03:56:32;0;0;;Validado Manual;;;
MVD:WeatherObserved:00006;Estación Meteorológica - Centro;2025-02-18 04:01:32;0;0;;Validado Manual;;;
MVD:WeatherObserved:00006;Estación Meteorológica - Centro;2025-02-18 04:06:32;0;0;;Validado Manual;;;
MVD:WeatherObserved:00006;Estación Meteorológica - Centro;2025-02-18 04:11:32;0;0;;Validado Manual;;;
MVD:WeatherObserved:00006;Estación Meteorológica - Centro;2025-02-18 04:16:32;0;0;;Validado Manual;;;
MVD:WeatherObserved:00006;Estación Meteorológica - Centro;2025-02-18 04:21:32;0;0;;Validado Manual;;;
MVD:WeatherObserved:00006;Estación Meteorológica - Centro;2025-02-18 04:26:32;0;0;;Validado Manual;;;
MVD:WeatherObserved:00006;Estación Meteorológica - Centro;2025-02-18 04:31:32;0;0;;Validado Manual;;;
MVD:WeatherObserved:00006;Estación Meteorológica - Centro;2025-02-18 04:36:32;0;0;;Validado Manual;;;
MVD:WeatherObserved:00006;Estación Meteorológica - Centro;2025-02-18 04:41:32;0;0;;Validado Manual;;;
MVD:WeatherObserved:00006;Estación Meteorológica - Centro;2025-02-18 04:46:33;0;0;;Validado Manual;;;
MVD:WeatherObserved:00006;Estación Meteorológica - Centro;2025-02-18 04:51:33;0;0;;Validado Manual;;;
MVD:WeatherObserved:00006;Estación Meteorológica - Centro;2025-02-18 04:56:33;0;0;;Validado Manual;;;
MVD:WeatherObserved:00006;Estación Meteorológica - Centro;2025-02-18 05:01:33;0;0;;Validado Manual;;;
MVD:WeatherObserved:00006;Estación Meteorológica - Centro;2025-02-18 05:06:33;0;0;;Validado Manual;;;
MVD:WeatherObserved:00006;Estación Meteorológica - Centro;2025-02-18 05:11:33;0;0;;Validado Manual;;;
MVD:WeatherObserved:00006;Estación Meteorológica - Centro;2025-02-18 05:16:33;0;0;;Validado Manual;;;
MVD:WeatherObserved:00006;Estación Meteorológica - Centro;2025-02-18 05:21:33;0;0;;Validado Manual;;;
MVD:WeatherObserved:00006;Estación Meteorológica - Centro;2025-02-18 05:26:33;0;0;;Validado Manual;;;
MVD:WeatherObserved:00006;Estación Meteorológica - Centro;2025-02-18 05:31:33;0;0;;Validado Manual;;;
MVD:WeatherObserved:00006;Estación Meteorológica - Centro;2025-02-18 05:36:33;0;0;;Validado Manual;;;
MVD:WeatherObserved:00006;Estación Meteorológica - Centro;2025-02-18 05:41:33;0;0;;Validado Manual;;;
MVD:WeatherObserved:00006;Estación Meteorológica - Centro;2025-02-18 05:46:34;0;0;;Validado Manual;;;
MVD:WeatherObserved:00006;Estación Meteorológica - Centro;2025-02-18 05:51:34;0;0;;Validado Manual;;;
MVD:WeatherObserved:00006;Estación Meteorológica - Centro;2025-02-18 05:56:34;0;0;;Validado Manual;;;
MVD:WeatherObserved:00006;Estación Meteorológica - Centro;2025-02-18 06:01:34;0;0;;Validado Manual;;;
MVD:WeatherObserved:00006;Estación Meteorológica - Centro;2025-02-18 06:06:34;0;0;;Validado Manual;;;
MVD:WeatherObserved:00006;Estación Meteorológica - Centro;2025-02-18 06:11:34;0;0;;Validado Manual;;;
MVD:WeatherObserved:00006;Estación Meteorológica - Centro;2025-02-18 06:16:34;0;0;;Validado Manual;;;
MVD:WeatherObserved:00006;Estación Meteorológica - Centro;2025-02-18 06:21:34;0;0;;Validado Manual;;;
MVD:WeatherObserved:00006;Estación Meteorológica - Centro;2025-02-18 06:26:34;0;0;;Validado Manual;;;
MVD:WeatherObserved:00006;Estación Meteorológica - Centro;2025-02-18 06:31:34;0;0;;Validado Manual;;;
MVD:WeatherObserved:00006;Estación Meteorológica - Centro;2025-02-18 06:36:34;0;0;;Validado Manual;;;
MVD:WeatherObserved:00006;Estación Meteorológica - Centro;2025-02-18 06:41:34;0;0;;Validado Manual;;;
MVD:WeatherObserved:00006;Estación Meteorológica - Centro;2025-02-18 06:46:34;0;0;;Validado Manual;;;
MVD:WeatherObserved:00006;Estación Meteorológica - Centro;2025-02-18 06:51:35;0;0;;Validado Manual;;;
MVD:WeatherObserved:00006;Estación Meteorológica - Centro;2025-02-18 06:56:35;0;0;;Validado Manual;;;
MVD:WeatherObserved:00006;Estación Meteorológica - Centro;2025-02-18 07:01:35;0;0;;Validado Manual;;;
MVD:WeatherObserved:00006;Estación Meteorológica - Centro;2025-02-18 07:06:35;0;0;;Validado Manual;;;
MVD:WeatherObserved:00006;Estación Meteorológica - Centro;2025-02-18 07:11:35;0;0;;Validado Manual;;;
MVD:WeatherObserved:00006;Estación Meteorológica - Centro;2025-02-18 07:16:35;0;0;;Validado Manual;;;
MVD:WeatherObserved:00006;Estación Meteorológica - Centro;2025-02-18 07:21:35;0;0;;Validado Manual;;;
MVD:WeatherObserved:00006;Estación Meteorológica - Centro;2025-02-18 07:26:35;0;0;;Validado Manual;;;
MVD:WeatherObserved:00006;Estación Meteorológica - Centro;2025-02-18 07:31:35;0;0;;Validado Manual;;;
MVD:WeatherObserved:00006;Estación Meteorológica - Centro;2025-02-18 07:36:35;0;0;;Validado Manual;;;
MVD:WeatherObserved:00006;Estación Meteorológica - Centro;2025-02-18 07:41:35;0;0;;Validado Manual;;;
MVD:WeatherObserved:00006;Estación Meteorológica - Centro;2025-02-18 07:46:35;0;0;;Validado Manual;;;
MVD:WeatherObserved:00006;Estación Meteorológica - Centro;2025-02-18 07:51:35;0;0;;Validado Manual;;;
MVD:WeatherObserved:00006;Estación Meteorológica - Centro;2025-02-18 07:56:35;0;0;;Validado Manual;;;
MVD:WeatherObserved:00006;Estación Meteorológica - Centro;2025-02-18 08:01:35;0;0;;Validado Manual;;;
MVD:WeatherObserved:00006;Estación Meteorológica - Centro;2025-02-18 08:06:35;0;0;;Validado Manual;;;
MVD:WeatherObserved:00006;Estación Meteorológica - Centro;2025-02-18 08:11:35;0;0;;Validado Manual;;;
MVD:WeatherObserved:00006;Estación Meteorológica - Centro;2025-02-18 08:16:36;0;0;;Validado Manual;;;
MVD:WeatherObserved:00006;Estación Meteorológica - Centro;2025-02-18 08:21:36;0;0;;Validado Manual;;;
MVD:WeatherObserved:00006;Estación Meteorológica - Centro;2025-02-18 08:26:36;0;0;;Validado Manual;;;
MVD:WeatherObserved:00006;Estación Meteorológica - Centro;2025-02-18 08:31:36;0;0;;Validado Manual;;;
MVD:WeatherObserved:00006;Estación Meteorológica - Centro;2025-02-18 08:36:36;0;0;;Validado Manual;;;
MVD:WeatherObserved:00006;Estación Meteorológica - Centro;2025-02-18 08:41:36;0;0;;Validado Manual;;;
MVD:WeatherObserved:00006;Estación Meteorológica - Centro;2025-02-18 08:46:36;0;0;;Validado Manual;;;
MVD:WeatherObserved:00006;Estación Meteorológica - Centro;2025-02-18 08:51:36;0;0;;Validado Manual;;;
MVD:WeatherObserved:00006;Estación Meteorológica - Centro;2025-02-18 08:56:36;0;0;;Validado Manual;;;
MVD:WeatherObserved:00006;Estación Meteorológica - Centro;2025-02-18 09:01:36;0;0;;Validado Manual;;;
MVD:WeatherObserved:00006;Estación Meteorológica - Centro;2025-02-18 09:06:36;0;0;;Validado Manual;;;
MVD:WeatherObserved:00006;Estación Meteorológica - Centro;2025-02-18 09:11:36;0;0;;Validado Manual;;;
MVD:WeatherObserved:00006;Estación Meteorológica - Centro;2025-02-18 09:16:36;0;0;;Validado Manual;;;
MVD:WeatherObserved:00006;Estación Meteorológica - Centro;2025-02-18 09:21:36;0;0;;Validado Manual;;;
MVD:WeatherObserved:00006;Estación Meteorológica - Centro;2025-02-18 09:26:37;0;0;;Validado Manual;;;
MVD:WeatherObserved:00006;Estación Meteorológica - Centro;2025-02-18 09:31:37;0;0;;Validado Manual;;;
MVD:WeatherObserved:00006;Estación Meteorológica - Centro;2025-02-18 09:36:37;0;0;;Validado Manual;;;
MVD:WeatherObserved:00006;Estación Meteorológica - Centro;2025-02-18 09:41:37;0;0;;Validado Manual;;;
MVD:WeatherObserved:00006;Estación Meteorológica - Centro;2025-02-18 09:46:37;0;0;;Validado Manual;;;
MVD:WeatherObserved:00006;Estación Meteorológica - Centro;2025-02-18 09:51:37;0;0;;Validado Manual;;;
MVD:WeatherObserved:00006;Estación Meteorológica - Centro;2025-02-18 09:56:37;0;0;;Validado Manual;;;
MVD:WeatherObserved:00006;Estación Meteorológica - Centro;2025-02-18 10:01:37;0;0;;Validado Manual;;;
MVD:WeatherObserved:00006;Estación Meteorológica - Centro;2025-02-18 10:06:37;0;0;;Validado Manual;;;
MVD:WeatherObserved:00006;Estación Meteorológica - Centro;2025-02-18 10:11:37;0;0;;Validado Manual;;;
MVD:WeatherObserved:00006;Estación Meteorológica - Centro;2025-02-18 10:16:37;0;0;;Validado Manual;;;
MVD:WeatherObserved:00006;Estación Meteorológica - Centro;2025-02-18 10:21:37;0;0;;Validado Manual;;;
MVD:WeatherObserved:00006;Estación Meteorológica - Centro;2025-02-18 10:26:37;0;0;;Validado Manual;;;
MVD:WeatherObserved:00006;Estación Meteorológica - Centro;2025-02-18 10:31:38;0;0;;Validado Manual;;;
MVD:WeatherObserved:00006;Estación Meteorológica - Centro;2025-02-18 10:36:38;0;0;;Validado Manual;;;
MVD:WeatherObserved:00006;Estación Meteorológica - Centro;2025-02-18 10:41:38;0;0;;Validado Manual;;;
MVD:WeatherObserved:00006;Estación Meteorológica - Centro;2025-02-18 10:46:38;0;0;;Validado Manual;;;
MVD:WeatherObserved:00006;Estación Meteorológica - Centro;2025-02-18 10:51:38;0;0;;Validado Manual;;;
MVD:WeatherObserved:00006;Estación Meteorológica - Centro;2025-02-18 10:56:38;0;0;;Validado Manual;;;
MVD:WeatherObserved:00006;Estación Meteorológica - Centro;2025-02-18 11:01:38;0;0;;Validado Manual;;;
MVD:WeatherObserved:00006;Estación Meteorológica - Centro;2025-02-18 11:06:38;0;0;;Validado Manual;;;
MVD:WeatherObserved:00006;Estación Meteorológica - Centro;2025-02-18 11:11:38;0;0;;Validado Manual;;;
MVD:WeatherObserved:00006;Estación Meteorológica - Centro;2025-02-18 11:16:38;0;0;;Validado Manual;;;
MVD:WeatherObserved:00006;Estación Meteorológica - Centro;2025-02-18 11:21:38;0;0;;Validado Manual;;;
MVD:WeatherObserved:00006;Estación Meteorológica - Centro;2025-02-18 11:26:38;0;0;;Validado Manual;;;
MVD:WeatherObserved:00006;Estación Meteorológica - Centro;2025-02-18 11:31:38;0;0;;Validado Manual;;;
MVD:WeatherObserved:00006;Estación Meteorológica - Centro;2025-02-18 11:36:38;0;0;;Validado Manual;;;
MVD:WeatherObserved:00006;Estación Meteorológica - Centro;2025-02-18 11:41:38;0;0;;Validado Manual;;;
MVD:WeatherObserved:00006;Estación Meteorológica - Centro;2025-02-18 11:46:39;0;0;;Validado Manual;;;
MVD:WeatherObserved:00006;Estación Meteorológica - Centro;2025-02-18 11:51:39;0;0;;Validado Manual;;;
MVD:WeatherObserved:00006;Estación Meteorológica - Centro;2025-02-18 11:56:39;0;0;;Validado Manual;;;
MVD:WeatherObserved:00006;Estación Meteorológica - Centro;2025-02-18 12:01:39;0;0;;Validado Manual;;;
MVD:WeatherObserved:00006;Estación Meteorológica - Centro;2025-02-18 12:06:39;0;0;;Validado Manual;;;
MVD:WeatherObserved:00006;Estación Meteorológica - Centro;2025-02-18 12:11:39;0;0;;Validado Manual;;;
MVD:WeatherObserved:00006;Estación Meteorológica - Centro;2025-02-18 12:16:39;0;0;;Validado Manual;;;
MVD:WeatherObserved:00006;Estación Meteorológica - Centro;2025-02-18 12:21:39;0;0;;Validado Manual;;;
MVD:WeatherObserved:00006;Estación Meteorológica - Centro;2025-02-18 12:26:39;0;0;;Validado Manual;;;
MVD:WeatherObserved:00006;Estación Meteorológica - Centro;2025-02-18 12:31:39;0;0;;Validado Manual;;;
MVD:WeatherObserved:00006;Estación Meteorológica - Centro;2025-02-18 12:36:39;0;0;;Validado Manual;;;
MVD:WeatherObserved:00006;Estación Meteorológica - Centro;2025-02-18 12:41:39;0;0;;Validado Manual;;;
MVD:WeatherObserved:00006;Estación Meteorológica - Centro;2025-02-18 12:46:39;0;0;;Validado Manual;;;
MVD:WeatherObserved:00006;Estación Meteorológica - Centro;2025-02-18 12:51:39;0;0;;Validado Manual;;;
MVD:WeatherObserved:00006;Estación Meteorológica - Centro;2025-02-18 12:56:40;0;0;;Validado Manual;;;
MVD:WeatherObserved:00006;Estación Meteorológica - Centro;2025-02-18 13:01:40;0;0;;Validado Manual;;;
MVD:WeatherObserved:00006;Estación Meteorológica - Centro;2025-02-18 13:06:40;0;0;;Validado Manual;;;
MVD:WeatherObserved:00006;Estación Meteorológica - Centro;2025-02-18 13:11:40;0;0;;Validado Manual;;;
MVD:WeatherObserved:00006;Estación Meteorológica - Centro;2025-02-18 13:16:40;0;0;;Validado Manual;;;
MVD:WeatherObserved:00006;Estación Meteorológica - Centro;2025-02-18 13:21:40;0;0;;Validado Manual;;;
MVD:WeatherObserved:00006;Estación Meteorológica - Centro;2025-02-18 13:26:40;0;0;;Validado Manual;;;
MVD:WeatherObserved:00006;Estación Meteorológica - Centro;2025-02-18 13:31:40;0;0;;Validado Manual;;;
MVD:WeatherObserved:00006;Estación Meteorológica - Centro;2025-02-18 13:36:40;0;0;;Validado Manual;;;
MVD:WeatherObserved:00006;Estación Meteorológica - Centro;2025-02-18 13:41:40;0;0;;Validado Manual;;;
MVD:WeatherObserved:00006;Estación Meteorológica - Centro;2025-02-18 13:46:40;0;0;;Validado Manual;;;
MVD:WeatherObserved:00006;Estación Meteorológica - Centro;2025-02-18 13:51:40;0;0;;Validado Manual;;;
MVD:WeatherObserved:00006;Estación Meteorológica - Centro;2025-02-18 13:56:40;0;0;;Validado Manual;;;
MVD:WeatherObserved:00006;Estación Meteorológica - Centro;2025-02-18 14:01:40;0;0;;Validado Manual;;;
MVD:WeatherObserved:00006;Estación Meteorológica - Centro;2025-02-18 14:06:40;0;0;;Validado Manual;;;
MVD:WeatherObserved:00006;Estación Meteorológica - Centro;2025-02-18 14:11:40;0;0;;Validado Manual;;;
MVD:WeatherObserved:00006;Estación Meteorológica - Centro;2025-02-18 14:16:41;0;0;;Validado Manual;;;
MVD:WeatherObserved:00006;Estación Meteorológica - Centro;2025-02-18 14:21:41;0;0;;Validado Manual;;;
MVD:WeatherObserved:00006;Estación Meteorológica - Centro;2025-02-18 14:26:41;0;0;;Validado Manual;;;
MVD:WeatherObserved:00006;Estación Meteorológica - Centro;2025-02-18 14:31:41;0;0;;Validado Manual;;;
MVD:WeatherObserved:00006;Estación Meteorológica - Centro;2025-02-18 14:36:41;0;0;;Validado Manual;;;
MVD:WeatherObserved:00006;Estación Meteorológica - Centro;2025-02-18 14:41:41;0;0;;Validado Manual;;;
MVD:WeatherObserved:00006;Estación Meteorológica - Centro;2025-02-18 14:46:41;0;0;;Validado Manual;;;
MVD:WeatherObserved:00006;Estación Meteorológica - Centro;2025-02-18 14:51:41;0;0;;Validado Manual;;;
MVD:WeatherObserved:00006;Estación Meteorológica - Centro;2025-02-18 14:56:41;0;0;;Validado Manual;;;
MVD:WeatherObserved:00006;Estación Meteorológica - Centro;2025-02-18 15:01:41;0;0;;Validado Manual;;;
MVD:WeatherObserved:00006;Estación Meteorológica - Centro;2025-02-18 15:06:41;0;0;;Validado Manual;;;
MVD:WeatherObserved:00006;Estación Meteorológica - Centro;2025-02-18 15:11:41;0;0;;Validado Manual;;;
MVD:WeatherObserved:00006;Estación Meteorológica - Centro;2025-02-18 15:16:41;0;0;;Validado Manual;;;
MVD:WeatherObserved:00006;Estación Meteorológica - Centro;2025-02-18 15:21:42;0;0;;Validado Manual;;;
MVD:WeatherObserved:00006;Estación Meteorológica - Centro;2025-02-18 15:26:42;0;0;;Validado Manual;;;
MVD:WeatherObserved:00006;Estación Meteorológica - Centro;2025-02-18 15:31:42;0;0;;Validado Manual;;;
MVD:WeatherObserved:00006;Estación Meteorológica - Centro;2025-02-18 15:36:42;0;0;;Validado Manual;;;
MVD:WeatherObserved:00006;Estación Meteorológica - Centro;2025-02-18 15:41:42;0;0;;Validado Manual;;;
MVD:WeatherObserved:00006;Estación Meteorológica - Centro;2025-02-18 15:46:42;0;0;;Validado Manual;;;
MVD:WeatherObserved:00006;Estación Meteorológica - Centro;2025-02-18 15:51:42;0;0;;Validado Manual;;;
MVD:WeatherObserved:00006;Estación Meteorológica - Centro;2025-02-18 15:56:42;0;0;;Validado Manual;;;
MVD:WeatherObserved:00006;Estación Meteorológica - Centro;2025-02-18 16:01:42;0;0;;Validado Manual;;;
MVD:WeatherObserved:00006;Estación Meteorológica - Centro;2025-02-18 16:06:42;0;0;;Validado Manual;;;
MVD:WeatherObserved:00006;Estación Meteorológica - Centro;2025-02-18 16:11:42;0;0;;Validado Manual;;;
MVD:WeatherObserved:00006;Estación Meteorológica - Centro;2025-02-18 16:16:42;0;0;;Validado Manual;;;
MVD:WeatherObserved:00006;Estación Meteorológica - Centro;2025-02-18 16:21:42;0;0;;Validado Manual;;;
MVD:WeatherObserved:00006;Estación Meteorológica - Centro;2025-02-18 16:26:42;0;0;;Validado Manual;;;
MVD:WeatherObserved:00006;Estación Meteorológica - Centro;2025-02-18 16:31:42;0;0;;Validado Manual;;;
MVD:WeatherObserved:00006;Estación Meteorológica - Centro;2025-02-18 16:36:42;0;0;;Validado Manual;;;
MVD:WeatherObserved:00006;Estación Meteorológica - Centro;2025-02-18 16:41:43;0;0;;Validado Manual;;;
MVD:WeatherObserved:00006;Estación Meteorológica - Centro;2025-02-18 16:46:43;0;0;;Validado Manual;;;
MVD:WeatherObserved:00006;Estación Meteorológica - Centro;2025-02-18 16:51:43;0;0;;Validado Manual;;;
MVD:WeatherObserved:00006;Estación Meteorológica - Centro;2025-02-18 16:56:43;0;0;;Validado Manual;;;
MVD:WeatherObserved:00006;Estación Meteorológica - Centro;2025-02-18 17:01:43;0;0;;Validado Manual;;;
MVD:WeatherObserved:00006;Estación Meteorológica - Centro;2025-02-18 17:06:43;0;0;;Validado Manual;;;
MVD:WeatherObserved:00006;Estación Meteorológica - Centro;2025-02-18 17:11:43;0;0;;Validado Manual;;;
MVD:WeatherObserved:00006;Estación Meteorológica - Centro;2025-02-18 17:16:43;0;0;;Validado Manual;;;
MVD:WeatherObserved:00006;Estación Meteorológica - Centro;2025-02-18 17:21:43;0;0;;Validado Manual;;;
MVD:WeatherObserved:00006;Estación Meteorológica - Centro;2025-02-18 17:26:43;0;0;;Validado Manual;;;
MVD:WeatherObserved:00006;Estación Meteorológica - Centro;2025-02-18 17:31:43;0;0;;Validado Manual;;;
MVD:WeatherObserved:00006;Estación Meteorológica - Centro;2025-02-18 17:36:43;0;0;;Validado Manual;;;
MVD:WeatherObserved:00006;Estación Meteorológica - Centro;2025-02-18 17:41:43;0;0;;Validado Manual;;;
MVD:WeatherObserved:00006;Estación Meteorológica - Centro;2025-02-18 17:46:43;0;0;;Validado Manual;;;
MVD:WeatherObserved:00006;Estación Meteorológica - Centro;2025-02-18 17:51:43;0;0;;Validado Manual;;;
MVD:WeatherObserved:00006;Estación Meteorológica - Centro;2025-02-18 17:56:44;0;0;;Validado Manual;;;
MVD:WeatherObserved:00006;Estación Meteorológica - Centro;2025-02-18 18:01:44;0;0;;Validado Manual;;;
MVD:WeatherObserved:00006;Estación Meteorológica - Centro;2025-02-18 18:06:44;0;0;;Validado Manual;;;
MVD:WeatherObserved:00006;Estación Meteorológica - Centro;2025-02-18 18:11:44;0;0;;Validado Manual;;;
MVD:WeatherObserved:00006;Estación Meteorológica - Centro;2025-02-18 18:16:44;0;0;;Validado Manual;;;
MVD:WeatherObserved:00006;Estación Meteorológica - Centro;2025-02-18 18:21:44;0;0;;Validado Manual;;;
MVD:WeatherObserved:00006;Estación Meteorológica - Centro;2025-02-18 18:26:44;0;0;;Validado Manual;;;
MVD:WeatherObserved:00006;Estación Meteorológica - Centro;2025-02-18 18:31:44;0;0;;Validado Manual;;;
MVD:WeatherObserved:00006;Estación Meteorológica - Centro;2025-02-18 18:36:44;0;0;;Validado Manual;;;
MVD:WeatherObserved:00006;Estación Meteorológica - Centro;2025-02-18 18:41:44;0;0;;Validado Manual;;;
MVD:WeatherObserved:00006;Estación Meteorológica - Centro;2025-02-18 18:46:44;0;0;;Validado Manual;;;
MVD:WeatherObserved:00006;Estación Meteorológica - Centro;2025-02-18 18:51:44;0;0;;Validado Manual;;;
MVD:WeatherObserved:00006;Estación Meteorológica - Centro;2025-02-18 18:56:44;0;0;;Validado Manual;;;
MVD:WeatherObserved:00006;Estación Meteorológica - Centro;2025-02-18 19:01:44;0;0;;Validado Manual;;;
MVD:WeatherObserved:00006;Estación Meteorológica - Centro;2025-02-18 19:06:44;0;0;;Validado Manual;;;
MVD:WeatherObserved:00006;Estación Meteorológica - Centro;2025-02-18 19:11:45;0;0;;Validado Manual;;;
MVD:WeatherObserved:00006;Estación Meteorológica - Centro;2025-02-18 19:16:45;0;0;;Validado Manual;;;
MVD:WeatherObserved:00006;Estación Meteorológica - Centro;2025-02-18 19:21:45;0;0;;Validado Manual;;;
MVD:WeatherObserved:00006;Estación Meteorológica - Centro;2025-02-18 19:26:45;0;0;;Validado Manual;;;
MVD:WeatherObserved:00006;Estación Meteorológica - Centro;2025-02-18 19:31:45;0;0;;Validado Manual;;;
MVD:WeatherObserved:00006;Estación Meteorológica - Centro;2025-02-18 19:36:45;0;0;;Validado Manual;;;
MVD:WeatherObserved:00006;Estación Meteorológica - Centro;2025-02-18 19:41:45;0;0;;Validado Manual;;;
MVD:WeatherObserved:00006;Estación Meteorológica - Centro;2025-02-18 19:46:45;0;0;;Validado Manual;;;
MVD:WeatherObserved:00006;Estación Meteorológica - Centro;2025-02-18 19:51:45;0;0;;Validado Manual;;;
MVD:WeatherObserved:00006;Estación Meteorológica - Centro;2025-02-18 19:56:45;0;0;;Validado Manual;;;
MVD:WeatherObserved:00006;Estación Meteorológica - Centro;2025-02-18 20:01:45;0;0;;Validado Manual;;;
MVD:WeatherObserved:00006;Estación Meteorológica - Centro;2025-02-18 20:06:45;0;0;;Validado Manual;;;
MVD:WeatherObserved:00006;Estación Meteorológica - Centro;2025-02-18 20:11:45;0;0;;Validado Manual;;;
MVD:WeatherObserved:00006;Estación Meteorológica - Centro;2025-02-18 20:16:46;0;0;;Validado Manual;;;
MVD:WeatherObserved:00006;Estación Meteorológica - Centro;2025-02-18 20:21:46;0;0;;Validado Manual;;;
MVD:WeatherObserved:00006;Estación Meteorológica - Centro;2025-02-18 20:26:46;0;0;;Validado Manual;;;
MVD:WeatherObserved:00006;Estación Meteorológica - Centro;2025-02-18 20:31:46;0;0;;Validado Manual;;;
MVD:WeatherObserved:00006;Estación Meteorológica - Centro;2025-02-18 20:36:46;0;0;;Validado Manual;;;
MVD:WeatherObserved:00006;Estación Meteorológica - Centro;2025-02-18 20:41:46;0;0;;Validado Manual;;;
MVD:WeatherObserved:00006;Estación Meteorológica - Centro;2025-02-18 20:46:46;0;0;;Validado Manual;;;
MVD:WeatherObserved:00006;Estación Meteorológica - Centro;2025-02-18 20:51:46;0;0;;Validado Manual;;;
MVD:WeatherObserved:00006;Estación Meteorológica - Centro;2025-02-18 20:56:46;0;0;;Validado Manual;;;
MVD:WeatherObserved:00006;Estación Meteorológica - Centro;2025-02-18 21:01:46;0;0;;Validado Manual;;;
MVD:WeatherObserved:00006;Estación Meteorológica - Centro;2025-02-18 21:06:46;0;0;;Validado Manual;;;
MVD:WeatherObserved:00006;Estación Meteorológica - Centro;2025-02-18 21:11:46;0;0;;Validado Manual;;;
MVD:WeatherObserved:00006;Estación Meteorológica - Centro;2025-02-18 21:16:47;0;0;;Validado Manual;;;
MVD:WeatherObserved:00006;Estación Meteorológica - Centro;2025-02-18 21:21:47;0;0;;Validado Manual;;;
MVD:WeatherObserved:00006;Estación Meteorológica - Centro;2025-02-18 21:26:47;0;0;;Validado Manual;;;
MVD:WeatherObserved:00006;Estación Meteorológica - Centro;2025-02-18 21:31:47;0;0;;Validado Manual;;;
MVD:WeatherObserved:00006;Estación Meteorológica - Centro;2025-02-18 21:36:47;0;0;;Validado Manual;;;
MVD:WeatherObserved:00006;Estación Meteorológica - Centro;2025-02-18 21:41:47;0;0;;Validado Manual;;;
MVD:WeatherObserved:00006;Estación Meteorológica - Centro;2025-02-18 21:46:47;0;0;;Validado Manual;;;
MVD:WeatherObserved:00006;Estación Meteorológica - Centro;2025-02-18 21:51:47;0;0;;Validado Manual;;;
MVD:WeatherObserved:00006;Estación Meteorológica - Centro;2025-02-18 21:56:47;0;0;;Validado Manual;;;
MVD:WeatherObserved:00006;Estación Meteorológica - Centro;2025-02-18 22:01:47;0;0;;Validado Manual;;;
MVD:WeatherObserved:00006;Estación Meteorológica - Centro;2025-02-18 22:06:47;0;0;;Validado Manual;;;
MVD:WeatherObserved:00006;Estación Meteorológica - Centro;2025-02-18 22:11:47;0;0;;Validado Manual;;;
MVD:WeatherObserved:00006;Estación Meteorológica - Centro;2025-02-18 22:16:47;0;0;;Validado Manual;;;
MVD:WeatherObserved:00006;Estación Meteorológica - Centro;2025-02-18 22:21:48;0;0;;Validado Manual;;;
MVD:WeatherObserved:00006;Estación Meteorológica - Centro;2025-02-18 22:26:48;0;0;;Validado Manual;;;
MVD:WeatherObserved:00006;Estación Meteorológica - Centro;2025-02-18 22:31:48;0;0;;Validado Manual;;;
MVD:WeatherObserved:00006;Estación Meteorológica - Centro;2025-02-18 22:36:48;0;0;;Validado Manual;;;
MVD:WeatherObserved:00006;Estación Meteorológica - Centro;2025-02-18 22:41:48;0;0;;Validado Manual;;;
MVD:WeatherObserved:00006;Estación Meteorológica - Centro;2025-02-18 22:46:48;0;0;;Validado Manual;;;
MVD:WeatherObserved:00006;Estación Meteorológica - Centro;2025-02-18 22:51:48;0;0;;Validado Manual;;;
MVD:WeatherObserved:00006;Estación Meteorológica - Centro;2025-02-18 22:56:48;0;0;;Validado Manual;;;
MVD:WeatherObserved:00006;Estación Meteorológica - Centro;2025-02-18 23:01:48;0;0;;Validado Manual;;;
MVD:WeatherObserved:00006;Estación Meteorológica - Centro;2025-02-18 23:06:48;0;0;;Validado Manual;;;
MVD:WeatherObserved:00006;Estación Meteorológica - Centro;2025-02-18 23:11:48;0;0;;Validado Manual;;;
MVD:WeatherObserved:00006;Estación Meteorológica - Centro;2025-02-18 23:16:48;0;0;;Validado Manual;;;
MVD:WeatherObserved:00006;Estación Meteorológica - Centro;2025-02-18 23:21:48;0;0;;Validado Manual;;;
MVD:WeatherObserved:00006;Estación Meteorológica - Centro;2025-02-18 23:26:49;0;0;;Validado Manual;;;
MVD:WeatherObserved:00006;Estación Meteorológica - Centro;2025-02-18 23:31:49;0;0;;Validado Manual;;;
MVD:WeatherObserved:00006;Estación Meteorológica - Centro;2025-02-18 23:36:49;0;0;;Validado Manual;;;
MVD:WeatherObserved:00006;Estación Meteorológica - Centro;2025-02-18 23:41:49;0;0;;Validado Manual;;;
MVD:WeatherObserved:00006;Estación Meteorológica - Centro;2025-02-18 23:46:49;0;0;;Validado Manual;;;
MVD:WeatherObserved:00006;Estación Meteorológica - Centro;2025-02-18 23:51:49;0;0;;Validado Manual;;;
MVD:WeatherObserved:00006;Estación Meteorológica - Centro;2025-02-18 23:56:49;0;0;;Validado Manual;;;
MVD:WeatherObserved:00006;Estación Meteorológica - Centro;2025-02-19 00:01:49;0;0;;Validado Manual;;;
MVD:WeatherObserved:00006;Estación Meteorológica - Centro;2025-02-19 00:06:49;0;0;;Validado Manual;;;
MVD:WeatherObserved:00006;Estación Meteorológica - Centro;2025-02-19 00:11:49;0;0;;Validado Manual;;;
MVD:WeatherObserved:00006;Estación Meteorológica - Centro;2025-02-19 00:16:49;0;0;;Validado Manual;;;
MVD:WeatherObserved:00006;Estación Meteorológica - Centro;2025-02-19 00:21:49;0;0;;Validado Manual;;;
MVD:WeatherObserved:00006;Estación Meteorológica - Centro;2025-02-19 00:26:49;0;0;;Validado Manual;;;
MVD:WeatherObserved:00006;Estación Meteorológica - Centro;2025-02-19 00:31:50;0;0;;Validado Manual;;;
MVD:WeatherObserved:00006;Estación Meteorológica - Centro;2025-02-19 00:36:50;0;0;;Validado Manual;;;
MVD:WeatherObserved:00006;Estación Meteorológica - Centro;2025-02-19 00:41:50;0;0;;Validado Manual;;;
MVD:WeatherObserved:00006;Estación Meteorológica - Centro;2025-02-19 00:46:50;0;0;;Validado Manual;;;
MVD:WeatherObserved:00006;Estación Meteorológica - Centro;2025-02-19 00:51:50;0;0;;Validado Manual;;;
MVD:WeatherObserved:00006;Estación Meteorológica - Centro;2025-02-19 00:56:50;0;0;;Validado Manual;;;
MVD:WeatherObserved:00006;Estación Meteorológica - Centro;2025-02-19 01:01:50;0;0;;Validado Manual;;;
MVD:WeatherObserved:00006;Estación Meteorológica - Centro;2025-02-19 01:06:50;0;0;;Validado Manual;;;
MVD:WeatherObserved:00006;Estación Meteorológica - Centro;2025-02-19 01:11:50;0;0;;Validado Manual;;;
MVD:WeatherObserved:00006;Estación Meteorológica - Centro;2025-02-19 01:16:50;0;0;;Validado Manual;;;
MVD:WeatherObserved:00006;Estación Meteorológica - Centro;2025-02-19 01:21:50;0;0;;Validado Manual;;;
MVD:WeatherObserved:00006;Estación Meteorológica - Centro;2025-02-19 01:26:50;0;0;;Validado Manual;;;
MVD:WeatherObserved:00006;Estación Meteorológica - Centro;2025-02-19 01:31:51;0;0;;Validado Manual;;;
MVD:WeatherObserved:00006;Estación Meteorológica - Centro;2025-02-19 01:36:51;0;0;;Validado Manual;;;
MVD:WeatherObserved:00006;Estación Meteorológica - Centro;2025-02-19 01:41:51;0;0;;Validado Manual;;;
MVD:WeatherObserved:00006;Estación Meteorológica - Centro;2025-02-19 01:46:51;0;0;;Validado Manual;;;
MVD:WeatherObserved:00006;Estación Meteorológica - Centro;2025-02-19 01:51:51;0;0;;Validado Manual;;;
MVD:WeatherObserved:00006;Estación Meteorológica - Centro;2025-02-19 01:56:51;0;0;;Validado Manual;;;
MVD:WeatherObserved:00006;Estación Meteorológica - Centro;2025-02-19 02:01:51;0;0;;Validado Manual;;;
MVD:WeatherObserved:00006;Estación Meteorológica - Centro;2025-02-19 02:06:51;0;0;;Validado Manual;;;
MVD:WeatherObserved:00006;Estación Meteorológica - Centro;2025-02-19 02:11:51;0;0;;Validado Manual;;;
MVD:WeatherObserved:00006;Estación Meteorológica - Centro;2025-02-19 02:16:51;0;0;;Validado Manual;;;
MVD:WeatherObserved:00006;Estación Meteorológica - Centro;2025-02-19 02:21:51;0;0;;Validado Manual;;;
MVD:WeatherObserved:00006;Estación Meteorológica - Centro;2025-02-19 02:26:51;0;0;;Validado Manual;;;
MVD:WeatherObserved:00006;Estación Meteorológica - Centro;2025-02-19 02:31:51;0;0;;Validado Manual;;;
MVD:WeatherObserved:00006;Estación Meteorológica - Centro;2025-02-19 02:36:51;0;0;;Validado Manual;;;
MVD:WeatherObserved:00006;Estación Meteorológica - Centro;2025-02-19 02:41:51;0;0;;Validado Manual;;;
MVD:WeatherObserved:00006;Estación Meteorológica - Centro;2025-02-19 02:46:52;0;0;;Validado Manual;;;
MVD:WeatherObserved:00006;Estación Meteorológica - Centro;2025-02-19 02:51:52;0;0;;Validado Manual;;;
MVD:WeatherObserved:00006;Estación Meteorológica - Centro;2025-02-19 02:56:52;0;0;;Validado Manual;;;
MVD:WeatherObserved:00006;Estación Meteorológica - Centro;2025-02-19 03:01:52;0;0;;Validado Manual;;;
MVD:WeatherObserved:00006;Estación Meteorológica - Centro;2025-02-19 03:06:52;0;0;;Validado Manual;;;
MVD:WeatherObserved:00006;Estación Meteorológica - Centro;2025-02-19 03:11:52;0;0;;Validado Manual;;;
MVD:WeatherObserved:00006;Estación Meteorológica - Centro;2025-02-19 03:16:52;0;0;;Validado Manual;;;
MVD:WeatherObserved:00006;Estación Meteorológica - Centro;2025-02-19 03:21:52;0;0;;Validado Manual;;;
MVD:WeatherObserved:00006;Estación Meteorológica - Centro;2025-02-19 03:26:52;0;0;;Validado Manual;;;
MVD:WeatherObserved:00006;Estación Meteorológica - Centro;2025-02-19 03:31:52;0;0;;Validado Manual;;;
MVD:WeatherObserved:00006;Estación Meteorológica - Centro;2025-02-19 03:36:52;0;0;;Validado Manual;;;
MVD:WeatherObserved:00006;Estación Meteorológica - Centro;2025-02-19 03:41:52;0;0;;Validado Manual;;;
MVD:WeatherObserved:00006;Estación Meteorológica - Centro;2025-02-19 03:46:53;0;0;;Validado Manual;;;
MVD:WeatherObserved:00006;Estación Meteorológica - Centro;2025-02-19 03:51:53;0;0;;Validado Manual;;;
MVD:WeatherObserved:00006;Estación Meteorológica - Centro;2025-02-19 03:56:53;0;0;;Validado Manual;;;
MVD:WeatherObserved:00006;Estación Meteorológica - Centro;2025-02-19 04:01:53;0;0;;Validado Manual;;;
MVD:WeatherObserved:00006;Estación Meteorológica - Centro;2025-02-19 04:06:53;0;0;;Validado Manual;;;
MVD:WeatherObserved:00006;Estación Meteorológica - Centro;2025-02-19 04:11:53;0;0;;Validado Manual;;;
MVD:WeatherObserved:00006;Estación Meteorológica - Centro;2025-02-19 04:16:53;0;0;;Validado Manual;;;
MVD:WeatherObserved:00006;Estación Meteorológica - Centro;2025-02-19 04:21:53;0;0;;Validado Manual;;;
MVD:WeatherObserved:00006;Estación Meteorológica - Centro;2025-02-19 04:26:53;0;0;;Validado Manual;;;
MVD:WeatherObserved:00006;Estación Meteorológica - Centro;2025-02-19 04:31:53;0;0;;Validado Manual;;;
MVD:WeatherObserved:00006;Estación Meteorológica - Centro;2025-02-19 04:36:53;0;0;;Validado Manual;;;
MVD:WeatherObserved:00006;Estación Meteorológica - Centro;2025-02-19 04:41:53;0;0;;Validado Manual;;;
MVD:WeatherObserved:00006;Estación Meteorológica - Centro;2025-02-19 04:46:53;0;0;;Validado Manual;;;
MVD:WeatherObserved:00006;Estación Meteorológica - Centro;2025-02-19 04:51:53;0;0;;Validado Manual;;;
MVD:WeatherObserved:00006;Estación Meteorológica - Centro;2025-02-19 04:56:54;0;0;;Validado Manual;;;
MVD:WeatherObserved:00006;Estación Meteorológica - Centro;2025-02-19 05:01:54;0;0;;Validado Manual;;;
MVD:WeatherObserved:00006;Estación Meteorológica - Centro;2025-02-19 05:06:54;0;0;;Validado Manual;;;
MVD:WeatherObserved:00006;Estación Meteorológica - Centro;2025-02-19 05:11:54;0;0;;Validado Manual;;;
MVD:WeatherObserved:00006;Estación Meteorológica - Centro;2025-02-19 05:16:54;0;0;;Validado Manual;;;
MVD:WeatherObserved:00006;Estación Meteorológica - Centro;2025-02-19 05:21:54;0;0;;Validado Manual;;;
MVD:WeatherObserved:00006;Estación Meteorológica - Centro;2025-02-19 05:26:54;0;0;;Validado Manual;;;
MVD:WeatherObserved:00006;Estación Meteorológica - Centro;2025-02-19 05:31:54;0;0;;Validado Manual;;;
MVD:WeatherObserved:00006;Estación Meteorológica - Centro;2025-02-19 05:36:54;0;0;;Validado Manual;;;
MVD:WeatherObserved:00006;Estación Meteorológica - Centro;2025-02-19 05:41:54;0;0;;Validado Manual;;;
MVD:WeatherObserved:00006;Estación Meteorológica - Centro;2025-02-19 05:46:54;0;0;;Validado Manual;;;
MVD:WeatherObserved:00006;Estación Meteorológica - Centro;2025-02-19 05:51:54;0;0;;Validado Manual;;;
MVD:WeatherObserved:00006;Estación Meteorológica - Centro;2025-02-19 05:56:54;0;0;;Validado Manual;;;
MVD:WeatherObserved:00006;Estación Meteorológica - Centro;2025-02-19 06:01:55;0;0;;Validado Manual;;;
MVD:WeatherObserved:00006;Estación Meteorológica - Centro;2025-02-19 06:06:55;0;0;;Validado Manual;;;
MVD:WeatherObserved:00006;Estación Meteorológica - Centro;2025-02-19 06:11:55;0;0;;Validado Manual;;;
MVD:WeatherObserved:00006;Estación Meteorológica - Centro;2025-02-19 06:16:55;0;0;;Validado Manual;;;
MVD:WeatherObserved:00006;Estación Meteorológica - Centro;2025-02-19 06:21:55;0;0;;Validado Manual;;;
MVD:WeatherObserved:00006;Estación Meteorológica - Centro;2025-02-19 06:26:55;0;0;;Validado Manual;;;
MVD:WeatherObserved:00006;Estación Meteorológica - Centro;2025-02-19 06:31:55;0;0;;Validado Manual;;;
MVD:WeatherObserved:00006;Estación Meteorológica - Centro;2025-02-19 06:36:55;0;0;;Validado Manual;;;
MVD:WeatherObserved:00006;Estación Meteorológica - Centro;2025-02-19 06:41:55;0;0;;Validado Manual;;;
MVD:WeatherObserved:00006;Estación Meteorológica - Centro;2025-02-19 06:46:55;0;0;;Validado Manual;;;
MVD:WeatherObserved:00006;Estación Meteorológica - Centro;2025-02-19 06:51:55;0;0;;Validado Manual;;;
MVD:WeatherObserved:00006;Estación Meteorológica - Centro;2025-02-19 06:56:55;0;0;;Validado Manual;;;
MVD:WeatherObserved:00006;Estación Meteorológica - Centro;2025-02-19 07:01:55;0;0;;Validado Manual;;;
MVD:WeatherObserved:00006;Estación Meteorológica - Centro;2025-02-19 07:06:55;0;0;;Validado Manual;;;
MVD:WeatherObserved:00006;Estación Meteorológica - Centro;2025-02-19 07:11:59;0;0;;Validado Manual;;;
MVD:WeatherObserved:00006;Estación Meteorológica - Centro;2025-02-19 07:16:56;0;0;;Validado Manual;;;
MVD:WeatherObserved:00006;Estación Meteorológica - Centro;2025-02-19 07:21:56;0;0;;Validado Manual;;;
MVD:WeatherObserved:00006;Estación Meteorológica - Centro;2025-02-19 07:26:56;0;0;;Validado Manual;;;
MVD:WeatherObserved:00006;Estación Meteorológica - Centro;2025-02-19 07:31:56;0;0;;Validado Manual;;;
MVD:WeatherObserved:00006;Estación Meteorológica - Centro;2025-02-19 07:36:56;0;0;;Validado Manual;;;
MVD:WeatherObserved:00006;Estación Meteorológica - Centro;2025-02-19 07:41:56;0;0;;Validado Manual;;;
MVD:WeatherObserved:00006;Estación Meteorológica - Centro;2025-02-19 07:46:56;0;0;;Validado Manual;;;
MVD:WeatherObserved:00006;Estación Meteorológica - Centro;2025-02-19 07:51:56;0;0;;Validado Manual;;;
MVD:WeatherObserved:00006;Estación Meteorológica - Centro;2025-02-19 07:56:56;0;0;;Validado Manual;;;
MVD:WeatherObserved:00006;Estación Meteorológica - Centro;2025-02-19 08:01:56;0;0;;Validado Manual;;;
MVD:WeatherObserved:00006;Estación Meteorológica - Centro;2025-02-19 08:06:56;0;0;;Validado Manual;;;
MVD:WeatherObserved:00006;Estación Meteorológica - Centro;2025-02-19 08:11:56;0;0;;Validado Manual;;;
MVD:WeatherObserved:00006;Estación Meteorológica - Centro;2025-02-19 08:16:56;0;0;;Validado Manual;;;
MVD:WeatherObserved:00006;Estación Meteorológica - Centro;2025-02-19 08:21:57;0;0;;Validado Manual;;;
MVD:WeatherObserved:00006;Estación Meteorológica - Centro;2025-02-19 08:26:57;0;0;;Validado Manual;;;
MVD:WeatherObserved:00006;Estación Meteorológica - Centro;2025-02-19 08:31:57;0;0;;Validado Manual;;;
MVD:WeatherObserved:00006;Estación Meteorológica - Centro;2025-02-19 08:36:57;0;0;;Validado Manual;;;
MVD:WeatherObserved:00006;Estación Meteorológica - Centro;2025-02-19 08:41:57;0;0;;Validado Manual;;;
MVD:WeatherObserved:00006;Estación Meteorológica - Centro;2025-02-19 08:46:57;0;0;;Validado Manual;;;
MVD:WeatherObserved:00006;Estación Meteorológica - Centro;2025-02-19 08:51:57;0;0;;Validado Manual;;;
MVD:WeatherObserved:00006;Estación Meteorológica - Centro;2025-02-19 08:56:57;0;0;;Validado Manual;;;
MVD:WeatherObserved:00006;Estación Meteorológica - Centro;2025-02-19 09:01:57;0;0;;Validado Manual;;;
MVD:WeatherObserved:00006;Estación Meteorológica - Centro;2025-02-19 09:06:57;0;0;;Validado Manual;;;
MVD:WeatherObserved:00006;Estación Meteorológica - Centro;2025-02-19 09:11:57;0;0;;Validado Manual;;;
MVD:WeatherObserved:00006;Estación Meteorológica - Centro;2025-02-19 09:16:57;0;0;;Validado Manual;;;
MVD:WeatherObserved:00006;Estación Meteorológica - Centro;2025-02-19 09:21:57;0;0;;Validado Manual;;;
MVD:WeatherObserved:00006;Estación Meteorológica - Centro;2025-02-19 09:26:57;0;0;;Validado Manual;;;
MVD:WeatherObserved:00006;Estación Meteorológica - Centro;2025-02-19 09:31:58;0;0;;Validado Manual;;;
MVD:WeatherObserved:00006;Estación Meteorológica - Centro;2025-02-19 09:36:58;0;0;;Validado Manual;;;
MVD:WeatherObserved:00006;Estación Meteorológica - Centro;2025-02-19 09:41:58;0;0;;Validado Manual;;;
MVD:WeatherObserved:00006;Estación Meteorológica - Centro;2025-02-19 09:46:58;0;0;;Validado Manual;;;
MVD:WeatherObserved:00006;Estación Meteorológica - Centro;2025-02-19 09:51:58;0;0;;Validado Manual;;;
MVD:WeatherObserved:00006;Estación Meteorológica - Centro;2025-02-19 09:56:58;0;0;;Validado Manual;;;
MVD:WeatherObserved:00006;Estación Meteorológica - Centro;2025-02-19 10:01:58;0;0;;Validado Manual;;;
MVD:WeatherObserved:00006;Estación Meteorológica - Centro;2025-02-19 10:06:58;0;0;;Validado Manual;;;
MVD:WeatherObserved:00006;Estación Meteorológica - Centro;2025-02-19 10:11:58;0;0;;Validado Manual;;;
MVD:WeatherObserved:00006;Estación Meteorológica - Centro;2025-02-19 10:16:58;0;0;;Validado Manual;;;
MVD:WeatherObserved:00006;Estación Meteorológica - Centro;2025-02-19 10:21:58;0;0;;Validado Manual;;;
MVD:WeatherObserved:00006;Estación Meteorológica - Centro;2025-02-19 10:26:58;0;0;;Validado Manual;;;
MVD:WeatherObserved:00006;Estación Meteorológica - Centro;2025-02-19 10:31:58;0;0;;Validado Manual;;;
MVD:WeatherObserved:00006;Estación Meteorológica - Centro;2025-02-19 10:36:58;0;0;;Validado Manual;;;
MVD:WeatherObserved:00006;Estación Meteorológica - Centro;2025-02-19 10:41:59;0;0;;Validado Manual;;;
MVD:WeatherObserved:00006;Estación Meteorológica - Centro;2025-02-19 10:46:59;0;0;;Validado Manual;;;
MVD:WeatherObserved:00006;Estación Meteorológica - Centro;2025-02-19 10:51:59;0;0;;Validado Manual;;;
MVD:WeatherObserved:00006;Estación Meteorológica - Centro;2025-02-19 10:56:59;0;0;;Validado Manual;;;
MVD:WeatherObserved:00006;Estación Meteorológica - Centro;2025-02-19 11:02:00;0;0;;Validado Manual;;;
MVD:WeatherObserved:00006;Estación Meteorológica - Centro;2025-02-19 11:06:59;0;0;;Validado Manual;;;
MVD:WeatherObserved:00006;Estación Meteorológica - Centro;2025-02-19 11:11:59;0;0;;Validado Manual;;;
MVD:WeatherObserved:00006;Estación Meteorológica - Centro;2025-02-19 11:16:59;0;0;;Validado Manual;;;
MVD:WeatherObserved:00006;Estación Meteorológica - Centro;2025-02-19 11:21:59;0;0;;Validado Manual;;;
MVD:WeatherObserved:00006;Estación Meteorológica - Centro;2025-02-19 11:26:59;4,57;4,57;4,57;Validado Manual;;;
MVD:WeatherObserved:00006;Estación Meteorológica - Centro;2025-02-19 11:31:59;4,57;4,57;4,57;Validado Manual;;;
MVD:WeatherObserved:00006;Estación Meteorológica - Centro;2025-02-19 11:36:59;4,57;4,57;4,57;Validado Manual;;;
MVD:WeatherObserved:00006;Estación Meteorológica - Centro;2025-02-19 11:41:59;4,57;4,57;4,57;Validado Manual;;;
MVD:WeatherObserved:00006;Estación Meteorológica - Centro;2025-02-19 11:46:59;4,57;4,57;4,57;Validado Manual;;;
MVD:WeatherObserved:00006;Estación Meteorológica - Centro;2025-02-19 11:51:59;4,57;4,57;4,57;Validado Manual;;;
MVD:WeatherObserved:00006;Estación Meteorológica - Centro;2025-02-19 11:56:59;4,57;4,57;4,57;Validado Manual;;;
MVD:WeatherObserved:00006;Estación Meteorológica - Centro;2025-02-19 12:01:59;4,57;4,57;4,57;Validado Manual;;;
MVD:WeatherObserved:00006;Estación Meteorológica - Centro;2025-02-19 12:06:59;4,57;4,57;4,57;Validado Manual;;;
MVD:WeatherObserved:00006;Estación Meteorológica - Centro;2025-02-19 12:12:00;4,57;4,57;4,57;Validado Manual;;;
MVD:WeatherObserved:00006;Estación Meteorológica - Centro;2025-02-19 12:17:00;4,57;4,57;4,57;Validado Manual;;;
MVD:WeatherObserved:00006;Estación Meteorológica - Centro;2025-02-19 12:22:00;4,57;4,57;4,57;Validado Manual;;;
MVD:WeatherObserved:00006;Estación Meteorológica - Centro;2025-02-19 12:27:00;4,57;4,57;4,57;Validado Manual;;;
MVD:WeatherObserved:00006;Estación Meteorológica - Centro;2025-02-19 12:32:00;4,57;4,57;4,57;Validado Manual;;;
MVD:WeatherObserved:00006;Estación Meteorológica - Centro;2025-02-19 12:37:00;4,57;4,57;4,57;Validado Manual;;;
MVD:WeatherObserved:00006;Estación Meteorológica - Centro;2025-02-19 12:42:00;4,57;4,57;4,57;Validado Manual;;;
MVD:WeatherObserved:00006;Estación Meteorológica - Centro;2025-02-19 12:47:00;4,57;4,57;4,57;Validado Manual;;;
MVD:WeatherObserved:00006;Estación Meteorológica - Centro;2025-02-19 12:52:00;4,57;4,57;4,57;Validado Manual;;;
MVD:WeatherObserved:00006;Estación Meteorológica - Centro;2025-02-19 12:57:00;4,57;4,57;4,57;Validado Manual;;;
MVD:WeatherObserved:00006;Estación Meteorológica - Centro;2025-02-19 13:02:00;4,57;4,57;4,57;Validado Manual;;;
MVD:WeatherObserved:00006;Estación Meteorológica - Centro;2025-02-19 13:07:00;4,57;4,57;4,57;Validado Manual;;;
MVD:WeatherObserved:00006;Estación Meteorológica - Centro;2025-02-19 13:12:03;4,57;4,57;4,57;Validado Manual;;;
MVD:WeatherObserved:00006;Estación Meteorológica - Centro;2025-02-19 13:17:00;4,57;4,57;4,57;Validado Manual;;;
MVD:WeatherObserved:00006;Estación Meteorológica - Centro;2025-02-19 13:22:00;4,57;4,57;4,57;Validado Manual;;;
MVD:WeatherObserved:00006;Estación Meteorológica - Centro;2025-02-19 13:27:00;4,57;4,57;4,57;Validado Manual;;;
MVD:WeatherObserved:00006;Estación Meteorológica - Centro;2025-02-19 13:32:01;4,57;4,57;4,57;Validado Manual;;;
MVD:WeatherObserved:00006;Estación Meteorológica - Centro;2025-02-19 13:37:01;4,57;4,57;4,57;Validado Manual;;;
MVD:WeatherObserved:00006;Estación Meteorológica - Centro;2025-02-19 13:42:01;4,57;4,57;4,57;Validado Manual;;;
MVD:WeatherObserved:00006;Estación Meteorológica - Centro;2025-02-19 13:47:01;4,57;4,57;4,57;Validado Manual;;;
MVD:WeatherObserved:00006;Estación Meteorológica - Centro;2025-02-19 13:52:01;4,57;4,57;4,57;Validado Manual;;;
MVD:WeatherObserved:00006;Estación Meteorológica - Centro;2025-02-19 13:57:01;4,57;4,57;4,57;Validado Manual;;;
MVD:WeatherObserved:00006;Estación Meteorológica - Centro;2025-02-19 14:02:01;4,57;4,57;4,57;Validado Manual;;;
MVD:WeatherObserved:00006;Estación Meteorológica - Centro;2025-02-19 14:07:01;4,57;4,57;4,57;Validado Manual;;;
MVD:WeatherObserved:00006;Estación Meteorológica - Centro;2025-02-19 14:12:01;4,57;4,57;4,57;Validado Manual;;;
MVD:WeatherObserved:00006;Estación Meteorológica - Centro;2025-02-19 14:17:01;4,57;4,57;4,57;Validado Manual;;;
MVD:WeatherObserved:00006;Estación Meteorológica - Centro;2025-02-19 14:22:01;4,57;4,57;4,57;Validado Manual;;;
MVD:WeatherObserved:00006;Estación Meteorológica - Centro;2025-02-19 14:27:01;4,57;4,57;4,57;Validado Manual;;;
MVD:WeatherObserved:00006;Estación Meteorológica - Centro;2025-02-19 14:32:01;4,57;4,57;4,57;Validado Manual;;;
MVD:WeatherObserved:00006;Estación Meteorológica - Centro;2025-02-19 14:37:01;4,57;4,57;4,57;Validado Manual;;;
MVD:WeatherObserved:00006;Estación Meteorológica - Centro;2025-02-19 14:42:01;4,57;4,57;4,57;Validado Manual;;;
MVD:WeatherObserved:00006;Estación Meteorológica - Centro;2025-02-19 14:47:01;4,57;4,57;4,57;Validado Manual;;;
MVD:WeatherObserved:00006;Estación Meteorológica - Centro;2025-02-19 14:52:01;4,57;4,57;4,57;Validado Manual;;;
MVD:WeatherObserved:00006;Estación Meteorológica - Centro;2025-02-19 14:57:01;4,57;4,57;4,57;Validado Manual;;;
MVD:WeatherObserved:00006;Estación Meteorológica - Centro;2025-02-19 15:02:02;4,57;4,57;4,57;Validado Manual;;;
MVD:WeatherObserved:00006;Estación Meteorológica - Centro;2025-02-19 15:07:02;4,57;4,57;4,57;Validado Manual;;;
MVD:WeatherObserved:00006;Estación Meteorológica - Centro;2025-02-19 15:12:02;4,57;4,57;4,57;Validado Manual;;;
MVD:WeatherObserved:00006;Estación Meteorológica - Centro;2025-02-19 15:17:02;4,57;4,57;4,57;Validado Manual;;;
MVD:WeatherObserved:00006;Estación Meteorológica - Centro;2025-02-19 15:22:02;4,57;4,57;4,57;Validado Manual;;;
MVD:WeatherObserved:00006;Estación Meteorológica - Centro;2025-02-19 15:27:02;4,57;4,57;4,57;Validado Manual;;;
MVD:WeatherObserved:00006;Estación Meteorológica - Centro;2025-02-19 15:32:02;4,57;4,57;4,57;Validado Manual;;;
MVD:WeatherObserved:00006;Estación Meteorológica - Centro;2025-02-19 15:37:02;4,57;4,57;4,57;Validado Manual;;;
MVD:WeatherObserved:00006;Estación Meteorológica - Centro;2025-02-19 15:42:02;4,57;4,57;4,57;Validado Manual;;;
MVD:WeatherObserved:00006;Estación Meteorológica - Centro;2025-02-19 15:47:02;4,57;4,57;4,57;Validado Manual;;;
MVD:WeatherObserved:00006;Estación Meteorológica - Centro;2025-02-19 15:52:02;4,57;4,57;4,57;Validado Manual;;;
MVD:WeatherObserved:00006;Estación Meteorológica - Centro;2025-02-19 15:57:02;4,57;4,57;4,57;Validado Manual;;;
MVD:WeatherObserved:00006;Estación Meteorológica - Centro;2025-02-19 16:02:02;4,57;4,57;4,57;Validado Manual;;;
MVD:WeatherObserved:00006;Estación Meteorológica - Centro;2025-02-19 16:07:02;4,57;4,57;4,57;Validado Manual;;;
MVD:WeatherObserved:00006;Estación Meteorológica - Centro;2025-02-19 16:12:02;4,57;4,57;4,57;Validado Manual;;;
MVD:WeatherObserved:00006;Estación Meteorológica - Centro;2025-02-19 16:17:02;4,57;4,57;4,57;Validado Manual;;;
MVD:WeatherObserved:00006;Estación Meteorológica - Centro;2025-02-19 16:22:02;4,57;4,57;4,57;Validado Manual;;;
MVD:WeatherObserved:00006;Estación Meteorológica - Centro;2025-02-19 16:27:02;4,57;4,57;4,57;Validado Manual;;;
MVD:WeatherObserved:00006;Estación Meteorológica - Centro;2025-02-19 16:32:03;4,57;4,57;4,57;Validado Manual;;;
MVD:WeatherObserved:00006;Estación Meteorológica - Centro;2025-02-19 16:37:03;4,57;4,57;4,57;Validado Manual;;;
MVD:WeatherObserved:00006;Estación Meteorológica - Centro;2025-02-19 16:42:03;4,57;4,57;4,57;Validado Manual;;;
MVD:WeatherObserved:00006;Estación Meteorológica - Centro;2025-02-19 16:47:03;4,57;4,57;4,57;Validado Manual;;;
MVD:WeatherObserved:00006;Estación Meteorológica - Centro;2025-02-19 16:52:03;4,57;4,57;4,57;Validado Manual;;;
MVD:WeatherObserved:00006;Estación Meteorológica - Centro;2025-02-19 16:57:03;4,57;4,57;4,57;Validado Manual;;;
MVD:WeatherObserved:00006;Estación Meteorológica - Centro;2025-02-19 17:02:03;4,57;4,57;4,57;Validado Manual;;;
MVD:WeatherObserved:00006;Estación Meteorológica - Centro;2025-02-19 17:07:03;4,57;4,57;4,57;Validado Manual;;;
MVD:WeatherObserved:00006;Estación Meteorológica - Centro;2025-02-19 17:12:03;4,57;4,57;4,57;Validado Manual;;;
MVD:WeatherObserved:00006;Estación Meteorológica - Centro;2025-02-19 17:17:03;4,57;4,57;4,57;Validado Manual;;;
MVD:WeatherObserved:00006;Estación Meteorológica - Centro;2025-02-19 17:22:03;4,57;4,57;4,57;Validado Manual;;;
MVD:WeatherObserved:00006;Estación Meteorológica - Centro;2025-02-19 17:27:03;4,57;4,57;4,57;Validado Manual;;;
MVD:WeatherObserved:00006;Estación Meteorológica - Centro;2025-02-19 17:32:03;4,57;4,57;4,57;Validado Manual;;;
MVD:WeatherObserved:00006;Estación Meteorológica - Centro;2025-02-19 17:37:03;4,57;4,57;4,57;Validado Manual;;;
MVD:WeatherObserved:00006;Estación Meteorológica - Centro;2025-02-19 17:42:03;4,57;4,57;4,57;Validado Manual;;;
MVD:WeatherObserved:00006;Estación Meteorológica - Centro;2025-02-19 17:47:03;4,57;4,57;4,57;Validado Manual;;;
MVD:WeatherObserved:00006;Estación Meteorológica - Centro;2025-02-19 17:52:03;4,57;4,57;4,57;Validado Manual;;;
MVD:WeatherObserved:00006;Estación Meteorológica - Centro;2025-02-19 17:57:03;4,57;4,57;4,57;Validado Manual;;;
MVD:WeatherObserved:00006;Estación Meteorológica - Centro;2025-02-19 18:02:03;4,57;4,57;4,57;Validado Manual;;;
MVD:WeatherObserved:00006;Estación Meteorológica - Centro;2025-02-19 18:07:04;4,57;4,57;4,57;Validado Manual;;;
MVD:WeatherObserved:00006;Estación Meteorológica - Centro;2025-02-19 18:12:04;4,57;4,57;4,57;Validado Manual;;;
MVD:WeatherObserved:00006;Estación Meteorológica - Centro;2025-02-19 18:17:04;4,57;4,57;4,57;Validado Manual;;;
MVD:WeatherObserved:00006;Estación Meteorológica - Centro;2025-02-19 18:22:04;4,57;4,57;4,57;Validado Manual;;;
MVD:WeatherObserved:00006;Estación Meteorológica - Centro;2025-02-19 18:27:04;4,57;4,57;4,57;Validado Manual;;;
MVD:WeatherObserved:00006;Estación Meteorológica - Centro;2025-02-19 18:32:04;4,57;4,57;4,57;Validado Manual;;;
MVD:WeatherObserved:00006;Estación Meteorológica - Centro;2025-02-19 18:37:04;4,57;4,57;4,57;Validado Manual;;;
MVD:WeatherObserved:00006;Estación Meteorológica - Centro;2025-02-19 18:42:04;4,57;4,57;4,57;Validado Manual;;;
MVD:WeatherObserved:00006;Estación Meteorológica - Centro;2025-02-19 18:47:04;4,57;4,57;4,57;Validado Manual;;;
MVD:WeatherObserved:00006;Estación Meteorológica - Centro;2025-02-19 18:52:04;4,57;4,57;4,57;Validado Manual;;;
MVD:WeatherObserved:00006;Estación Meteorológica - Centro;2025-02-19 18:57:04;4,57;4,57;4,57;Validado Manual;;;
MVD:WeatherObserved:00006;Estación Meteorológica - Centro;2025-02-19 19:02:04;4,57;4,57;4,57;Validado Manual;;;
MVD:WeatherObserved:00006;Estación Meteorológica - Centro;2025-02-19 19:07:04;4,57;4,57;4,57;Validado Manual;;;
MVD:WeatherObserved:00006;Estación Meteorológica - Centro;2025-02-19 19:12:04;4,57;4,57;4,57;Validado Manual;;;
MVD:WeatherObserved:00006;Estación Meteorológica - Centro;2025-02-19 19:17:04;4,57;4,57;4,57;Validado Manual;;;
MVD:WeatherObserved:00006;Estación Meteorológica - Centro;2025-02-19 19:22:05;4,57;4,57;4,57;Validado Manual;;;
MVD:WeatherObserved:00006;Estación Meteorológica - Centro;2025-02-19 19:27:05;4,57;4,57;4,57;Validado Manual;;;
MVD:WeatherObserved:00006;Estación Meteorológica - Centro;2025-02-19 19:32:05;4,57;4,57;4,57;Validado Manual;;;
MVD:WeatherObserved:00006;Estación Meteorológica - Centro;2025-02-19 19:37:05;4,57;4,57;4,57;Validado Manual;;;
MVD:WeatherObserved:00006;Estación Meteorológica - Centro;2025-02-19 19:42:05;4,57;4,57;4,57;Validado Manual;;;
MVD:WeatherObserved:00006;Estación Meteorológica - Centro;2025-02-19 19:47:05;4,57;4,57;4,57;Validado Manual;;;
MVD:WeatherObserved:00006;Estación Meteorológica - Centro;2025-02-19 19:52:05;4,57;4,57;4,57;Validado Manual;;;
MVD:WeatherObserved:00006;Estación Meteorológica - Centro;2025-02-19 19:57:05;4,57;4,57;4,57;Validado Manual;;;
MVD:WeatherObserved:00006;Estación Meteorológica - Centro;2025-02-19 20:02:05;4,57;4,57;4,57;Validado Manual;;;
MVD:WeatherObserved:00006;Estación Meteorológica - Centro;2025-02-19 20:07:05;4,57;4,57;4,57;Validado Manual;;;
MVD:WeatherObserved:00006;Estación Meteorológica - Centro;2025-02-19 20:12:05;4,57;4,57;4,57;Validado Manual;;;
MVD:WeatherObserved:00006;Estación Meteorológica - Centro;2025-02-19 20:17:05;4,57;4,57;4,57;Validado Manual;;;
MVD:WeatherObserved:00006;Estación Meteorológica - Centro;2025-02-19 20:22:05;4,57;4,57;4,57;Validado Manual;;;
MVD:WeatherObserved:00006;Estación Meteorológica - Centro;2025-02-19 20:27:05;4,57;4,57;4,57;Validado Manual;;;
MVD:WeatherObserved:00006;Estación Meteorológica - Centro;2025-02-19 20:32:05;4,57;4,57;4,57;Validado Manual;;;
MVD:WeatherObserved:00006;Estación Meteorológica - Centro;2025-02-19 20:37:06;4,57;4,57;4,57;Validado Manual;;;
MVD:WeatherObserved:00006;Estación Meteorológica - Centro;2025-02-19 20:42:06;4,57;4,57;4,57;Validado Manual;;;
MVD:WeatherObserved:00006;Estación Meteorológica - Centro;2025-02-19 20:47:06;4,57;4,57;4,57;Validado Manual;;;
MVD:WeatherObserved:00006;Estación Meteorológica - Centro;2025-02-19 20:52:06;4,57;4,57;4,57;Validado Manual;;;
MVD:WeatherObserved:00006;Estación Meteorológica - Centro;2025-02-19 20:57:06;4,57;4,57;4,57;Validado Manual;;;
MVD:WeatherObserved:00006;Estación Meteorológica - Centro;2025-02-19 21:07:06;4,57;4,57;4,57;Validado Manual;;;
MVD:WeatherObserved:00006;Estación Meteorológica - Centro;2025-02-19 21:12:06;4,57;4,57;4,57;Validado Manual;;;
MVD:WeatherObserved:00006;Estación Meteorológica - Centro;2025-02-19 21:17:06;4,57;4,57;4,57;Validado Manual;;;
MVD:WeatherObserved:00006;Estación Meteorológica - Centro;2025-02-19 21:22:06;4,57;4,57;4,57;Validado Manual;;;
MVD:WeatherObserved:00006;Estación Meteorológica - Centro;2025-02-19 21:27:06;4,57;4,57;4,57;Validado Manual;;;
MVD:WeatherObserved:00006;Estación Meteorológica - Centro;2025-02-19 21:32:06;4,57;4,57;4,57;Validado Manual;;;
MVD:WeatherObserved:00006;Estación Meteorológica - Centro;2025-02-19 21:37:06;4,57;4,57;4,57;Validado Manual;;;
MVD:WeatherObserved:00006;Estación Meteorológica - Centro;2025-02-19 21:42:07;4,57;4,57;4,57;Validado Manual;;;
MVD:WeatherObserved:00006;Estación Meteorológica - Centro;2025-02-19 21:47:07;4,57;4,57;4,57;Validado Manual;;;
MVD:WeatherObserved:00006;Estación Meteorológica - Centro;2025-02-19 21:52:07;4,57;4,57;4,57;Validado Manual;;;
MVD:WeatherObserved:00006;Estación Meteorológica - Centro;2025-02-19 21:57:07;4,57;4,57;4,57;Validado Manual;;;
MVD:WeatherObserved:00006;Estación Meteorológica - Centro;2025-02-19 22:02:07;4,57;4,57;4,57;Validado Manual;;;
MVD:WeatherObserved:00006;Estación Meteorológica - Centro;2025-02-19 22:07:07;4,57;4,57;4,57;Validado Manual;;;
MVD:WeatherObserved:00006;Estación Meteorológica - Centro;2025-02-19 22:12:07;4,57;4,57;4,57;Validado Manual;;;
MVD:WeatherObserved:00006;Estación Meteorológica - Centro;2025-02-19 22:17:07;4,57;4,57;4,57;Validado Manual;;;
MVD:WeatherObserved:00006;Estación Meteorológica - Centro;2025-02-19 22:22:07;4,57;4,57;4,57;Validado Manual;;;
MVD:WeatherObserved:00006;Estación Meteorológica - Centro;2025-02-19 22:27:07;4,57;4,57;4,57;Validado Manual;;;
MVD:WeatherObserved:00006;Estación Meteorológica - Centro;2025-02-19 22:32:07;4,57;4,57;4,57;Validado Manual;;;
MVD:WeatherObserved:00006;Estación Meteorológica - Centro;2025-02-19 22:37:07;4,57;4,57;4,57;Validado Manual;;;
MVD:WeatherObserved:00006;Estación Meteorológica - Centro;2025-02-19 22:42:07;4,57;4,57;4,57;Validado Manual;;;
MVD:WeatherObserved:00006;Estación Meteorológica - Centro;2025-02-19 22:47:07;4,57;4,57;4,57;Validado Manual;;;
MVD:WeatherObserved:00006;Estación Meteorológica - Centro;2025-02-19 22:52:08;4,57;4,57;4,57;Validado Manual;;;
MVD:WeatherObserved:00006;Estación Meteorológica - Centro;2025-02-19 22:57:08;4,57;4,57;4,57;Validado Manual;;;
MVD:WeatherObserved:00006;Estación Meteorológica - Centro;2025-02-19 23:02:08;4,57;4,57;4,57;Validado Manual;;;
MVD:WeatherObserved:00006;Estación Meteorológica - Centro;2025-02-19 23:07:08;4,57;4,57;4,57;Validado Manual;;;
MVD:WeatherObserved:00006;Estación Meteorológica - Centro;2025-02-19 23:12:08;4,57;4,57;4,57;Validado Manual;;;
MVD:WeatherObserved:00006;Estación Meteorológica - Centro;2025-02-19 23:17:08;4,57;4,57;4,57;Validado Manual;;;
MVD:WeatherObserved:00006;Estación Meteorológica - Centro;2025-02-19 23:22:08;4,57;4,57;4,57;Validado Manual;;;
MVD:WeatherObserved:00006;Estación Meteorológica - Centro;2025-02-19 23:27:08;4,57;4,57;4,57;Validado Manual;;;
MVD:WeatherObserved:00006;Estación Meteorológica - Centro;2025-02-19 23:32:08;4,57;4,57;4,57;Validado Manual;;;
MVD:WeatherObserved:00006;Estación Meteorológica - Centro;2025-02-19 23:37:08;4,57;4,57;4,57;Validado Manual;;;
MVD:WeatherObserved:00006;Estación Meteorológica - Centro;2025-02-19 23:42:08;4,57;4,57;4,57;Validado Manual;;;
MVD:WeatherObserved:00006;Estación Meteorológica - Centro;2025-02-19 23:47:08;4,57;4,57;4,57;Validado Manual;;;
MVD:WeatherObserved:00006;Estación Meteorológica - Centro;2025-02-19 23:52:08;4,57;4,57;4,57;Validado Manual;;;
MVD:WeatherObserved:00006;Estación Meteorológica - Centro;2025-02-19 23:57:09;4,57;4,57;4,57;Validado Manual;;;
MVD:WeatherObserved:00006;Estación Meteorológica - Centro;2025-02-20 00:02:09;0;0;;Validado Manual;;;
MVD:WeatherObserved:00006;Estación Meteorológica - Centro;2025-02-20 00:07:09;0;0;;Validado Manual;;;
MVD:WeatherObserved:00006;Estación Meteorológica - Centro;2025-02-20 00:12:09;0;0;;Validado Manual;;;
MVD:WeatherObserved:00006;Estación Meteorológica - Centro;2025-02-20 00:17:09;0;0;;Validado Manual;;;
MVD:WeatherObserved:00006;Estación Meteorológica - Centro;2025-02-20 00:22:09;0;0;;Validado Manual;;;
MVD:WeatherObserved:00006;Estación Meteorológica - Centro;2025-02-20 00:27:09;0;0;;Validado Manual;;;
MVD:WeatherObserved:00006;Estación Meteorológica - Centro;2025-02-20 00:32:09;0;0;;Validado Manual;;;
MVD:WeatherObserved:00006;Estación Meteorológica - Centro;2025-02-20 00:37:09;0;0;;Validado Manual;;;
MVD:WeatherObserved:00006;Estación Meteorológica - Centro;2025-02-20 00:42:09;0;0;;Validado Manual;;;
MVD:WeatherObserved:00006;Estación Meteorológica - Centro;2025-02-20 00:47:09;0;0;;Validado Manual;;;
MVD:WeatherObserved:00006;Estación Meteorológica - Centro;2025-02-20 00:52:09;0;0;;Validado Manual;;;
MVD:WeatherObserved:00006;Estación Meteorológica - Centro;2025-02-20 00:57:09;0;0;;Validado Manual;;;
MVD:WeatherObserved:00006;Estación Meteorológica - Centro;2025-02-20 01:02:10;0;0;;Validado Manual;;;
MVD:WeatherObserved:00006;Estación Meteorológica - Centro;2025-02-20 01:07:10;0;0;;Validado Manual;;;
MVD:WeatherObserved:00006;Estación Meteorológica - Centro;2025-02-20 01:12:10;0;0;;Validado Manual;;;
MVD:WeatherObserved:00006;Estación Meteorológica - Centro;2025-02-20 01:17:10;0;0;;Validado Manual;;;
MVD:WeatherObserved:00006;Estación Meteorológica - Centro;2025-02-20 01:22:10;0;0;;Validado Manual;;;
MVD:WeatherObserved:00006;Estación Meteorológica - Centro;2025-02-20 01:27:10;0;0;;Validado Manual;;;
MVD:WeatherObserved:00006;Estación Meteorológica - Centro;2025-02-20 01:32:10;0;0;;Validado Manual;;;
MVD:WeatherObserved:00006;Estación Meteorológica - Centro;2025-02-20 01:37:10;0;0;;Validado Manual;;;
MVD:WeatherObserved:00006;Estación Meteorológica - Centro;2025-02-20 01:42:10;0;0;;Validado Manual;;;
MVD:WeatherObserved:00006;Estación Meteorológica - Centro;2025-02-20 01:47:10;0;0;;Validado Manual;;;
MVD:WeatherObserved:00006;Estación Meteorológica - Centro;2025-02-20 01:52:10;0;0;;Validado Manual;;;
MVD:WeatherObserved:00006;Estación Meteorológica - Centro;2025-02-20 01:57:10;0;0;;Validado Manual;;;
MVD:WeatherObserved:00006;Estación Meteorológica - Centro;2025-02-20 02:02:10;0;0;;Validado Manual;;;
MVD:WeatherObserved:00006;Estación Meteorológica - Centro;2025-02-20 02:07:10;0;0;;Validado Manual;;;
MVD:WeatherObserved:00006;Estación Meteorológica - Centro;2025-02-20 02:12:11;0;0;;Validado Manual;;;
MVD:WeatherObserved:00006;Estación Meteorológica - Centro;2025-02-20 02:17:11;0;0;;Validado Manual;;;
MVD:WeatherObserved:00006;Estación Meteorológica - Centro;2025-02-20 02:22:11;0;0;;Validado Manual;;;
MVD:WeatherObserved:00006;Estación Meteorológica - Centro;2025-02-20 02:27:11;0;0;;Validado Manual;;;
MVD:WeatherObserved:00006;Estación Meteorológica - Centro;2025-02-20 02:32:11;0;0;;Validado Manual;;;
MVD:WeatherObserved:00006;Estación Meteorológica - Centro;2025-02-20 02:37:11;0;0;;Validado Manual;;;
MVD:WeatherObserved:00006;Estación Meteorológica - Centro;2025-02-20 02:42:11;0;0;;Validado Manual;;;
MVD:WeatherObserved:00006;Estación Meteorológica - Centro;2025-02-20 02:47:11;0;0;;Validado Manual;;;
MVD:WeatherObserved:00006;Estación Meteorológica - Centro;2025-02-20 02:52:11;0;0;;Validado Manual;;;
MVD:WeatherObserved:00006;Estación Meteorológica - Centro;2025-02-20 02:57:11;0;0;;Validado Manual;;;
MVD:WeatherObserved:00006;Estación Meteorológica - Centro;2025-02-20 03:02:11;0;0;;Validado Manual;;;
MVD:WeatherObserved:00006;Estación Meteorológica - Centro;2025-02-20 03:07:11;0;0;;Validado Manual;;;
MVD:WeatherObserved:00006;Estación Meteorológica - Centro;2025-02-20 03:12:11;0;0;;Validado Manual;;;
MVD:WeatherObserved:00006;Estación Meteorológica - Centro;2025-02-20 03:17:11;0;0;;Validado Manual;;;
MVD:WeatherObserved:00006;Estación Meteorológica - Centro;2025-02-20 03:22:12;0;0;;Validado Manual;;;
MVD:WeatherObserved:00006;Estación Meteorológica - Centro;2025-02-20 03:27:12;0;0;;Validado Manual;;;
MVD:WeatherObserved:00006;Estación Meteorológica - Centro;2025-02-20 03:32:12;0;0;;Validado Manual;;;
MVD:WeatherObserved:00006;Estación Meteorológica - Centro;2025-02-20 03:37:12;0;0;;Validado Manual;;;
MVD:WeatherObserved:00006;Estación Meteorológica - Centro;2025-02-20 03:42:12;0;0;;Validado Manual;;;
MVD:WeatherObserved:00006;Estación Meteorológica - Centro;2025-02-20 03:47:12;0;0;;Validado Manual;;;
MVD:WeatherObserved:00006;Estación Meteorológica - Centro;2025-02-20 03:52:12;0;0;;Validado Manual;;;
MVD:WeatherObserved:00006;Estación Meteorológica - Centro;2025-02-20 03:57:12;0;0;;Validado Manual;;;
MVD:WeatherObserved:00006;Estación Meteorológica - Centro;2025-02-20 04:02:12;0;0;;Validado Manual;;;
MVD:WeatherObserved:00006;Estación Meteorológica - Centro;2025-02-20 04:07:12;0;0;;Validado Manual;;;
MVD:WeatherObserved:00006;Estación Meteorológica - Centro;2025-02-20 04:12:12;0;0;;Validado Manual;;;
MVD:WeatherObserved:00006;Estación Meteorológica - Centro;2025-02-20 04:17:12;0;0;;Validado Manual;;;
MVD:WeatherObserved:00006;Estación Meteorológica - Centro;2025-02-20 04:22:12;0;0;;Validado Manual;;;
MVD:WeatherObserved:00006;Estación Meteorológica - Centro;2025-02-20 04:27:12;0;0;;Validado Manual;;;
MVD:WeatherObserved:00006;Estación Meteorológica - Centro;2025-02-20 04:32:13;0;0;;Validado Manual;;;
MVD:WeatherObserved:00006;Estación Meteorológica - Centro;2025-02-20 04:37:13;0;0;;Validado Manual;;;
MVD:WeatherObserved:00006;Estación Meteorológica - Centro;2025-02-20 04:42:13;0;0;;Validado Manual;;;
MVD:WeatherObserved:00006;Estación Meteorológica - Centro;2025-02-20 04:47:13;0;0;;Validado Manual;;;
MVD:WeatherObserved:00006;Estación Meteorológica - Centro;2025-02-20 04:52:13;0;0;;Validado Manual;;;
MVD:WeatherObserved:00006;Estación Meteorológica - Centro;2025-02-20 04:57:13;0;0;;Validado Manual;;;
MVD:WeatherObserved:00006;Estación Meteorológica - Centro;2025-02-20 05:02:13;0;0;;Validado Manual;;;
MVD:WeatherObserved:00006;Estación Meteorológica - Centro;2025-02-20 05:07:13;0;0;;Validado Manual;;;
MVD:WeatherObserved:00006;Estación Meteorológica - Centro;2025-02-20 05:12:13;0;0;;Validado Manual;;;
MVD:WeatherObserved:00006;Estación Meteorológica - Centro;2025-02-20 05:17:13;0;0;;Validado Manual;;;
MVD:WeatherObserved:00006;Estación Meteorológica - Centro;2025-02-20 05:22:13;0;0;;Validado Manual;;;
MVD:WeatherObserved:00006;Estación Meteorológica - Centro;2025-02-20 05:27:13;0;0;;Validado Manual;;;
MVD:WeatherObserved:00006;Estación Meteorológica - Centro;2025-02-20 05:32:13;0;0;;Validado Manual;;;
MVD:WeatherObserved:00006;Estación Meteorológica - Centro;2025-02-20 05:37:13;0;0;;Validado Manual;;;
MVD:WeatherObserved:00006;Estación Meteorológica - Centro;2025-02-20 05:42:13;0;0;;Validado Manual;;;
MVD:WeatherObserved:00006;Estación Meteorológica - Centro;2025-02-20 05:47:13;0;0;;Validado Manual;;;
MVD:WeatherObserved:00006;Estación Meteorológica - Centro;2025-02-20 05:52:13;0;0;;Validado Manual;;;
MVD:WeatherObserved:00006;Estación Meteorológica - Centro;2025-02-20 05:57:13;0;0;;Validado Manual;;;
MVD:WeatherObserved:00006;Estación Meteorológica - Centro;2025-02-20 06:02:13;0;0;;Validado Manual;;;
MVD:WeatherObserved:00006;Estación Meteorológica - Centro;2025-02-20 06:07:14;0;0;;Validado Manual;;;
MVD:WeatherObserved:00006;Estación Meteorológica - Centro;2025-02-20 06:12:14;0;0;;Validado Manual;;;
MVD:WeatherObserved:00006;Estación Meteorológica - Centro;2025-02-20 06:17:14;0;0;;Validado Manual;;;
MVD:WeatherObserved:00006;Estación Meteorológica - Centro;2025-02-20 06:22:14;0;0;;Validado Manual;;;
MVD:WeatherObserved:00006;Estación Meteorológica - Centro;2025-02-20 06:27:14;0;0;;Validado Manual;;;
MVD:WeatherObserved:00006;Estación Meteorológica - Centro;2025-02-20 06:32:14;0;0;;Validado Manual;;;
MVD:WeatherObserved:00006;Estación Meteorológica - Centro;2025-02-20 06:37:14;0;0;;Validado Manual;;;
MVD:WeatherObserved:00006;Estación Meteorológica - Centro;2025-02-20 06:42:14;0;0;;Validado Manual;;;
MVD:WeatherObserved:00006;Estación Meteorológica - Centro;2025-02-20 06:47:14;0;0;;Validado Manual;;;
MVD:WeatherObserved:00006;Estación Meteorológica - Centro;2025-02-20 06:52:14;0;0;;Validado Manual;;;
MVD:WeatherObserved:00006;Estación Meteorológica - Centro;2025-02-20 06:57:14;0;0;;Validado Manual;;;
MVD:WeatherObserved:00006;Estación Meteorológica - Centro;2025-02-20 07:02:14;0;0;;Validado Manual;;;
MVD:WeatherObserved:00006;Estación Meteorológica - Centro;2025-02-20 07:07:15;0;0;;Validado Manual;;;
MVD:WeatherObserved:00006;Estación Meteorológica - Centro;2025-02-20 07:12:15;0;0;;Validado Manual;;;
MVD:WeatherObserved:00006;Estación Meteorológica - Centro;2025-02-20 07:17:15;0;0;;Validado Manual;;;
MVD:WeatherObserved:00006;Estación Meteorológica - Centro;2025-02-20 07:22:15;0;0;;Validado Manual;;;
MVD:WeatherObserved:00006;Estación Meteorológica - Centro;2025-02-20 07:27:15;0;0;;Validado Manual;;;
MVD:WeatherObserved:00006;Estación Meteorológica - Centro;2025-02-20 07:32:15;0;0;;Validado Manual;;;
MVD:WeatherObserved:00006;Estación Meteorológica - Centro;2025-02-20 07:37:15;0;0;;Validado Manual;;;
MVD:WeatherObserved:00006;Estación Meteorológica - Centro;2025-02-20 07:42:15;0;0;;Validado Manual;;;
MVD:WeatherObserved:00006;Estación Meteorológica - Centro;2025-02-20 07:47:15;0;0;;Validado Manual;;;
MVD:WeatherObserved:00006;Estación Meteorológica - Centro;2025-02-20 07:52:15;0;0;;Validado Manual;;;
MVD:WeatherObserved:00006;Estación Meteorológica - Centro;2025-02-20 07:57:15;0;0;;Validado Manual;;;
MVD:WeatherObserved:00006;Estación Meteorológica - Centro;2025-02-20 08:02:15;0;0;;Validado Manual;;;
MVD:WeatherObserved:00006;Estación Meteorológica - Centro;2025-02-20 08:07:15;0;0;;Validado Manual;;;
MVD:WeatherObserved:00006;Estación Meteorológica - Centro;2025-02-20 08:12:15;0;0;;Validado Manual;;;
MVD:WeatherObserved:00006;Estación Meteorológica - Centro;2025-02-20 08:17:16;0;0;;Validado Manual;;;
MVD:WeatherObserved:00006;Estación Meteorológica - Centro;2025-02-20 08:22:16;0;0;;Validado Manual;;;
MVD:WeatherObserved:00006;Estación Meteorológica - Centro;2025-02-20 08:27:16;0;0;;Validado Manual;;;
MVD:WeatherObserved:00006;Estación Meteorológica - Centro;2025-02-20 08:32:16;0;0;;Validado Manual;;;
MVD:WeatherObserved:00006;Estación Meteorológica - Centro;2025-02-20 08:37:16;0;0;;Validado Manual;;;
MVD:WeatherObserved:00006;Estación Meteorológica - Centro;2025-02-20 08:42:16;0;0;;Validado Manual;;;
MVD:WeatherObserved:00006;Estación Meteorológica - Centro;2025-02-20 08:47:16;0;0;;Validado Manual;;;
MVD:WeatherObserved:00006;Estación Meteorológica - Centro;2025-02-20 08:52:16;0;0;;Validado Manual;;;
MVD:WeatherObserved:00006;Estación Meteorológica - Centro;2025-02-20 08:57:16;0;0;;Validado Manual;;;
MVD:WeatherObserved:00006;Estación Meteorológica - Centro;2025-02-20 09:02:16;0;0;;Validado Manual;;;
MVD:WeatherObserved:00006;Estación Meteorológica - Centro;2025-02-20 09:07:16;0;0;;Validado Manual;;;
MVD:WeatherObserved:00006;Estación Meteorológica - Centro;2025-02-20 09:12:16;0;0;;Validado Manual;;;
MVD:WeatherObserved:00006;Estación Meteorológica - Centro;2025-02-20 09:17:17;0;0;;Validado Manual;;;
MVD:WeatherObserved:00006;Estación Meteorológica - Centro;2025-02-20 09:22:17;0;0;;Validado Manual;;;
MVD:WeatherObserved:00006;Estación Meteorológica - Centro;2025-02-20 09:27:17;0;0;;Validado Manual;;;
MVD:WeatherObserved:00006;Estación Meteorológica - Centro;2025-02-20 09:32:17;0;0;;Validado Manual;;;
MVD:WeatherObserved:00006;Estación Meteorológica - Centro;2025-02-20 09:37:17;0;0;;Validado Manual;;;
MVD:WeatherObserved:00006;Estación Meteorológica - Centro;2025-02-20 09:42:17;0;0;;Validado Manual;;;
MVD:WeatherObserved:00006;Estación Meteorológica - Centro;2025-02-20 09:47:17;0;0;;Validado Manual;;;
MVD:WeatherObserved:00006;Estación Meteorológica - Centro;2025-02-20 09:52:17;0;0;;Validado Manual;;;
MVD:WeatherObserved:00006;Estación Meteorológica - Centro;2025-02-20 09:57:17;0;0;;Validado Manual;;;
MVD:WeatherObserved:00006;Estación Meteorológica - Centro;2025-02-20 10:02:17;0;0;;Validado Manual;;;
MVD:WeatherObserved:00006;Estación Meteorológica - Centro;2025-02-20 10:07:17;0;0;;Validado Manual;;;
MVD:WeatherObserved:00006;Estación Meteorológica - Centro;2025-02-20 10:12:17;0;0;;Validado Manual;;;
MVD:WeatherObserved:00006;Estación Meteorológica - Centro;2025-02-20 10:17:17;0;0;;Validado Manual;;;
MVD:WeatherObserved:00006;Estación Meteorológica - Centro;2025-02-20 10:22:17;0;0;;Validado Manual;;;
MVD:WeatherObserved:00006;Estación Meteorológica - Centro;2025-02-20 10:27:17;0;0;;Validado Manual;;;
MVD:WeatherObserved:00006;Estación Meteorológica - Centro;2025-02-20 10:32:17;0;0;;Validado Manual;;;
MVD:WeatherObserved:00006;Estación Meteorológica - Centro;2025-02-20 10:37:17;0;0;;Validado Manual;;;
MVD:WeatherObserved:00006;Estación Meteorológica - Centro;2025-02-20 10:42:17;0;0;;Validado Manual;;;
MVD:WeatherObserved:00006;Estación Meteorológica - Centro;2025-02-20 10:47:18;0;0;;Validado Manual;;;
MVD:WeatherObserved:00006;Estación Meteorológica - Centro;2025-02-20 10:52:18;0;0;;Validado Manual;;;
MVD:WeatherObserved:00006;Estación Meteorológica - Centro;2025-02-20 10:57:18;0;0;;Validado Manual;;;
MVD:WeatherObserved:00006;Estación Meteorológica - Centro;2025-02-20 11:02:18;0;0;;Validado Manual;;;
MVD:WeatherObserved:00006;Estación Meteorológica - Centro;2025-02-20 11:07:18;0;0;;Validado Manual;;;
MVD:WeatherObserved:00006;Estación Meteorológica - Centro;2025-02-20 11:12:18;0;0;;Validado Manual;;;
MVD:WeatherObserved:00006;Estación Meteorológica - Centro;2025-02-20 11:17:18;0;0;;Validado Manual;;;
MVD:WeatherObserved:00006;Estación Meteorológica - Centro;2025-02-20 11:22:18;0;0;;Validado Manual;;;
MVD:WeatherObserved:00006;Estación Meteorológica - Centro;2025-02-20 11:27:18;0;0;;Validado Manual;;;
MVD:WeatherObserved:00006;Estación Meteorológica - Centro;2025-02-20 11:32:18;0;0;;Validado Manual;;;
MVD:WeatherObserved:00006;Estación Meteorológica - Centro;2025-02-20 11:37:18;0;0;;Validado Manual;;;
MVD:WeatherObserved:00006;Estación Meteorológica - Centro;2025-02-20 11:42:18;0;0;;Validado Manual;;;
MVD:WeatherObserved:00006;Estación Meteorológica - Centro;2025-02-20 11:47:18;0;0;;Validado Manual;;;
MVD:WeatherObserved:00006;Estación Meteorológica - Centro;2025-02-20 11:52:18;0;0;;Validado Manual;;;
MVD:WeatherObserved:00006;Estación Meteorológica - Centro;2025-02-20 11:57:18;0;0;;Validado Manual;;;
MVD:WeatherObserved:00006;Estación Meteorológica - Centro;2025-02-20 12:02:19;0;0;;Validado Manual;;;
MVD:WeatherObserved:00006;Estación Meteorológica - Centro;2025-02-20 12:07:19;0;0;;Validado Manual;;;
MVD:WeatherObserved:00006;Estación Meteorológica - Centro;2025-02-20 12:12:19;0;0;;Validado Manual;;;
MVD:WeatherObserved:00006;Estación Meteorológica - Centro;2025-02-20 12:17:19;0;0;;Validado Manual;;;
MVD:WeatherObserved:00006;Estación Meteorológica - Centro;2025-02-20 12:22:19;0;0;;Validado Manual;;;
MVD:WeatherObserved:00006;Estación Meteorológica - Centro;2025-02-20 12:27:19;0;0;;Validado Manual;;;
MVD:WeatherObserved:00006;Estación Meteorológica - Centro;2025-02-20 12:32:19;0;0;;Validado Manual;;;
MVD:WeatherObserved:00006;Estación Meteorológica - Centro;2025-02-20 12:37:19;0;0;;Validado Manual;;;
MVD:WeatherObserved:00006;Estación Meteorológica - Centro;2025-02-20 12:42:19;0;0;;Validado Manual;;;
MVD:WeatherObserved:00006;Estación Meteorológica - Centro;2025-02-20 12:47:19;0;0;;Validado Manual;;;
MVD:WeatherObserved:00006;Estación Meteorológica - Centro;2025-02-20 12:52:19;0;0;;Validado Manual;;;
MVD:WeatherObserved:00006;Estación Meteorológica - Centro;2025-02-20 12:57:19;0;0;;Validado Manual;;;
MVD:WeatherObserved:00006;Estación Meteorológica - Centro;2025-02-20 13:02:19;0;0;;Validado Manual;;;
MVD:WeatherObserved:00006;Estación Meteorológica - Centro;2025-02-20 13:07:19;0;0;;Validado Manual;;;
MVD:WeatherObserved:00006;Estación Meteorológica - Centro;2025-02-20 13:12:19;0;0;;Validado Manual;;;
MVD:WeatherObserved:00006;Estación Meteorológica - Centro;2025-02-20 13:17:19;0;0;;Validado Manual;;;
MVD:WeatherObserved:00006;Estación Meteorológica - Centro;2025-02-20 13:22:19;0;0;;Validado Manual;;;
MVD:WeatherObserved:00006;Estación Meteorológica - Centro;2025-02-20 13:27:20;0;0;;Validado Manual;;;
MVD:WeatherObserved:00006;Estación Meteorológica - Centro;2025-02-20 13:32:20;0;0;;Validado Manual;;;
MVD:WeatherObserved:00006;Estación Meteorológica - Centro;2025-02-20 13:37:20;0;0;;Validado Manual;;;
MVD:WeatherObserved:00006;Estación Meteorológica - Centro;2025-02-20 13:42:20;0;0;;Validado Manual;;;
MVD:WeatherObserved:00006;Estación Meteorológica - Centro;2025-02-20 13:47:20;0;0;;Validado Manual;;;
MVD:WeatherObserved:00006;Estación Meteorológica - Centro;2025-02-20 13:52:20;0;0;;Validado Manual;;;
MVD:WeatherObserved:00006;Estación Meteorológica - Centro;2025-02-20 13:57:20;0;0;;Validado Manual;;;
MVD:WeatherObserved:00006;Estación Meteorológica - Centro;2025-02-20 14:02:20;0;0;;Validado Manual;;;
MVD:WeatherObserved:00006;Estación Meteorológica - Centro;2025-02-20 14:07:20;0;0;;Validado Manual;;;
MVD:WeatherObserved:00006;Estación Meteorológica - Centro;2025-02-20 14:12:20;0;0;;Validado Manual;;;
MVD:WeatherObserved:00006;Estación Meteorológica - Centro;2025-02-20 14:17:20;0;0;;Validado Manual;;;
MVD:WeatherObserved:00006;Estación Meteorológica - Centro;2025-02-20 14:22:20;0;0;;Validado Manual;;;
MVD:WeatherObserved:00006;Estación Meteorológica - Centro;2025-02-20 14:27:20;0;0;;Validado Manual;;;
MVD:WeatherObserved:00006;Estación Meteorológica - Centro;2025-02-20 14:32:21;0;0;;Validado Manual;;;
MVD:WeatherObserved:00006;Estación Meteorológica - Centro;2025-02-20 14:37:21;0;0;;Validado Manual;;;
MVD:WeatherObserved:00006;Estación Meteorológica - Centro;2025-02-20 14:42:21;0;0;;Validado Manual;;;
MVD:WeatherObserved:00006;Estación Meteorológica - Centro;2025-02-20 14:47:22;0;0;;Validado Manual;;;
MVD:WeatherObserved:00006;Estación Meteorológica - Centro;2025-02-20 14:52:21;0;0;;Validado Manual;;;
MVD:WeatherObserved:00006;Estación Meteorológica - Centro;2025-02-20 14:57:21;0;0;;Validado Manual;;;
MVD:WeatherObserved:00006;Estación Meteorológica - Centro;2025-02-20 15:02:21;0;0;;Validado Manual;;;
MVD:WeatherObserved:00006;Estación Meteorológica - Centro;2025-02-20 15:07:21;0;0;;Validado Manual;;;
MVD:WeatherObserved:00006;Estación Meteorológica - Centro;2025-02-20 15:12:21;0;0;;Validado Manual;;;
MVD:WeatherObserved:00006;Estación Meteorológica - Centro;2025-02-20 15:17:21;0;0;;Validado Manual;;;
MVD:WeatherObserved:00006;Estación Meteorológica - Centro;2025-02-20 15:22:21;0;0;;Validado Manual;;;
MVD:WeatherObserved:00006;Estación Meteorológica - Centro;2025-02-20 15:27:21;0;0;;Validado Manual;;;
MVD:WeatherObserved:00006;Estación Meteorológica - Centro;2025-02-20 15:32:21;0;0;;Validado Manual;;;
MVD:WeatherObserved:00006;Estación Meteorológica - Centro;2025-02-20 15:37:21;0;0;;Validado Manual;;;
MVD:WeatherObserved:00006;Estación Meteorológica - Centro;2025-02-20 15:42:21;0;0;;Validado Manual;;;
MVD:WeatherObserved:00006;Estación Meteorológica - Centro;2025-02-20 15:47:21;0;0;;Validado Manual;;;
MVD:WeatherObserved:00006;Estación Meteorológica - Centro;2025-02-20 15:52:21;0;0;;Validado Manual;;;
MVD:WeatherObserved:00006;Estación Meteorológica - Centro;2025-02-20 15:57:22;0;0;;Validado Manual;;;
MVD:WeatherObserved:00006;Estación Meteorológica - Centro;2025-02-20 16:02:22;0;0;;Validado Manual;;;
MVD:WeatherObserved:00006;Estación Meteorológica - Centro;2025-02-20 16:07:22;0;0;;Validado Manual;;;
MVD:WeatherObserved:00006;Estación Meteorológica - Centro;2025-02-20 16:12:22;0;0;;Validado Manual;;;
MVD:WeatherObserved:00006;Estación Meteorológica - Centro;2025-02-20 16:17:22;0;0;;Validado Manual;;;
MVD:WeatherObserved:00006;Estación Meteorológica - Centro;2025-02-20 16:22:22;0;0;;Validado Manual;;;
MVD:WeatherObserved:00006;Estación Meteorológica - Centro;2025-02-20 16:27:22;0;0;;Validado Manual;;;
MVD:WeatherObserved:00006;Estación Meteorológica - Centro;2025-02-20 16:32:22;0;0;;Validado Manual;;;
MVD:WeatherObserved:00006;Estación Meteorológica - Centro;2025-02-20 16:37:22;0;0;;Validado Manual;;;
MVD:WeatherObserved:00006;Estación Meteorológica - Centro;2025-02-20 16:42:22;0;0;;Validado Manual;;;
MVD:WeatherObserved:00006;Estación Meteorológica - Centro;2025-02-20 16:47:22;0;0;;Validado Manual;;;
MVD:WeatherObserved:00006;Estación Meteorológica - Centro;2025-02-20 16:52:22;0;0;;Validado Manual;;;
MVD:WeatherObserved:00006;Estación Meteorológica - Centro;2025-02-20 16:57:22;0;0;;Validado Manual;;;
MVD:WeatherObserved:00006;Estación Meteorológica - Centro;2025-02-20 17:02:22;0;0;;Validado Manual;;;
MVD:WeatherObserved:00006;Estación Meteorológica - Centro;2025-02-20 17:07:22;0;0;;Validado Manual;;;
MVD:WeatherObserved:00006;Estación Meteorológica - Centro;2025-02-20 17:12:22;0;0;;Validado Manual;;;
MVD:WeatherObserved:00006;Estación Meteorológica - Centro;2025-02-20 17:17:25;0;0;;Validado Manual;;;
MVD:WeatherObserved:00006;Estación Meteorológica - Centro;2025-02-20 17:22:22;0;0;;Validado Manual;;;
MVD:WeatherObserved:00006;Estación Meteorológica - Centro;2025-02-20 17:27:23;0;0;;Validado Manual;;;
MVD:WeatherObserved:00006;Estación Meteorológica - Centro;2025-02-20 17:32:23;0;0;;Validado Manual;;;
MVD:WeatherObserved:00006;Estación Meteorológica - Centro;2025-02-20 17:37:23;0;0;;Validado Manual;;;
MVD:WeatherObserved:00006;Estación Meteorológica - Centro;2025-02-20 17:42:23;0;0;;Validado Manual;;;
MVD:WeatherObserved:00006;Estación Meteorológica - Centro;2025-02-20 17:47:23;0;0;;Validado Manual;;;
MVD:WeatherObserved:00006;Estación Meteorológica - Centro;2025-02-20 17:52:23;0;0;;Validado Manual;;;
MVD:WeatherObserved:00006;Estación Meteorológica - Centro;2025-02-20 17:57:23;0;0;;Validado Manual;;;
MVD:WeatherObserved:00006;Estación Meteorológica - Centro;2025-02-20 18:02:23;0;0;;Validado Manual;;;
MVD:WeatherObserved:00006;Estación Meteorológica - Centro;2025-02-20 18:07:23;0;0;;Validado Manual;;;
MVD:WeatherObserved:00006;Estación Meteorológica - Centro;2025-02-20 18:12:23;0;0;;Validado Manual;;;
MVD:WeatherObserved:00006;Estación Meteorológica - Centro;2025-02-20 18:17:23;0;0;;Validado Manual;;;
MVD:WeatherObserved:00006;Estación Meteorológica - Centro;2025-02-20 18:22:23;0;0;;Validado Manual;;;
MVD:WeatherObserved:00006;Estación Meteorológica - Centro;2025-02-20 18:27:23;0;0;;Validado Manual;;;
MVD:WeatherObserved:00006;Estación Meteorológica - Centro;2025-02-20 18:32:23;0;0;;Validado Manual;;;
MVD:WeatherObserved:00006;Estación Meteorológica - Centro;2025-02-20 18:37:23;0;0;;Validado Manual;;;
MVD:WeatherObserved:00006;Estación Meteorológica - Centro;2025-02-20 18:42:28;0;0;;Validado Manual;;;
MVD:WeatherObserved:00006;Estación Meteorológica - Centro;2025-02-20 18:47:24;0;0;;Validado Manual;;;
MVD:WeatherObserved:00006;Estación Meteorológica - Centro;2025-02-20 18:52:24;0;0;;Validado Manual;;;
MVD:WeatherObserved:00006;Estación Meteorológica - Centro;2025-02-20 18:57:24;0;0;;Validado Manual;;;
MVD:WeatherObserved:00006;Estación Meteorológica - Centro;2025-02-20 19:02:24;0;0;;Validado Manual;;;
MVD:WeatherObserved:00006;Estación Meteorológica - Centro;2025-02-20 19:07:24;0;0;;Validado Manual;;;
MVD:WeatherObserved:00006;Estación Meteorológica - Centro;2025-02-20 19:12:24;0;0;;Validado Manual;;;
MVD:WeatherObserved:00006;Estación Meteorológica - Centro;2025-02-20 19:17:24;0;0;;Validado Manual;;;
MVD:WeatherObserved:00006;Estación Meteorológica - Centro;2025-02-20 19:22:24;0;0;;Validado Manual;;;
MVD:WeatherObserved:00006;Estación Meteorológica - Centro;2025-02-20 19:27:24;0;0;;Validado Manual;;;
MVD:WeatherObserved:00006;Estación Meteorológica - Centro;2025-02-20 19:32:24;0;0;;Validado Manual;;;
MVD:WeatherObserved:00006;Estación Meteorológica - Centro;2025-02-20 19:37:24;0;0;;Validado Manual;;;
MVD:WeatherObserved:00006;Estación Meteorológica - Centro;2025-02-20 19:42:24;0;0;;Validado Manual;;;
MVD:WeatherObserved:00006;Estación Meteorológica - Centro;2025-02-20 19:47:24;0;0;;Validado Manual;;;
MVD:WeatherObserved:00006;Estación Meteorológica - Centro;2025-02-20 19:52:24;0;0;;Validado Manual;;;
MVD:WeatherObserved:00006;Estación Meteorológica - Centro;2025-02-20 19:57:24;0;0;;Validado Manual;;;
MVD:WeatherObserved:00006;Estación Meteorológica - Centro;2025-02-20 20:02:25;0;0;;Validado Manual;;;
MVD:WeatherObserved:00006;Estación Meteorológica - Centro;2025-02-20 20:07:25;0;0;;Validado Manual;;;
MVD:WeatherObserved:00006;Estación Meteorológica - Centro;2025-02-20 20:12:25;0;0;;Validado Manual;;;
MVD:WeatherObserved:00006;Estación Meteorológica - Centro;2025-02-20 20:17:25;0;0;;Validado Manual;;;
MVD:WeatherObserved:00006;Estación Meteorológica - Centro;2025-02-20 20:22:25;0;0;;Validado Manual;;;
MVD:WeatherObserved:00006;Estación Meteorológica - Centro;2025-02-20 20:27:25;0;0;;Validado Manual;;;
MVD:WeatherObserved:00006;Estación Meteorológica - Centro;2025-02-20 20:32:25;0;0;;Validado Manual;;;
MVD:WeatherObserved:00006;Estación Meteorológica - Centro;2025-02-20 20:37:25;0;0;;Validado Manual;;;
MVD:WeatherObserved:00006;Estación Meteorológica - Centro;2025-02-20 20:42:25;0;0;;Validado Manual;;;
MVD:WeatherObserved:00006;Estación Meteorológica - Centro;2025-02-20 20:47:25;0;0;;Validado Manual;;;
MVD:WeatherObserved:00006;Estación Meteorológica - Centro;2025-02-20 20:52:25;0;0;;Validado Manual;;;
MVD:WeatherObserved:00006;Estación Meteorológica - Centro;2025-02-20 20:57:25;0;0;;Validado Manual;;;
MVD:WeatherObserved:00006;Estación Meteorológica - Centro;2025-02-20 21:02:25;0;0;;Validado Manual;;;
MVD:WeatherObserved:00006;Estación Meteorológica - Centro;2025-02-20 21:07:25;0;0;;Validado Manual;;;
MVD:WeatherObserved:00006;Estación Meteorológica - Centro;2025-02-20 21:12:25;0;0;;Validado Manual;;;
MVD:WeatherObserved:00006;Estación Meteorológica - Centro;2025-02-20 21:17:25;0;0;;Validado Manual;;;
MVD:WeatherObserved:00006;Estación Meteorológica - Centro;2025-02-20 21:22:25;0;0;;Validado Manual;;;
MVD:WeatherObserved:00006;Estación Meteorológica - Centro;2025-02-20 21:27:25;0;0;;Validado Manual;;;
MVD:WeatherObserved:00006;Estación Meteorológica - Centro;2025-02-20 21:32:25;0;0;;Validado Manual;;;
MVD:WeatherObserved:00006;Estación Meteorológica - Centro;2025-02-20 21:37:26;0;0;;Validado Manual;;;
MVD:WeatherObserved:00006;Estación Meteorológica - Centro;2025-02-20 21:42:26;0;0;;Validado Manual;;;
MVD:WeatherObserved:00006;Estación Meteorológica - Centro;2025-02-20 21:47:26;0;0;;Validado Manual;;;
MVD:WeatherObserved:00006;Estación Meteorológica - Centro;2025-02-20 21:52:26;0;0;;Validado Manual;;;
MVD:WeatherObserved:00006;Estación Meteorológica - Centro;2025-02-20 21:57:26;0;0;;Validado Manual;;;
MVD:WeatherObserved:00006;Estación Meteorológica - Centro;2025-02-20 22:02:26;0;0;;Validado Manual;;;
MVD:WeatherObserved:00006;Estación Meteorológica - Centro;2025-02-20 22:07:26;0;0;;Validado Manual;;;
MVD:WeatherObserved:00006;Estación Meteorológica - Centro;2025-02-20 22:12:26;0;0;;Validado Manual;;;
MVD:WeatherObserved:00006;Estación Meteorológica - Centro;2025-02-20 22:17:26;0;0;;Validado Manual;;;
MVD:WeatherObserved:00006;Estación Meteorológica - Centro;2025-02-20 22:22:29;0;0;;Validado Manual;;;
MVD:WeatherObserved:00006;Estación Meteorológica - Centro;2025-02-20 22:27:26;0;0;;Validado Manual;;;
MVD:WeatherObserved:00006;Estación Meteorológica - Centro;2025-02-20 22:37:26;0;0;;Validado Manual;;;
MVD:WeatherObserved:00006;Estación Meteorológica - Centro;2025-02-20 22:42:26;0;0;;Validado Manual;;;
MVD:WeatherObserved:00006;Estación Meteorológica - Centro;2025-02-20 22:47:26;0;0;;Validado Manual;;;
MVD:WeatherObserved:00006;Estación Meteorológica - Centro;2025-02-20 22:52:27;0;0;;Validado Manual;;;
MVD:WeatherObserved:00006;Estación Meteorológica - Centro;2025-02-20 22:57:27;0;0;;Validado Manual;;;
MVD:WeatherObserved:00006;Estación Meteorológica - Centro;2025-02-20 23:07:27;0;0;;Validado Manual;;;
MVD:WeatherObserved:00006;Estación Meteorológica - Centro;2025-02-20 23:12:27;0;0;;Validado Manual;;;
MVD:WeatherObserved:00006;Estación Meteorológica - Centro;2025-02-20 23:17:27;0;0;;Validado Manual;;;
MVD:WeatherObserved:00006;Estación Meteorológica - Centro;2025-02-20 23:22:27;0;0;;Validado Manual;;;
MVD:WeatherObserved:00006;Estación Meteorológica - Centro;2025-02-20 23:27:27;0;0;;Validado Manual;;;
MVD:WeatherObserved:00006;Estación Meteorológica - Centro;2025-02-20 23:32:27;0;0;;Validado Manual;;;
MVD:WeatherObserved:00006;Estación Meteorológica - Centro;2025-02-20 23:37:27;0;0;;Validado Manual;;;
MVD:WeatherObserved:00006;Estación Meteorológica - Centro;2025-02-20 23:42:27;0;0;;Validado Manual;;;
MVD:WeatherObserved:00006;Estación Meteorológica - Centro;2025-02-20 23:47:27;0;0;;Validado Manual;;;
MVD:WeatherObserved:00006;Estación Meteorológica - Centro;2025-02-20 23:52:27;0;0;;Validado Manual;;;
MVD:WeatherObserved:00006;Estación Meteorológica - Centro;2025-02-20 23:57:27;0;0;;Validado Manual;;;
MVD:WeatherObserved:00006;Estación Meteorológica - Centro;2025-02-21 00:02:27;0;0;;Validado Manual;;;
MVD:WeatherObserved:00006;Estación Meteorológica - Centro;2025-02-21 00:07:27;0;0;;Validado Manual;;;
MVD:WeatherObserved:00006;Estación Meteorológica - Centro;2025-02-21 00:12:27;0;0;;Validado Manual;;;
MVD:WeatherObserved:00006;Estación Meteorológica - Centro;2025-02-21 00:17:28;0;0;;Validado Manual;;;
MVD:WeatherObserved:00006;Estación Meteorológica - Centro;2025-02-21 00:22:28;0;0;;Validado Manual;;;
MVD:WeatherObserved:00006;Estación Meteorológica - Centro;2025-02-21 00:27:28;0;0;;Validado Manual;;;
MVD:WeatherObserved:00006;Estación Meteorológica - Centro;2025-02-21 00:32:28;0;0;;Validado Manual;;;
MVD:WeatherObserved:00006;Estación Meteorológica - Centro;2025-02-21 00:37:28;0;0;;Validado Manual;;;
MVD:WeatherObserved:00006;Estación Meteorológica - Centro;2025-02-21 00:42:28;0;0;;Validado Manual;;;
MVD:WeatherObserved:00006;Estación Meteorológica - Centro;2025-02-21 00:47:28;0;0;;Validado Manual;;;
MVD:WeatherObserved:00006;Estación Meteorológica - Centro;2025-02-21 00:52:28;0;0;;Validado Manual;;;
MVD:WeatherObserved:00006;Estación Meteorológica - Centro;2025-02-21 00:57:28;0;0;;Validado Manual;;;
MVD:WeatherObserved:00006;Estación Meteorológica - Centro;2025-02-21 01:02:28;0;0;;Validado Manual;;;
MVD:WeatherObserved:00006;Estación Meteorológica - Centro;2025-02-21 01:07:28;0;0;;Validado Manual;;;
MVD:WeatherObserved:00006;Estación Meteorológica - Centro;2025-02-21 01:12:29;0;0;;Validado Manual;;;
MVD:WeatherObserved:00006;Estación Meteorológica - Centro;2025-02-21 01:17:29;0;0;;Validado Manual;;;
MVD:WeatherObserved:00006;Estación Meteorológica - Centro;2025-02-21 01:22:29;0;0;;Validado Manual;;;
MVD:WeatherObserved:00006;Estación Meteorológica - Centro;2025-02-21 01:27:29;0;0;;Validado Manual;;;
MVD:WeatherObserved:00006;Estación Meteorológica - Centro;2025-02-21 01:32:29;0;0;;Validado Manual;;;
MVD:WeatherObserved:00006;Estación Meteorológica - Centro;2025-02-21 01:37:29;0;0;;Validado Manual;;;
MVD:WeatherObserved:00006;Estación Meteorológica - Centro;2025-02-21 01:42:29;0;0;;Validado Manual;;;
MVD:WeatherObserved:00006;Estación Meteorológica - Centro;2025-02-21 01:47:29;0;0;;Validado Manual;;;
MVD:WeatherObserved:00006;Estación Meteorológica - Centro;2025-02-21 01:52:29;0;0;;Validado Manual;;;
MVD:WeatherObserved:00006;Estación Meteorológica - Centro;2025-02-21 01:57:29;0;0;;Validado Manual;;;
MVD:WeatherObserved:00006;Estación Meteorológica - Centro;2025-02-21 02:02:29;0;0;;Validado Manual;;;
MVD:WeatherObserved:00006;Estación Meteorológica - Centro;2025-02-21 02:07:29;0;0;;Validado Manual;;;
MVD:WeatherObserved:00006;Estación Meteorológica - Centro;2025-02-21 02:12:29;0;0;;Validado Manual;;;
MVD:WeatherObserved:00006;Estación Meteorológica - Centro;2025-02-21 02:17:29;0;0;;Validado Manual;;;
MVD:WeatherObserved:00006;Estación Meteorológica - Centro;2025-02-21 02:22:29;0;0;;Validado Manual;;;
MVD:WeatherObserved:00006;Estación Meteorológica - Centro;2025-02-21 02:27:29;0;0;;Validado Manual;;;
MVD:WeatherObserved:00006;Estación Meteorológica - Centro;2025-02-21 02:32:29;0;0;;Validado Manual;;;
MVD:WeatherObserved:00006;Estación Meteorológica - Centro;2025-02-21 02:37:29;0;0;;Validado Manual;;;
MVD:WeatherObserved:00006;Estación Meteorológica - Centro;2025-02-21 02:42:30;0;0;;Validado Manual;;;
MVD:WeatherObserved:00006;Estación Meteorológica - Centro;2025-02-21 02:47:30;0;0;;Validado Manual;;;
MVD:WeatherObserved:00006;Estación Meteorológica - Centro;2025-02-21 02:52:30;0;0;;Validado Manual;;;
MVD:WeatherObserved:00006;Estación Meteorológica - Centro;2025-02-21 02:57:30;0;0;;Validado Manual;;;
MVD:WeatherObserved:00006;Estación Meteorológica - Centro;2025-02-21 03:02:30;0;0;;Validado Manual;;;
MVD:WeatherObserved:00006;Estación Meteorológica - Centro;2025-02-21 03:07:30;0;0;;Validado Manual;;;
MVD:WeatherObserved:00006;Estación Meteorológica - Centro;2025-02-21 03:12:30;0;0;;Validado Manual;;;
MVD:WeatherObserved:00006;Estación Meteorológica - Centro;2025-02-21 03:17:30;0;0;;Validado Manual;;;
MVD:WeatherObserved:00006;Estación Meteorológica - Centro;2025-02-21 03:22:30;0;0;;Validado Manual;;;
MVD:WeatherObserved:00006;Estación Meteorológica - Centro;2025-02-21 03:27:30;0;0;;Validado Manual;;;
MVD:WeatherObserved:00006;Estación Meteorológica - Centro;2025-02-21 03:32:30;0;0;;Validado Manual;;;
MVD:WeatherObserved:00006;Estación Meteorológica - Centro;2025-02-21 03:37:30;0;0;;Validado Manual;;;
MVD:WeatherObserved:00006;Estación Meteorológica - Centro;2025-02-21 03:42:30;0;0;;Validado Manual;;;
MVD:WeatherObserved:00006;Estación Meteorológica - Centro;2025-02-21 03:47:30;0;0;;Validado Manual;;;
MVD:WeatherObserved:00006;Estación Meteorológica - Centro;2025-02-21 03:52:30;0;0;;Validado Manual;;;
MVD:WeatherObserved:00006;Estación Meteorológica - Centro;2025-02-21 03:57:31;0;0;;Validado Manual;;;
MVD:WeatherObserved:00006;Estación Meteorológica - Centro;2025-02-21 04:02:31;0;0;;Validado Manual;;;
MVD:WeatherObserved:00006;Estación Meteorológica - Centro;2025-02-21 04:07:31;0;0;;Validado Manual;;;
MVD:WeatherObserved:00006;Estación Meteorológica - Centro;2025-02-21 04:12:31;0;0;;Validado Manual;;;
MVD:WeatherObserved:00006;Estación Meteorológica - Centro;2025-02-21 04:17:31;0;0;;Validado Manual;;;
MVD:WeatherObserved:00006;Estación Meteorológica - Centro;2025-02-21 04:22:31;0;0;;Validado Manual;;;
MVD:WeatherObserved:00006;Estación Meteorológica - Centro;2025-02-21 04:27:31;0;0;;Validado Manual;;;
MVD:WeatherObserved:00006;Estación Meteorológica - Centro;2025-02-21 04:32:31;0;0;;Validado Manual;;;
MVD:WeatherObserved:00006;Estación Meteorológica - Centro;2025-02-21 04:37:31;0;0;;Validado Manual;;;
MVD:WeatherObserved:00006;Estación Meteorológica - Centro;2025-02-21 04:42:31;0;0;;Validado Manual;;;
MVD:WeatherObserved:00006;Estación Meteorológica - Centro;2025-02-21 04:47:31;0;0;;Validado Manual;;;
MVD:WeatherObserved:00006;Estación Meteorológica - Centro;2025-02-21 04:52:31;0;0;;Validado Manual;;;
MVD:WeatherObserved:00006;Estación Meteorológica - Centro;2025-02-21 04:57:31;0;0;;Validado Manual;;;
MVD:WeatherObserved:00006;Estación Meteorológica - Centro;2025-02-21 05:02:31;0;0;;Validado Manual;;;
MVD:WeatherObserved:00006;Estación Meteorológica - Centro;2025-02-21 05:07:32;0;0;;Validado Manual;;;
MVD:WeatherObserved:00006;Estación Meteorológica - Centro;2025-02-21 05:12:32;0;0;;Validado Manual;;;
MVD:WeatherObserved:00006;Estación Meteorológica - Centro;2025-02-21 05:17:32;0;0;;Validado Manual;;;
MVD:WeatherObserved:00006;Estación Meteorológica - Centro;2025-02-21 05:22:32;0;0;;Validado Manual;;;
MVD:WeatherObserved:00006;Estación Meteorológica - Centro;2025-02-21 05:27:32;0;0;;Validado Manual;;;
MVD:WeatherObserved:00006;Estación Meteorológica - Centro;2025-02-21 05:32:32;0;0;;Validado Manual;;;
MVD:WeatherObserved:00006;Estación Meteorológica - Centro;2025-02-21 05:37:32;0;0;;Validado Manual;;;
MVD:WeatherObserved:00006;Estación Meteorológica - Centro;2025-02-21 05:42:32;0;0;;Validado Manual;;;
MVD:WeatherObserved:00006;Estación Meteorológica - Centro;2025-02-21 05:47:32;0;0;;Validado Manual;;;
MVD:WeatherObserved:00006;Estación Meteorológica - Centro;2025-02-21 05:52:32;0;0;;Validado Manual;;;
MVD:WeatherObserved:00006;Estación Meteorológica - Centro;2025-02-21 05:57:32;0;0;;Validado Manual;;;
MVD:WeatherObserved:00006;Estación Meteorológica - Centro;2025-02-21 06:02:32;0;0;;Validado Manual;;;
MVD:WeatherObserved:00006;Estación Meteorológica - Centro;2025-02-21 06:07:32;0;0;;Validado Manual;;;
MVD:WeatherObserved:00006;Estación Meteorológica - Centro;2025-02-21 06:12:33;0;0;;Validado Manual;;;
MVD:WeatherObserved:00006;Estación Meteorológica - Centro;2025-02-21 06:17:33;0;0;;Validado Manual;;;
MVD:WeatherObserved:00006;Estación Meteorológica - Centro;2025-02-21 06:22:33;0;0;;Validado Manual;;;
MVD:WeatherObserved:00006;Estación Meteorológica - Centro;2025-02-21 06:27:33;0;0;;Validado Manual;;;
MVD:WeatherObserved:00006;Estación Meteorológica - Centro;2025-02-21 06:32:33;0;0;;Validado Manual;;;
MVD:WeatherObserved:00006;Estación Meteorológica - Centro;2025-02-21 06:37:33;0;0;;Validado Manual;;;
MVD:WeatherObserved:00006;Estación Meteorológica - Centro;2025-02-21 06:42:33;0;0;;Validado Manual;;;
MVD:WeatherObserved:00006;Estación Meteorológica - Centro;2025-02-21 06:47:33;0;0;;Validado Manual;;;
MVD:WeatherObserved:00006;Estación Meteorológica - Centro;2025-02-21 06:52:33;0;0;;Validado Manual;;;
MVD:WeatherObserved:00006;Estación Meteorológica - Centro;2025-02-21 06:57:33;0;0;;Validado Manual;;;
MVD:WeatherObserved:00006;Estación Meteorológica - Centro;2025-02-21 07:02:33;0;0;;Validado Manual;;;
MVD:WeatherObserved:00006;Estación Meteorológica - Centro;2025-02-21 07:07:33;0;0;;Validado Manual;;;
MVD:WeatherObserved:00006;Estación Meteorológica - Centro;2025-02-21 07:12:33;0;0;;Validado Manual;;;
MVD:WeatherObserved:00006;Estación Meteorológica - Centro;2025-02-21 07:17:33;0;0;;Validado Manual;;;
MVD:WeatherObserved:00006;Estación Meteorológica - Centro;2025-02-21 07:22:33;0;0;;Validado Manual;;;
MVD:WeatherObserved:00006;Estación Meteorológica - Centro;2025-02-21 07:27:34;0;0;;Validado Manual;;;
MVD:WeatherObserved:00006;Estación Meteorológica - Centro;2025-02-21 07:32:34;0;0;;Validado Manual;;;
MVD:WeatherObserved:00006;Estación Meteorológica - Centro;2025-02-21 07:37:34;0;0;;Validado Manual;;;
MVD:WeatherObserved:00006;Estación Meteorológica - Centro;2025-02-21 07:42:34;0;0;;Validado Manual;;;
MVD:WeatherObserved:00006;Estación Meteorológica - Centro;2025-02-21 07:47:34;0;0;;Validado Manual;;;
MVD:WeatherObserved:00006;Estación Meteorológica - Centro;2025-02-21 07:52:34;0;0;;Validado Manual;;;
MVD:WeatherObserved:00006;Estación Meteorológica - Centro;2025-02-21 07:57:34;0;0;;Validado Manual;;;
MVD:WeatherObserved:00006;Estación Meteorológica - Centro;2025-02-21 08:02:34;0;0;;Validado Manual;;;
MVD:WeatherObserved:00006;Estación Meteorológica - Centro;2025-02-21 08:07:34;0;0;;Validado Manual;;;
MVD:WeatherObserved:00006;Estación Meteorológica - Centro;2025-02-21 08:12:34;0;0;;Validado Manual;;;
MVD:WeatherObserved:00006;Estación Meteorológica - Centro;2025-02-21 08:17:34;0;0;;Validado Manual;;;
MVD:WeatherObserved:00006;Estación Meteorológica - Centro;2025-02-21 08:22:34;0;0;;Validado Manual;;;
MVD:WeatherObserved:00006;Estación Meteorológica - Centro;2025-02-21 08:27:35;0;0;;Validado Manual;;;
MVD:WeatherObserved:00006;Estación Meteorológica - Centro;2025-02-21 08:32:34;0;0;;Validado Manual;;;
MVD:WeatherObserved:00006;Estación Meteorológica - Centro;2025-02-21 08:37:35;0;0;;Validado Manual;;;
MVD:WeatherObserved:00006;Estación Meteorológica - Centro;2025-02-21 08:42:35;0;0;;Validado Manual;;;
MVD:WeatherObserved:00006;Estación Meteorológica - Centro;2025-02-21 08:47:35;0;0;;Validado Manual;;;
MVD:WeatherObserved:00006;Estación Meteorológica - Centro;2025-02-21 08:52:35;0;0;;Validado Manual;;;
MVD:WeatherObserved:00006;Estación Meteorológica - Centro;2025-02-21 08:57:35;0;0;;Validado Manual;;;
MVD:WeatherObserved:00006;Estación Meteorológica - Centro;2025-02-21 09:02:35;0;0;;Validado Manual;;;
MVD:WeatherObserved:00006;Estación Meteorológica - Centro;2025-02-21 09:07:35;0;0;;Validado Manual;;;
MVD:WeatherObserved:00006;Estación Meteorológica - Centro;2025-02-21 09:12:35;0;0;;Validado Manual;;;
MVD:WeatherObserved:00006;Estación Meteorológica - Centro;2025-02-21 09:17:35;0;0;;Validado Manual;;;
MVD:WeatherObserved:00006;Estación Meteorológica - Centro;2025-02-21 09:22:35;0;0;;Validado Manual;;;
MVD:WeatherObserved:00006;Estación Meteorológica - Centro;2025-02-21 09:27:35;0;0;;Validado Manual;;;
MVD:WeatherObserved:00006;Estación Meteorológica - Centro;2025-02-21 09:32:35;0;0;;Validado Manual;;;
MVD:WeatherObserved:00006;Estación Meteorológica - Centro;2025-02-21 09:37:35;0;0;;Validado Manual;;;
MVD:WeatherObserved:00006;Estación Meteorológica - Centro;2025-02-21 09:42:35;0;0;;Validado Manual;;;
MVD:WeatherObserved:00006;Estación Meteorológica - Centro;2025-02-21 09:47:36;0;0;;Validado Manual;;;
MVD:WeatherObserved:00006;Estación Meteorológica - Centro;2025-02-21 09:52:36;0;0;;Validado Manual;;;
MVD:WeatherObserved:00006;Estación Meteorológica - Centro;2025-02-21 09:57:36;0;0;;Validado Manual;;;
MVD:WeatherObserved:00006;Estación Meteorológica - Centro;2025-02-21 10:02:36;0;0;;Validado Manual;;;
MVD:WeatherObserved:00006;Estación Meteorológica - Centro;2025-02-21 10:07:36;0;0;;Validado Manual;;;
MVD:WeatherObserved:00006;Estación Meteorológica - Centro;2025-02-21 10:12:36;0;0;;Validado Manual;;;
MVD:WeatherObserved:00006;Estación Meteorológica - Centro;2025-02-21 10:17:36;0;0;;Validado Manual;;;
MVD:WeatherObserved:00006;Estación Meteorológica - Centro;2025-02-21 10:22:36;0;0;;Validado Manual;;;
MVD:WeatherObserved:00006;Estación Meteorológica - Centro;2025-02-21 10:27:36;0;0;;Validado Manual;;;
MVD:WeatherObserved:00006;Estación Meteorológica - Centro;2025-02-21 10:32:36;0;0;;Validado Manual;;;
MVD:WeatherObserved:00006;Estación Meteorológica - Centro;2025-02-21 10:37:36;0;0;;Validado Manual;;;
MVD:WeatherObserved:00006;Estación Meteorológica - Centro;2025-02-21 10:42:36;0;0;;Validado Manual;;;
MVD:WeatherObserved:00006;Estación Meteorológica - Centro;2025-02-21 10:47:36;0;0;;Validado Manual;;;
MVD:WeatherObserved:00006;Estación Meteorológica - Centro;2025-02-21 10:52:36;0;0;;Validado Manual;;;
MVD:WeatherObserved:00006;Estación Meteorológica - Centro;2025-02-21 10:57:36;0;0;;Validado Manual;;;
MVD:WeatherObserved:00006;Estación Meteorológica - Centro;2025-02-21 11:02:36;0;0;;Validado Manual;;;
MVD:WeatherObserved:00006;Estación Meteorológica - Centro;2025-02-21 11:07:37;0;0;;Validado Manual;;;
MVD:WeatherObserved:00006;Estación Meteorológica - Centro;2025-02-21 11:12:37;0;0;;Validado Manual;;;
MVD:WeatherObserved:00006;Estación Meteorológica - Centro;2025-02-21 11:17:37;0;0;;Validado Manual;;;
MVD:WeatherObserved:00006;Estación Meteorológica - Centro;2025-02-21 11:22:37;0;0;;Validado Manual;;;
MVD:WeatherObserved:00006;Estación Meteorológica - Centro;2025-02-21 11:27:37;0;0;;Validado Manual;;;
MVD:WeatherObserved:00006;Estación Meteorológica - Centro;2025-02-21 11:32:37;0;0;;Validado Manual;;;
MVD:WeatherObserved:00006;Estación Meteorológica - Centro;2025-02-21 11:37:37;0;0;;Validado Manual;;;
MVD:WeatherObserved:00006;Estación Meteorológica - Centro;2025-02-21 11:42:37;0;0;;Validado Manual;;;
MVD:WeatherObserved:00006;Estación Meteorológica - Centro;2025-02-21 11:47:37;0;0;;Validado Manual;;;
MVD:WeatherObserved:00006;Estación Meteorológica - Centro;2025-02-21 11:52:37;0;0;;Validado Manual;;;
MVD:WeatherObserved:00006;Estación Meteorológica - Centro;2025-02-21 11:57:37;0;0;;Validado Manual;;;
MVD:WeatherObserved:00006;Estación Meteorológica - Centro;2025-02-21 12:02:37;0;0;;Validado Manual;;;
MVD:WeatherObserved:00006;Estación Meteorológica - Centro;2025-02-21 12:07:37;0;0;;Validado Manual;;;
MVD:WeatherObserved:00006;Estación Meteorológica - Centro;2025-02-21 12:12:37;0;0;;Validado Manual;;;
MVD:WeatherObserved:00006;Estación Meteorológica - Centro;2025-02-21 12:17:37;0;0;;Validado Manual;;;
MVD:WeatherObserved:00006;Estación Meteorológica - Centro;2025-02-21 12:22:38;0;0;;Validado Manual;;;
MVD:WeatherObserved:00006;Estación Meteorológica - Centro;2025-02-21 12:27:38;0;0;;Validado Manual;;;
MVD:WeatherObserved:00006;Estación Meteorológica - Centro;2025-02-21 12:32:38;0;0;;Validado Manual;;;
MVD:WeatherObserved:00006;Estación Meteorológica - Centro;2025-02-21 12:37:38;0;0;;Validado Manual;;;
MVD:WeatherObserved:00006;Estación Meteorológica - Centro;2025-02-21 12:42:38;0;0;;Validado Manual;;;
MVD:WeatherObserved:00006;Estación Meteorológica - Centro;2025-02-21 12:47:38;0;0;;Validado Manual;;;
MVD:WeatherObserved:00006;Estación Meteorológica - Centro;2025-02-21 12:52:38;0;0;;Validado Manual;;;
MVD:WeatherObserved:00006;Estación Meteorológica - Centro;2025-02-21 12:57:38;0;0;;Validado Manual;;;
MVD:WeatherObserved:00006;Estación Meteorológica - Centro;2025-02-21 13:02:38;0;0;;Validado Manual;;;
MVD:WeatherObserved:00006;Estación Meteorológica - Centro;2025-02-21 13:07:39;0;0;;Validado Manual;;;
MVD:WeatherObserved:00006;Estación Meteorológica - Centro;2025-02-21 13:12:39;0;0;;Validado Manual;;;
MVD:WeatherObserved:00006;Estación Meteorológica - Centro;2025-02-21 13:17:39;0;0;;Validado Manual;;;
MVD:WeatherObserved:00006;Estación Meteorológica - Centro;2025-02-21 13:22:39;0;0;;Validado Manual;;;
MVD:WeatherObserved:00006;Estación Meteorológica - Centro;2025-02-21 13:27:39;0;0;;Validado Manual;;;
MVD:WeatherObserved:00006;Estación Meteorológica - Centro;2025-02-21 13:32:39;0;0;;Validado Manual;;;
MVD:WeatherObserved:00006;Estación Meteorológica - Centro;2025-02-21 13:37:39;0;0;;Validado Manual;;;
MVD:WeatherObserved:00006;Estación Meteorológica - Centro;2025-02-21 13:42:39;0;0;;Validado Manual;;;
MVD:WeatherObserved:00006;Estación Meteorológica - Centro;2025-02-21 13:47:39;0;0;;Validado Manual;;;
MVD:WeatherObserved:00006;Estación Meteorológica - Centro;2025-02-21 13:52:39;0;0;;Validado Manual;;;
MVD:WeatherObserved:00006;Estación Meteorológica - Centro;2025-02-21 13:57:39;0;0;;Validado Manual;;;
MVD:WeatherObserved:00006;Estación Meteorológica - Centro;2025-02-21 14:02:39;0;0;;Validado Manual;;;
MVD:WeatherObserved:00006;Estación Meteorológica - Centro;2025-02-21 14:07:39;0;0;;Validado Manual;;;
MVD:WeatherObserved:00006;Estación Meteorológica - Centro;2025-02-21 14:12:39;0;0;;Validado Manual;;;
MVD:WeatherObserved:00006;Estación Meteorológica - Centro;2025-02-21 14:17:39;0;0;;Validado Manual;;;
MVD:WeatherObserved:00006;Estación Meteorológica - Centro;2025-02-21 14:22:39;0;0;;Validado Manual;;;
MVD:WeatherObserved:00006;Estación Meteorológica - Centro;2025-02-21 14:27:39;0;0;;Validado Manual;;;
MVD:WeatherObserved:00006;Estación Meteorológica - Centro;2025-02-21 14:32:39;0;0;;Validado Manual;;;
MVD:WeatherObserved:00006;Estación Meteorológica - Centro;2025-02-21 14:37:40;0;0;;Validado Manual;;;
MVD:WeatherObserved:00006;Estación Meteorológica - Centro;2025-02-21 14:42:40;0;0;;Validado Manual;;;
MVD:WeatherObserved:00006;Estación Meteorológica - Centro;2025-02-21 14:47:40;0;0;;Validado Manual;;;
MVD:WeatherObserved:00006;Estación Meteorológica - Centro;2025-02-21 14:52:40;0;0;;Validado Manual;;;
MVD:WeatherObserved:00006;Estación Meteorológica - Centro;2025-02-21 14:57:40;0;0;;Validado Manual;;;
MVD:WeatherObserved:00006;Estación Meteorológica - Centro;2025-02-21 15:02:40;0;0;;Validado Manual;;;
MVD:WeatherObserved:00006;Estación Meteorológica - Centro;2025-02-21 15:07:40;0;0;;Validado Manual;;;
MVD:WeatherObserved:00006;Estación Meteorológica - Centro;2025-02-21 15:12:40;0;0;;Validado Manual;;;
MVD:WeatherObserved:00006;Estación Meteorológica - Centro;2025-02-21 15:17:40;0;0;;Validado Manual;;;
MVD:WeatherObserved:00006;Estación Meteorológica - Centro;2025-02-21 15:22:40;0;0;;Validado Manual;;;
MVD:WeatherObserved:00006;Estación Meteorológica - Centro;2025-02-21 15:27:40;0;0;;Validado Manual;;;
MVD:WeatherObserved:00006;Estación Meteorológica - Centro;2025-02-21 15:32:40;0;0;;Validado Manual;;;
MVD:WeatherObserved:00006;Estación Meteorológica - Centro;2025-02-21 15:37:40;0;0;;Validado Manual;;;
MVD:WeatherObserved:00006;Estación Meteorológica - Centro;2025-02-21 15:42:40;0;0;;Validado Manual;;;
MVD:WeatherObserved:00006;Estación Meteorológica - Centro;2025-02-21 15:47:40;0;0;;Validado Manual;;;
MVD:WeatherObserved:00006;Estación Meteorológica - Centro;2025-02-21 15:52:40;0;0;;Validado Manual;;;
MVD:WeatherObserved:00006;Estación Meteorológica - Centro;2025-02-21 15:57:41;0;0;;Validado Manual;;;
MVD:WeatherObserved:00006;Estación Meteorológica - Centro;2025-02-21 16:02:41;0;0;;Validado Manual;;;
MVD:WeatherObserved:00006;Estación Meteorológica - Centro;2025-02-21 16:07:41;0;0;;Validado Manual;;;
MVD:WeatherObserved:00006;Estación Meteorológica - Centro;2025-02-21 16:12:41;0;0;;Validado Manual;;;
MVD:WeatherObserved:00006;Estación Meteorológica - Centro;2025-02-21 16:17:41;0;0;;Validado Manual;;;
MVD:WeatherObserved:00006;Estación Meteorológica - Centro;2025-02-21 16:22:41;0;0;;Validado Manual;;;
MVD:WeatherObserved:00006;Estación Meteorológica - Centro;2025-02-21 16:27:41;0;0;;Validado Manual;;;
MVD:WeatherObserved:00006;Estación Meteorológica - Centro;2025-02-21 16:32:41;0;0;;Validado Manual;;;
MVD:WeatherObserved:00006;Estación Meteorológica - Centro;2025-02-21 16:37:41;0;0;;Validado Manual;;;
MVD:WeatherObserved:00006;Estación Meteorológica - Centro;2025-02-21 16:42:41;0;0;;Validado Manual;;;
MVD:WeatherObserved:00006;Estación Meteorológica - Centro;2025-02-21 16:47:41;0;0;;Validado Manual;;;
MVD:WeatherObserved:00006;Estación Meteorológica - Centro;2025-02-21 16:52:41;0;0;;Validado Manual;;;
MVD:WeatherObserved:00006;Estación Meteorológica - Centro;2025-02-21 16:57:41;0;0;;Validado Manual;;;
MVD:WeatherObserved:00006;Estación Meteorológica - Centro;2025-02-21 17:02:41;0;0;;Validado Manual;;;
MVD:WeatherObserved:00006;Estación Meteorológica - Centro;2025-02-21 17:07:41;0;0;;Validado Manual;;;
MVD:WeatherObserved:00006;Estación Meteorológica - Centro;2025-02-21 17:12:42;0;0;;Validado Manual;;;
MVD:WeatherObserved:00006;Estación Meteorológica - Centro;2025-02-21 17:17:42;0;0;;Validado Manual;;;
MVD:WeatherObserved:00006;Estación Meteorológica - Centro;2025-02-21 17:22:42;0;0;;Validado Manual;;;
MVD:WeatherObserved:00006;Estación Meteorológica - Centro;2025-02-21 17:27:42;0;0;;Validado Manual;;;
MVD:WeatherObserved:00006;Estación Meteorológica - Centro;2025-02-21 17:32:42;0;0;;Validado Manual;;;
MVD:WeatherObserved:00006;Estación Meteorológica - Centro;2025-02-21 17:37:42;0;0;;Validado Manual;;;
MVD:WeatherObserved:00006;Estación Meteorológica - Centro;2025-02-21 17:42:42;0;0;;Validado Manual;;;
MVD:WeatherObserved:00006;Estación Meteorológica - Centro;2025-02-21 17:47:42;0;0;;Validado Manual;;;
MVD:WeatherObserved:00006;Estación Meteorológica - Centro;2025-02-21 17:52:42;0;0;;Validado Manual;;;
MVD:WeatherObserved:00006;Estación Meteorológica - Centro;2025-02-21 17:57:42;0;0;;Validado Manual;;;
MVD:WeatherObserved:00006;Estación Meteorológica - Centro;2025-02-21 18:02:42;0;0;;Validado Manual;;;
MVD:WeatherObserved:00006;Estación Meteorológica - Centro;2025-02-21 18:07:42;0;0;;Validado Manual;;;
MVD:WeatherObserved:00006;Estación Meteorológica - Centro;2025-02-21 18:12:42;0;0;;Validado Manual;;;
MVD:WeatherObserved:00006;Estación Meteorológica - Centro;2025-02-21 18:17:42;0;0;;Validado Manual;;;
MVD:WeatherObserved:00006;Estación Meteorológica - Centro;2025-02-21 18:22:42;0;0;;Validado Manual;;;
MVD:WeatherObserved:00006;Estación Meteorológica - Centro;2025-02-21 18:27:42;0;0;;Validado Manual;;;
MVD:WeatherObserved:00006;Estación Meteorológica - Centro;2025-02-21 18:32:43;0;0;;Validado Manual;;;
MVD:WeatherObserved:00006;Estación Meteorológica - Centro;2025-02-21 18:37:43;0;0;;Validado Manual;;;
MVD:WeatherObserved:00006;Estación Meteorológica - Centro;2025-02-21 18:42:43;0;0;;Validado Manual;;;
MVD:WeatherObserved:00006;Estación Meteorológica - Centro;2025-02-21 18:47:43;0;0;;Validado Manual;;;
MVD:WeatherObserved:00006;Estación Meteorológica - Centro;2025-02-21 18:52:43;0;0;;Validado Manual;;;
MVD:WeatherObserved:00006;Estación Meteorológica - Centro;2025-02-21 18:57:43;0;0;;Validado Manual;;;
MVD:WeatherObserved:00006;Estación Meteorológica - Centro;2025-02-21 19:02:43;0;0;;Validado Manual;;;
MVD:WeatherObserved:00006;Estación Meteorológica - Centro;2025-02-21 19:07:43;0;0;;Validado Manual;;;
MVD:WeatherObserved:00006;Estación Meteorológica - Centro;2025-02-21 19:12:43;0;0;;Validado Manual;;;
MVD:WeatherObserved:00006;Estación Meteorológica - Centro;2025-02-21 19:17:43;0;0;;Validado Manual;;;
MVD:WeatherObserved:00006;Estación Meteorológica - Centro;2025-02-21 19:22:43;0;0;;Validado Manual;;;
MVD:WeatherObserved:00006;Estación Meteorológica - Centro;2025-02-21 19:27:43;0;0;;Validado Manual;;;
MVD:WeatherObserved:00006;Estación Meteorológica - Centro;2025-02-21 19:32:43;0;0;;Validado Manual;;;
MVD:WeatherObserved:00006;Estación Meteorológica - Centro;2025-02-21 19:37:43;0;0;;Validado Manual;;;
MVD:WeatherObserved:00006;Estación Meteorológica - Centro;2025-02-21 19:42:45;0;0;;Validado Manual;;;
MVD:WeatherObserved:00006;Estación Meteorológica - Centro;2025-02-21 19:47:44;0;0;;Validado Manual;;;
MVD:WeatherObserved:00006;Estación Meteorológica - Centro;2025-02-21 19:52:44;0;0;;Validado Manual;;;
MVD:WeatherObserved:00006;Estación Meteorológica - Centro;2025-02-21 19:57:44;0;0;;Validado Manual;;;
MVD:WeatherObserved:00006;Estación Meteorológica - Centro;2025-02-21 20:02:44;0;0;;Validado Manual;;;
MVD:WeatherObserved:00006;Estación Meteorológica - Centro;2025-02-21 20:07:44;0;0;;Validado Manual;;;
MVD:WeatherObserved:00006;Estación Meteorológica - Centro;2025-02-21 20:12:44;0;0;;Validado Manual;;;
MVD:WeatherObserved:00006;Estación Meteorológica - Centro;2025-02-21 20:17:44;0;0;;Validado Manual;;;
MVD:WeatherObserved:00006;Estación Meteorológica - Centro;2025-02-21 20:22:44;0;0;;Validado Manual;;;
MVD:WeatherObserved:00006;Estación Meteorológica - Centro;2025-02-21 20:27:44;0;0;;Validado Manual;;;
MVD:WeatherObserved:00006;Estación Meteorológica - Centro;2025-02-21 20:32:44;0;0;;Validado Manual;;;
MVD:WeatherObserved:00006;Estación Meteorológica - Centro;2025-02-21 20:37:48;0;0;;Validado Manual;;;
MVD:WeatherObserved:00006;Estación Meteorológica - Centro;2025-02-21 20:42:44;0;0;;Validado Manual;;;
MVD:WeatherObserved:00006;Estación Meteorológica - Centro;2025-02-21 20:47:44;0;0;;Validado Manual;;;
MVD:WeatherObserved:00006;Estación Meteorológica - Centro;2025-02-21 20:52:45;0;0;;Validado Manual;;;
MVD:WeatherObserved:00006;Estación Meteorológica - Centro;2025-02-21 20:57:45;0;0;;Validado Manual;;;
MVD:WeatherObserved:00006;Estación Meteorológica - Centro;2025-02-21 21:02:45;0;0;;Validado Manual;;;
MVD:WeatherObserved:00006;Estación Meteorológica - Centro;2025-02-21 21:07:45;0;0;;Validado Manual;;;
MVD:WeatherObserved:00006;Estación Meteorológica - Centro;2025-02-21 21:12:45;0;0;;Validado Manual;;;
MVD:WeatherObserved:00006;Estación Meteorológica - Centro;2025-02-21 21:22:45;0;0;;Validado Manual;;;
MVD:WeatherObserved:00006;Estación Meteorológica - Centro;2025-02-21 21:27:45;0;0;;Validado Manual;;;
MVD:WeatherObserved:00006;Estación Meteorológica - Centro;2025-02-21 21:32:45;0;0;;Validado Manual;;;
MVD:WeatherObserved:00006;Estación Meteorológica - Centro;2025-02-21 21:37:45;0;0;;Validado Manual;;;
MVD:WeatherObserved:00006;Estación Meteorológica - Centro;2025-02-21 21:42:45;0;0;;Validado Manual;;;
MVD:WeatherObserved:00006;Estación Meteorológica - Centro;2025-02-21 21:47:45;0;0;;Validado Manual;;;
MVD:WeatherObserved:00006;Estación Meteorológica - Centro;2025-02-21 21:52:46;0;0;;Validado Manual;;;
MVD:WeatherObserved:00006;Estación Meteorológica - Centro;2025-02-21 21:57:46;0;0;;Validado Manual;;;
MVD:WeatherObserved:00006;Estación Meteorológica - Centro;2025-02-21 22:02:46;0;0;;Validado Manual;;;
MVD:WeatherObserved:00006;Estación Meteorológica - Centro;2025-02-21 22:07:46;0;0;;Validado Manual;;;
MVD:WeatherObserved:00006;Estación Meteorológica - Centro;2025-02-21 22:12:46;0;0;;Validado Manual;;;
MVD:WeatherObserved:00006;Estación Meteorológica - Centro;2025-02-21 22:17:46;0;0;;Validado Manual;;;
MVD:WeatherObserved:00006;Estación Meteorológica - Centro;2025-02-21 22:22:46;0;0;;Validado Manual;;;
MVD:WeatherObserved:00006;Estación Meteorológica - Centro;2025-02-21 22:27:46;0;0;;Validado Manual;;;
MVD:WeatherObserved:00006;Estación Meteorológica - Centro;2025-02-21 22:32:46;0;0;;Validado Manual;;;
MVD:WeatherObserved:00006;Estación Meteorológica - Centro;2025-02-21 22:37:46;0;0;;Validado Manual;;;
MVD:WeatherObserved:00006;Estación Meteorológica - Centro;2025-02-21 22:42:46;0;0;;Validado Manual;;;
MVD:WeatherObserved:00006;Estación Meteorológica - Centro;2025-02-21 22:47:46;0;0;;Validado Manual;;;
MVD:WeatherObserved:00006;Estación Meteorológica - Centro;2025-02-21 22:52:46;0;0;;Validado Manual;;;
MVD:WeatherObserved:00006;Estación Meteorológica - Centro;2025-02-21 22:57:46;0;0;;Validado Manual;;;
MVD:WeatherObserved:00006;Estación Meteorológica - Centro;2025-02-21 23:02:46;0;0;;Validado Manual;;;
MVD:WeatherObserved:00006;Estación Meteorológica - Centro;2025-02-21 23:07:47;0;0;;Validado Manual;;;
MVD:WeatherObserved:00006;Estación Meteorológica - Centro;2025-02-21 23:12:47;0;0;;Validado Manual;;;
MVD:WeatherObserved:00006;Estación Meteorológica - Centro;2025-02-21 23:17:47;0;0;;Validado Manual;;;
MVD:WeatherObserved:00006;Estación Meteorológica - Centro;2025-02-21 23:22:47;0;0;;Validado Manual;;;
MVD:WeatherObserved:00006;Estación Meteorológica - Centro;2025-02-21 23:27:47;0;0;;Validado Manual;;;
MVD:WeatherObserved:00006;Estación Meteorológica - Centro;2025-02-21 23:32:47;0;0;;Validado Manual;;;
MVD:WeatherObserved:00006;Estación Meteorológica - Centro;2025-02-21 23:37:47;0;0;;Validado Manual;;;
MVD:WeatherObserved:00006;Estación Meteorológica - Centro;2025-02-21 23:42:47;0;0;;Validado Manual;;;
MVD:WeatherObserved:00006;Estación Meteorológica - Centro;2025-02-21 23:47:47;0;0;;Validado Manual;;;
MVD:WeatherObserved:00006;Estación Meteorológica - Centro;2025-02-21 23:52:47;0;0;;Validado Manual;;;
MVD:WeatherObserved:00006;Estación Meteorológica - Centro;2025-02-21 23:57:47;0;0;;Validado Manual;;;
MVD:WeatherObserved:00006;Estación Meteorológica - Centro;2025-02-22 00:02:47;0;0;;Validado Manual;;;
MVD:WeatherObserved:00006;Estación Meteorológica - Centro;2025-02-22 00:07:47;0;0;;Validado Manual;;;
MVD:WeatherObserved:00006;Estación Meteorológica - Centro;2025-02-22 00:12:47;0;0;;Validado Manual;;;
MVD:WeatherObserved:00006;Estación Meteorológica - Centro;2025-02-22 00:17:48;0;0;;Validado Manual;;;
MVD:WeatherObserved:00006;Estación Meteorológica - Centro;2025-02-22 00:22:48;0;0;;Validado Manual;;;
MVD:WeatherObserved:00006;Estación Meteorológica - Centro;2025-02-22 00:27:48;0;0;;Validado Manual;;;
MVD:WeatherObserved:00006;Estación Meteorológica - Centro;2025-02-22 00:32:48;0;0;;Validado Manual;;;
MVD:WeatherObserved:00006;Estación Meteorológica - Centro;2025-02-22 00:37:48;0;0;;Validado Manual;;;
MVD:WeatherObserved:00006;Estación Meteorológica - Centro;2025-02-22 00:42:48;0;0;;Validado Manual;;;
MVD:WeatherObserved:00006;Estación Meteorológica - Centro;2025-02-22 00:47:48;0;0;;Validado Manual;;;
MVD:WeatherObserved:00006;Estación Meteorológica - Centro;2025-02-22 00:52:49;0;0;;Validado Manual;;;
MVD:WeatherObserved:00006;Estación Meteorológica - Centro;2025-02-22 00:57:48;0;0;;Validado Manual;;;
MVD:WeatherObserved:00006;Estación Meteorológica - Centro;2025-02-22 01:02:48;0;0;;Validado Manual;;;
MVD:WeatherObserved:00006;Estación Meteorológica - Centro;2025-02-22 01:07:48;0;0;;Validado Manual;;;
MVD:WeatherObserved:00006;Estación Meteorológica - Centro;2025-02-22 01:12:48;0;0;;Validado Manual;;;
MVD:WeatherObserved:00006;Estación Meteorológica - Centro;2025-02-22 01:17:48;0;0;;Validado Manual;;;
MVD:WeatherObserved:00006;Estación Meteorológica - Centro;2025-02-22 01:22:48;0;0;;Validado Manual;;;
MVD:WeatherObserved:00006;Estación Meteorológica - Centro;2025-02-22 01:27:49;0;0;;Validado Manual;;;
MVD:WeatherObserved:00006;Estación Meteorológica - Centro;2025-02-22 01:32:49;0;0;;Validado Manual;;;
MVD:WeatherObserved:00006;Estación Meteorológica - Centro;2025-02-22 01:37:49;0;0;;Validado Manual;;;
MVD:WeatherObserved:00006;Estación Meteorológica - Centro;2025-02-22 01:42:49;0;0;;Validado Manual;;;
MVD:WeatherObserved:00006;Estación Meteorológica - Centro;2025-02-22 01:47:49;0;0;;Validado Manual;;;
MVD:WeatherObserved:00006;Estación Meteorológica - Centro;2025-02-22 01:52:49;0;0;;Validado Manual;;;
MVD:WeatherObserved:00006;Estación Meteorológica - Centro;2025-02-22 01:57:49;0;0;;Validado Manual;;;
MVD:WeatherObserved:00006;Estación Meteorológica - Centro;2025-02-22 02:02:49;0;0;;Validado Manual;;;
MVD:WeatherObserved:00006;Estación Meteorológica - Centro;2025-02-22 02:07:49;0;0;;Validado Manual;;;
MVD:WeatherObserved:00006;Estación Meteorológica - Centro;2025-02-22 02:12:49;0;0;;Validado Manual;;;
MVD:WeatherObserved:00006;Estación Meteorológica - Centro;2025-02-22 02:17:49;0;0;;Validado Manual;;;
MVD:WeatherObserved:00006;Estación Meteorológica - Centro;2025-02-22 02:22:49;0;0;;Validado Manual;;;
MVD:WeatherObserved:00006;Estación Meteorológica - Centro;2025-02-22 02:27:50;0;0;;Validado Manual;;;
MVD:WeatherObserved:00006;Estación Meteorológica - Centro;2025-02-22 02:32:50;0;0;;Validado Manual;;;
MVD:WeatherObserved:00006;Estación Meteorológica - Centro;2025-02-22 02:37:50;0;0;;Validado Manual;;;
MVD:WeatherObserved:00006;Estación Meteorológica - Centro;2025-02-22 02:42:50;0;0;;Validado Manual;;;
MVD:WeatherObserved:00006;Estación Meteorológica - Centro;2025-02-22 02:48:10;0;0;;Validado Manual;;;
MVD:WeatherObserved:00006;Estación Meteorológica - Centro;2025-02-22 02:53:10;0;0;;Validado Manual;;;
MVD:WeatherObserved:00006;Estación Meteorológica - Centro;2025-02-22 02:58:10;0;0;;Validado Manual;;;
MVD:WeatherObserved:00006;Estación Meteorológica - Centro;2025-02-22 03:03:10;0;0;;Validado Manual;;;
MVD:WeatherObserved:00006;Estación Meteorológica - Centro;2025-02-22 03:08:10;0;0;;Validado Manual;;;
MVD:WeatherObserved:00006;Estación Meteorológica - Centro;2025-02-22 03:13:10;0;0;;Validado Manual;;;
MVD:WeatherObserved:00006;Estación Meteorológica - Centro;2025-02-22 03:18:10;0;0;;Validado Manual;;;
MVD:WeatherObserved:00006;Estación Meteorológica - Centro;2025-02-22 03:23:10;0;0;;Validado Manual;;;
MVD:WeatherObserved:00006;Estación Meteorológica - Centro;2025-02-22 03:28:10;0;0;;Validado Manual;;;
MVD:WeatherObserved:00006;Estación Meteorológica - Centro;2025-02-22 03:33:10;0;0;;Validado Manual;;;
MVD:WeatherObserved:00006;Estación Meteorológica - Centro;2025-02-22 03:38:11;0;0;;Validado Manual;;;
MVD:WeatherObserved:00006;Estación Meteorológica - Centro;2025-02-22 03:43:11;0;0;;Validado Manual;;;
MVD:WeatherObserved:00006;Estación Meteorológica - Centro;2025-02-22 03:48:11;0;0;;Validado Manual;;;
MVD:WeatherObserved:00006;Estación Meteorológica - Centro;2025-02-22 03:53:12;0;0;;Validado Manual;;;
MVD:WeatherObserved:00006;Estación Meteorológica - Centro;2025-02-22 03:58:11;0;0;;Validado Manual;;;
MVD:WeatherObserved:00006;Estación Meteorológica - Centro;2025-02-22 04:03:11;0;0;;Validado Manual;;;
MVD:WeatherObserved:00006;Estación Meteorológica - Centro;2025-02-22 04:08:11;0;0;;Validado Manual;;;
MVD:WeatherObserved:00006;Estación Meteorológica - Centro;2025-02-22 04:13:11;0;0;;Validado Manual;;;
MVD:WeatherObserved:00006;Estación Meteorológica - Centro;2025-02-22 04:18:11;0;0;;Validado Manual;;;
MVD:WeatherObserved:00006;Estación Meteorológica - Centro;2025-02-22 04:23:11;0;0;;Validado Manual;;;
MVD:WeatherObserved:00006;Estación Meteorológica - Centro;2025-02-22 04:28:11;0;0;;Validado Manual;;;
MVD:WeatherObserved:00006;Estación Meteorológica - Centro;2025-02-22 04:33:11;0;0;;Validado Manual;;;
MVD:WeatherObserved:00006;Estación Meteorológica - Centro;2025-02-22 04:38:11;0;0;;Validado Manual;;;
MVD:WeatherObserved:00006;Estación Meteorológica - Centro;2025-02-22 04:43:11;0;0;;Validado Manual;;;
MVD:WeatherObserved:00006;Estación Meteorológica - Centro;2025-02-22 04:48:11;0;0;;Validado Manual;;;
MVD:WeatherObserved:00006;Estación Meteorológica - Centro;2025-02-22 04:53:11;0;0;;Validado Manual;;;
MVD:WeatherObserved:00006;Estación Meteorológica - Centro;2025-02-22 04:58:12;0;0;;Validado Manual;;;
MVD:WeatherObserved:00006;Estación Meteorológica - Centro;2025-02-22 05:03:12;0;0;;Validado Manual;;;
MVD:WeatherObserved:00006;Estación Meteorológica - Centro;2025-02-22 05:08:12;0;0;;Validado Manual;;;
MVD:WeatherObserved:00006;Estación Meteorológica - Centro;2025-02-22 05:13:12;0;0;;Validado Manual;;;
MVD:WeatherObserved:00006;Estación Meteorológica - Centro;2025-02-22 05:18:12;0;0;;Validado Manual;;;
MVD:WeatherObserved:00006;Estación Meteorológica - Centro;2025-02-22 05:23:12;0;0;;Validado Manual;;;
MVD:WeatherObserved:00006;Estación Meteorológica - Centro;2025-02-22 05:28:12;0;0;;Validado Manual;;;
MVD:WeatherObserved:00006;Estación Meteorológica - Centro;2025-02-22 05:33:12;0;0;;Validado Manual;;;
MVD:WeatherObserved:00006;Estación Meteorológica - Centro;2025-02-22 05:38:12;0;0;;Validado Manual;;;
MVD:WeatherObserved:00006;Estación Meteorológica - Centro;2025-02-22 05:43:12;0;0;;Validado Manual;;;
MVD:WeatherObserved:00006;Estación Meteorológica - Centro;2025-02-22 05:48:12;0;0;;Validado Manual;;;
MVD:WeatherObserved:00006;Estación Meteorológica - Centro;2025-02-22 05:53:12;0;0;;Validado Manual;;;
MVD:WeatherObserved:00006;Estación Meteorológica - Centro;2025-02-22 05:58:12;0;0;;Validado Manual;;;
MVD:WeatherObserved:00006;Estación Meteorológica - Centro;2025-02-22 06:03:13;0;0;;Validado Manual;;;
MVD:WeatherObserved:00006;Estación Meteorológica - Centro;2025-02-22 06:08:13;0;0;;Validado Manual;;;
MVD:WeatherObserved:00006;Estación Meteorológica - Centro;2025-02-22 06:13:13;0;0;;Validado Manual;;;
MVD:WeatherObserved:00006;Estación Meteorológica - Centro;2025-02-22 06:18:13;0;0;;Validado Manual;;;
MVD:WeatherObserved:00006;Estación Meteorológica - Centro;2025-02-22 06:23:13;0;0;;Validado Manual;;;
MVD:WeatherObserved:00006;Estación Meteorológica - Centro;2025-02-22 06:28:13;0;0;;Validado Manual;;;
MVD:WeatherObserved:00006;Estación Meteorológica - Centro;2025-02-22 06:33:13;0;0;;Validado Manual;;;
MVD:WeatherObserved:00006;Estación Meteorológica - Centro;2025-02-22 06:38:13;0;0;;Validado Manual;;;
MVD:WeatherObserved:00006;Estación Meteorológica - Centro;2025-02-22 06:43:13;0;0;;Validado Manual;;;
MVD:WeatherObserved:00006;Estación Meteorológica - Centro;2025-02-22 06:48:13;0;0;;Validado Manual;;;
MVD:WeatherObserved:00006;Estación Meteorológica - Centro;2025-02-22 06:53:13;0;0;;Validado Manual;;;
MVD:WeatherObserved:00006;Estación Meteorológica - Centro;2025-02-22 06:58:13;0;0;;Validado Manual;;;
MVD:WeatherObserved:00006;Estación Meteorológica - Centro;2025-02-22 07:03:13;0;0;;Validado Manual;;;
MVD:WeatherObserved:00006;Estación Meteorológica - Centro;2025-02-22 07:08:13;0;0;;Validado Manual;;;
MVD:WeatherObserved:00006;Estación Meteorológica - Centro;2025-02-22 07:13:13;0;0;;Validado Manual;;;
MVD:WeatherObserved:00006;Estación Meteorológica - Centro;2025-02-22 07:18:14;0;0;;Validado Manual;;;
MVD:WeatherObserved:00006;Estación Meteorológica - Centro;2025-02-22 07:23:14;0;0;;Validado Manual;;;
MVD:WeatherObserved:00006;Estación Meteorológica - Centro;2025-02-22 07:28:14;0;0;;Validado Manual;;;
MVD:WeatherObserved:00006;Estación Meteorológica - Centro;2025-02-22 07:33:14;0;0;;Validado Manual;;;
MVD:WeatherObserved:00006;Estación Meteorológica - Centro;2025-02-22 07:38:14;0;0;;Validado Manual;;;
MVD:WeatherObserved:00006;Estación Meteorológica - Centro;2025-02-22 07:43:14;0;0;;Validado Manual;;;
MVD:WeatherObserved:00006;Estación Meteorológica - Centro;2025-02-22 07:48:14;0;0;;Validado Manual;;;
MVD:WeatherObserved:00006;Estación Meteorológica - Centro;2025-02-22 07:53:14;0;0;;Validado Manual;;;
MVD:WeatherObserved:00006;Estación Meteorológica - Centro;2025-02-22 07:58:14;0;0;;Validado Manual;;;
MVD:WeatherObserved:00006;Estación Meteorológica - Centro;2025-02-22 08:03:14;0;0;;Validado Manual;;;
MVD:WeatherObserved:00006;Estación Meteorológica - Centro;2025-02-22 08:08:14;0;0;;Validado Manual;;;
MVD:WeatherObserved:00006;Estación Meteorológica - Centro;2025-02-22 08:13:14;0;0;;Validado Manual;;;
MVD:WeatherObserved:00006;Estación Meteorológica - Centro;2025-02-22 08:18:14;0;0;;Validado Manual;;;
MVD:WeatherObserved:00006;Estación Meteorológica - Centro;2025-02-22 08:23:14;0;0;;Validado Manual;;;
MVD:WeatherObserved:00006;Estación Meteorológica - Centro;2025-02-22 08:28:14;0;0;;Validado Manual;;;
MVD:WeatherObserved:00006;Estación Meteorológica - Centro;2025-02-22 08:33:15;0;0;;Validado Manual;;;
MVD:WeatherObserved:00006;Estación Meteorológica - Centro;2025-02-22 08:38:15;0;0;;Validado Manual;;;
MVD:WeatherObserved:00006;Estación Meteorológica - Centro;2025-02-22 08:43:15;0;0;;Validado Manual;;;
MVD:WeatherObserved:00006;Estación Meteorológica - Centro;2025-02-22 08:48:15;0;0;;Validado Manual;;;
MVD:WeatherObserved:00006;Estación Meteorológica - Centro;2025-02-22 08:53:15;0;0;;Validado Manual;;;
MVD:WeatherObserved:00006;Estación Meteorológica - Centro;2025-02-22 08:58:15;0;0;;Validado Manual;;;
MVD:WeatherObserved:00006;Estación Meteorológica - Centro;2025-02-22 09:03:15;0;0;;Validado Manual;;;
MVD:WeatherObserved:00006;Estación Meteorológica - Centro;2025-02-22 09:08:15;0;0;;Validado Manual;;;
MVD:WeatherObserved:00006;Estación Meteorológica - Centro;2025-02-22 09:13:15;0;0;;Validado Manual;;;
MVD:WeatherObserved:00006;Estación Meteorológica - Centro;2025-02-22 09:18:15;0;0;;Validado Manual;;;
MVD:WeatherObserved:00006;Estación Meteorológica - Centro;2025-02-22 09:23:15;0;0;;Validado Manual;;;
MVD:WeatherObserved:00006;Estación Meteorológica - Centro;2025-02-22 09:28:15;0;0;;Validado Manual;;;
MVD:WeatherObserved:00006;Estación Meteorológica - Centro;2025-02-22 09:33:15;0;0;;Validado Manual;;;
MVD:WeatherObserved:00006;Estación Meteorológica - Centro;2025-02-22 09:38:15;0;0;;Validado Manual;;;
MVD:WeatherObserved:00006;Estación Meteorológica - Centro;2025-02-22 09:43:15;0;0;;Validado Manual;;;
MVD:WeatherObserved:00006;Estación Meteorológica - Centro;2025-02-22 09:48:16;0;0;;Validado Manual;;;
MVD:WeatherObserved:00006;Estación Meteorológica - Centro;2025-02-22 09:53:16;0;0;;Validado Manual;;;
MVD:WeatherObserved:00006;Estación Meteorológica - Centro;2025-02-22 09:58:16;0;0;;Validado Manual;;;
MVD:WeatherObserved:00006;Estación Meteorológica - Centro;2025-02-22 10:03:16;0;0;;Validado Manual;;;
MVD:WeatherObserved:00006;Estación Meteorológica - Centro;2025-02-22 10:08:16;0;0;;Validado Manual;;;
MVD:WeatherObserved:00006;Estación Meteorológica - Centro;2025-02-22 10:13:16;0;0;;Validado Manual;;;
MVD:WeatherObserved:00006;Estación Meteorológica - Centro;2025-02-22 10:18:16;0;0;;Validado Manual;;;
MVD:WeatherObserved:00006;Estación Meteorológica - Centro;2025-02-22 10:23:16;0;0;;Validado Manual;;;
MVD:WeatherObserved:00006;Estación Meteorológica - Centro;2025-02-22 10:28:16;0;0;;Validado Manual;;;
MVD:WeatherObserved:00006;Estación Meteorológica - Centro;2025-02-22 10:33:16;0;0;;Validado Manual;;;
MVD:WeatherObserved:00006;Estación Meteorológica - Centro;2025-02-22 10:38:16;0;0;;Validado Manual;;;
MVD:WeatherObserved:00006;Estación Meteorológica - Centro;2025-02-22 10:43:16;0;0;;Validado Manual;;;
MVD:WeatherObserved:00006;Estación Meteorológica - Centro;2025-02-22 10:48:16;0;0;;Validado Manual;;;
MVD:WeatherObserved:00006;Estación Meteorológica - Centro;2025-02-22 10:53:16;0;0;;Validado Manual;;;
MVD:WeatherObserved:00006;Estación Meteorológica - Centro;2025-02-22 10:58:16;0;0;;Validado Manual;;;
MVD:WeatherObserved:00006;Estación Meteorológica - Centro;2025-02-22 11:03:16;0;0;;Validado Manual;;;
MVD:WeatherObserved:00006;Estación Meteorológica - Centro;2025-02-22 11:08:17;0;0;;Validado Manual;;;
MVD:WeatherObserved:00006;Estación Meteorológica - Centro;2025-02-22 11:13:17;0;0;;Validado Manual;;;
MVD:WeatherObserved:00006;Estación Meteorológica - Centro;2025-02-22 11:18:17;0;0;;Validado Manual;;;
MVD:WeatherObserved:00006;Estación Meteorológica - Centro;2025-02-22 11:23:17;0;0;;Validado Manual;;;
MVD:WeatherObserved:00006;Estación Meteorológica - Centro;2025-02-22 11:28:17;0;0;;Validado Manual;;;
MVD:WeatherObserved:00006;Estación Meteorológica - Centro;2025-02-22 11:33:17;0;0;;Validado Manual;;;
MVD:WeatherObserved:00006;Estación Meteorológica - Centro;2025-02-22 11:38:17;0;0;;Validado Manual;;;
MVD:WeatherObserved:00006;Estación Meteorológica - Centro;2025-02-22 11:43:17;0;0;;Validado Manual;;;
MVD:WeatherObserved:00006;Estación Meteorológica - Centro;2025-02-22 11:48:17;0;0;;Validado Manual;;;
MVD:WeatherObserved:00006;Estación Meteorológica - Centro;2025-02-22 11:53:17;0;0;;Validado Manual;;;
MVD:WeatherObserved:00006;Estación Meteorológica - Centro;2025-02-22 11:58:17;0;0;;Validado Manual;;;
MVD:WeatherObserved:00006;Estación Meteorológica - Centro;2025-02-22 12:03:17;0;0;;Validado Manual;;;
MVD:WeatherObserved:00006;Estación Meteorológica - Centro;2025-02-22 12:08:17;0;0;;Validado Manual;;;
MVD:WeatherObserved:00006;Estación Meteorológica - Centro;2025-02-22 12:13:17;0;0;;Validado Manual;;;
MVD:WeatherObserved:00006;Estación Meteorológica - Centro;2025-02-22 12:18:18;0;0;;Validado Manual;;;
MVD:WeatherObserved:00006;Estación Meteorológica - Centro;2025-02-22 12:23:18;0;0;;Validado Manual;;;
MVD:WeatherObserved:00006;Estación Meteorológica - Centro;2025-02-22 12:28:18;0;0;;Validado Manual;;;
MVD:WeatherObserved:00006;Estación Meteorológica - Centro;2025-02-22 12:33:18;0;0;;Validado Manual;;;
MVD:WeatherObserved:00006;Estación Meteorológica - Centro;2025-02-22 12:38:18;0;0;;Validado Manual;;;
MVD:WeatherObserved:00006;Estación Meteorológica - Centro;2025-02-22 12:43:18;0;0;;Validado Manual;;;
MVD:WeatherObserved:00006;Estación Meteorológica - Centro;2025-02-22 12:48:18;0;0;;Validado Manual;;;
MVD:WeatherObserved:00006;Estación Meteorológica - Centro;2025-02-22 12:53:18;0;0;;Validado Manual;;;
MVD:WeatherObserved:00006;Estación Meteorológica - Centro;2025-02-22 12:58:18;0;0;;Validado Manual;;;
MVD:WeatherObserved:00006;Estación Meteorológica - Centro;2025-02-22 13:03:18;0;0;;Validado Manual;;;
MVD:WeatherObserved:00006;Estación Meteorológica - Centro;2025-02-22 13:08:18;0;0;;Validado Manual;;;
MVD:WeatherObserved:00006;Estación Meteorológica - Centro;2025-02-22 13:13:18;0;0;;Validado Manual;;;
MVD:WeatherObserved:00006;Estación Meteorológica - Centro;2025-02-22 13:18:18;0;0;;Validado Manual;;;
MVD:WeatherObserved:00006;Estación Meteorológica - Centro;2025-02-22 13:23:18;0;0;;Validado Manual;;;
MVD:WeatherObserved:00006;Estación Meteorológica - Centro;2025-02-22 13:28:18;0;0;;Validado Manual;;;
MVD:WeatherObserved:00006;Estación Meteorológica - Centro;2025-02-22 13:33:18;0;0;;Validado Manual;;;
MVD:WeatherObserved:00006;Estación Meteorológica - Centro;2025-02-22 13:38:18;0;0;;Validado Manual;;;
MVD:WeatherObserved:00006;Estación Meteorológica - Centro;2025-02-22 13:43:18;0;0;;Validado Manual;;;
MVD:WeatherObserved:00006;Estación Meteorológica - Centro;2025-02-22 13:48:18;0;0;;Validado Manual;;;
MVD:WeatherObserved:00006;Estación Meteorológica - Centro;2025-02-22 13:58:19;0;0;;Validado Manual;;;
MVD:WeatherObserved:00006;Estación Meteorológica - Centro;2025-02-22 14:03:19;0;0;;Validado Manual;;;
MVD:WeatherObserved:00006;Estación Meteorológica - Centro;2025-02-22 14:08:19;0;0;;Validado Manual;;;
MVD:WeatherObserved:00006;Estación Meteorológica - Centro;2025-02-22 14:13:19;0;0;;Validado Manual;;;
MVD:WeatherObserved:00006;Estación Meteorológica - Centro;2025-02-22 14:18:19;0;0;;Validado Manual;;;
MVD:WeatherObserved:00006;Estación Meteorológica - Centro;2025-02-22 14:23:19;0;0;;Validado Manual;;;
MVD:WeatherObserved:00006;Estación Meteorológica - Centro;2025-02-22 14:28:19;0;0;;Validado Manual;;;
MVD:WeatherObserved:00006;Estación Meteorológica - Centro;2025-02-22 14:33:19;0;0;;Validado Manual;;;
MVD:WeatherObserved:00006;Estación Meteorológica - Centro;2025-02-22 14:38:19;0;0;;Validado Manual;;;
MVD:WeatherObserved:00006;Estación Meteorológica - Centro;2025-02-22 14:43:19;0;0;;Validado Manual;;;
MVD:WeatherObserved:00006;Estación Meteorológica - Centro;2025-02-22 14:48:19;0;0;;Validado Manual;;;
MVD:WeatherObserved:00006;Estación Meteorológica - Centro;2025-02-22 14:53:19;0;0;;Validado Manual;;;
MVD:WeatherObserved:00006;Estación Meteorológica - Centro;2025-02-22 14:58:19;0;0;;Validado Manual;;;
MVD:WeatherObserved:00006;Estación Meteorológica - Centro;2025-02-22 15:03:19;0;0;;Validado Manual;;;
MVD:WeatherObserved:00006;Estación Meteorológica - Centro;2025-02-22 15:08:19;0;0;;Validado Manual;;;
MVD:WeatherObserved:00006;Estación Meteorológica - Centro;2025-02-22 15:13:19;0;0;;Validado Manual;;;
MVD:WeatherObserved:00006;Estación Meteorológica - Centro;2025-02-22 15:18:19;0;0;;Validado Manual;;;
MVD:WeatherObserved:00006;Estación Meteorológica - Centro;2025-02-22 15:23:19;0;0;;Validado Manual;;;
MVD:WeatherObserved:00006;Estación Meteorológica - Centro;2025-02-22 15:28:20;0;0;;Validado Manual;;;
MVD:WeatherObserved:00006;Estación Meteorológica - Centro;2025-02-22 15:33:20;0;0;;Validado Manual;;;
MVD:WeatherObserved:00006;Estación Meteorológica - Centro;2025-02-22 15:38:20;0;0;;Validado Manual;;;
MVD:WeatherObserved:00006;Estación Meteorológica - Centro;2025-02-22 15:43:20;0;0;;Validado Manual;;;
MVD:WeatherObserved:00006;Estación Meteorológica - Centro;2025-02-22 15:48:20;0;0;;Validado Manual;;;
MVD:WeatherObserved:00006;Estación Meteorológica - Centro;2025-02-22 15:53:20;0;0;;Validado Manual;;;
MVD:WeatherObserved:00006;Estación Meteorológica - Centro;2025-02-22 15:58:20;0;0;;Validado Manual;;;
MVD:WeatherObserved:00006;Estación Meteorológica - Centro;2025-02-22 16:03:20;0;0;;Validado Manual;;;
MVD:WeatherObserved:00006;Estación Meteorológica - Centro;2025-02-22 16:08:20;0;0;;Validado Manual;;;
MVD:WeatherObserved:00006;Estación Meteorológica - Centro;2025-02-22 16:13:20;0;0;;Validado Manual;;;
MVD:WeatherObserved:00006;Estación Meteorológica - Centro;2025-02-22 16:18:20;0;0;;Validado Manual;;;
MVD:WeatherObserved:00006;Estación Meteorológica - Centro;2025-02-22 16:23:20;0;0;;Validado Manual;;;
MVD:WeatherObserved:00006;Estación Meteorológica - Centro;2025-02-22 16:28:20;0;0;;Validado Manual;;;
MVD:WeatherObserved:00006;Estación Meteorológica - Centro;2025-02-22 16:33:20;0;0;;Validado Manual;;;
MVD:WeatherObserved:00006;Estación Meteorológica - Centro;2025-02-22 16:38:20;0;0;;Validado Manual;;;
MVD:WeatherObserved:00006;Estación Meteorológica - Centro;2025-02-22 16:43:20;0;0;;Validado Manual;;;
MVD:WeatherObserved:00006;Estación Meteorológica - Centro;2025-02-22 16:48:20;0;0;;Validado Manual;;;
MVD:WeatherObserved:00006;Estación Meteorológica - Centro;2025-02-22 16:53:20;0;0;;Validado Manual;;;
MVD:WeatherObserved:00006;Estación Meteorológica - Centro;2025-02-22 16:58:20;0;0;;Validado Manual;;;
MVD:WeatherObserved:00006;Estación Meteorológica - Centro;2025-02-22 17:03:21;0;0;;Validado Manual;;;
MVD:WeatherObserved:00006;Estación Meteorológica - Centro;2025-02-22 17:08:21;0;0;;Validado Manual;;;
MVD:WeatherObserved:00006;Estación Meteorológica - Centro;2025-02-22 17:13:21;0;0;;Validado Manual;;;
MVD:WeatherObserved:00006;Estación Meteorológica - Centro;2025-02-22 17:18:21;0;0;;Validado Manual;;;
MVD:WeatherObserved:00006;Estación Meteorológica - Centro;2025-02-22 17:23:21;0;0;;Validado Manual;;;
MVD:WeatherObserved:00006;Estación Meteorológica - Centro;2025-02-22 17:28:21;0;0;;Validado Manual;;;
MVD:WeatherObserved:00006;Estación Meteorológica - Centro;2025-02-22 17:33:21;0;0;;Validado Manual;;;
MVD:WeatherObserved:00006;Estación Meteorológica - Centro;2025-02-22 17:38:21;0;0;;Validado Manual;;;
MVD:WeatherObserved:00006;Estación Meteorológica - Centro;2025-02-22 17:43:21;0;0;;Validado Manual;;;
MVD:WeatherObserved:00006;Estación Meteorológica - Centro;2025-02-22 17:48:21;0;0;;Validado Manual;;;
MVD:WeatherObserved:00006;Estación Meteorológica - Centro;2025-02-22 17:53:21;0;0;;Validado Manual;;;
MVD:WeatherObserved:00006;Estación Meteorológica - Centro;2025-02-22 17:58:21;0;0;;Validado Manual;;;
MVD:WeatherObserved:00006;Estación Meteorológica - Centro;2025-02-22 18:03:21;0;0;;Validado Manual;;;
MVD:WeatherObserved:00006;Estación Meteorológica - Centro;2025-02-22 18:08:21;0;0;;Validado Manual;;;
MVD:WeatherObserved:00006;Estación Meteorológica - Centro;2025-02-22 18:13:22;0;0;;Validado Manual;;;
MVD:WeatherObserved:00006;Estación Meteorológica - Centro;2025-02-22 18:18:22;0;0;;Validado Manual;;;
MVD:WeatherObserved:00006;Estación Meteorológica - Centro;2025-02-22 18:23:22;0;0;;Validado Manual;;;
MVD:WeatherObserved:00006;Estación Meteorológica - Centro;2025-02-22 18:28:22;0;0;;Validado Manual;;;
MVD:WeatherObserved:00006;Estación Meteorológica - Centro;2025-02-22 18:33:22;0;0;;Validado Manual;;;
MVD:WeatherObserved:00006;Estación Meteorológica - Centro;2025-02-22 18:38:22;0;0;;Validado Manual;;;
MVD:WeatherObserved:00006;Estación Meteorológica - Centro;2025-02-22 18:43:22;0;0;;Validado Manual;;;
MVD:WeatherObserved:00006;Estación Meteorológica - Centro;2025-02-22 18:48:22;0;0;;Validado Manual;;;
MVD:WeatherObserved:00006;Estación Meteorológica - Centro;2025-02-22 18:53:22;0;0;;Validado Manual;;;
MVD:WeatherObserved:00006;Estación Meteorológica - Centro;2025-02-22 18:58:22;0;0;;Validado Manual;;;
MVD:WeatherObserved:00006;Estación Meteorológica - Centro;2025-02-22 19:03:22;0;0;;Validado Manual;;;
MVD:WeatherObserved:00006;Estación Meteorológica - Centro;2025-02-22 19:08:22;0;0;;Validado Manual;;;
MVD:WeatherObserved:00006;Estación Meteorológica - Centro;2025-02-22 19:13:22;0;0;;Validado Manual;;;
MVD:WeatherObserved:00006;Estación Meteorológica - Centro;2025-02-22 19:18:22;0;0;;Validado Manual;;;
MVD:WeatherObserved:00006;Estación Meteorológica - Centro;2025-02-22 19:23:23;0;0;;Validado Manual;;;
MVD:WeatherObserved:00006;Estación Meteorológica - Centro;2025-02-22 19:28:23;0;0;;Validado Manual;;;
MVD:WeatherObserved:00006;Estación Meteorológica - Centro;2025-02-22 19:33:23;0;0;;Validado Manual;;;
MVD:WeatherObserved:00006;Estación Meteorológica - Centro;2025-02-22 19:38:23;0;0;;Validado Manual;;;
MVD:WeatherObserved:00006;Estación Meteorológica - Centro;2025-02-22 19:43:23;0;0;;Validado Manual;;;
MVD:WeatherObserved:00006;Estación Meteorológica - Centro;2025-02-22 19:48:23;0;0;;Validado Manual;;;
MVD:WeatherObserved:00006;Estación Meteorológica - Centro;2025-02-22 19:53:23;0;0;;Validado Manual;;;
MVD:WeatherObserved:00006;Estación Meteorológica - Centro;2025-02-22 19:58:23;0;0;;Validado Manual;;;
MVD:WeatherObserved:00006;Estación Meteorológica - Centro;2025-02-22 20:03:23;0;0;;Validado Manual;;;
MVD:WeatherObserved:00006;Estación Meteorológica - Centro;2025-02-22 20:08:23;0;0;;Validado Manual;;;
MVD:WeatherObserved:00006;Estación Meteorológica - Centro;2025-02-22 20:13:23;0;0;;Validado Manual;;;
MVD:WeatherObserved:00006;Estación Meteorológica - Centro;2025-02-22 20:18:23;0;0;;Validado Manual;;;
MVD:WeatherObserved:00006;Estación Meteorológica - Centro;2025-02-22 20:23:23;0;0;;Validado Manual;;;
MVD:WeatherObserved:00006;Estación Meteorológica - Centro;2025-02-22 20:28:23;0;0;;Validado Manual;;;
MVD:WeatherObserved:00006;Estación Meteorológica - Centro;2025-02-22 20:33:23;0;0;;Validado Manual;;;
MVD:WeatherObserved:00006;Estación Meteorológica - Centro;2025-02-22 20:38:24;0;0;;Validado Manual;;;
MVD:WeatherObserved:00006;Estación Meteorológica - Centro;2025-02-22 20:43:24;0;0;;Validado Manual;;;
MVD:WeatherObserved:00006;Estación Meteorológica - Centro;2025-02-22 20:48:24;0;0;;Validado Manual;;;
MVD:WeatherObserved:00006;Estación Meteorológica - Centro;2025-02-22 20:53:24;0;0;;Validado Manual;;;
MVD:WeatherObserved:00006;Estación Meteorológica - Centro;2025-02-22 20:58:24;0;0;;Validado Manual;;;
MVD:WeatherObserved:00006;Estación Meteorológica - Centro;2025-02-22 21:03:24;0;0;;Validado Manual;;;
MVD:WeatherObserved:00006;Estación Meteorológica - Centro;2025-02-22 21:08:24;0;0;;Validado Manual;;;
MVD:WeatherObserved:00006;Estación Meteorológica - Centro;2025-02-22 21:13:24;0;0;;Validado Manual;;;
MVD:WeatherObserved:00006;Estación Meteorológica - Centro;2025-02-22 21:18:24;0;0;;Validado Manual;;;
MVD:WeatherObserved:00006;Estación Meteorológica - Centro;2025-02-22 21:23:24;0;0;;Validado Manual;;;
MVD:WeatherObserved:00006;Estación Meteorológica - Centro;2025-02-22 21:28:24;0;0;;Validado Manual;;;
MVD:WeatherObserved:00006;Estación Meteorológica - Centro;2025-02-22 21:33:25;0;0;;Validado Manual;;;
MVD:WeatherObserved:00006;Estación Meteorológica - Centro;2025-02-22 21:38:25;0;0;;Validado Manual;;;
MVD:WeatherObserved:00006;Estación Meteorológica - Centro;2025-02-22 21:43:25;0;0;;Validado Manual;;;
MVD:WeatherObserved:00006;Estación Meteorológica - Centro;2025-02-22 21:48:25;0;0;;Validado Manual;;;
MVD:WeatherObserved:00006;Estación Meteorológica - Centro;2025-02-22 21:53:25;0;0;;Validado Manual;;;
MVD:WeatherObserved:00006;Estación Meteorológica - Centro;2025-02-22 21:58:25;0;0;;Validado Manual;;;
MVD:WeatherObserved:00006;Estación Meteorológica - Centro;2025-02-22 22:03:25;0;0;;Validado Manual;;;
MVD:WeatherObserved:00006;Estación Meteorológica - Centro;2025-02-22 22:08:25;0;0;;Validado Manual;;;
MVD:WeatherObserved:00006;Estación Meteorológica - Centro;2025-02-22 22:13:25;0;0;;Validado Manual;;;
MVD:WeatherObserved:00006;Estación Meteorológica - Centro;2025-02-22 22:18:25;0;0;;Validado Manual;;;
MVD:WeatherObserved:00006;Estación Meteorológica - Centro;2025-02-22 22:23:25;0;0;;Validado Manual;;;
MVD:WeatherObserved:00006;Estación Meteorológica - Centro;2025-02-22 22:28:25;0;0;;Validado Manual;;;
MVD:WeatherObserved:00006;Estación Meteorológica - Centro;2025-02-22 22:33:25;0;0;;Validado Manual;;;
MVD:WeatherObserved:00006;Estación Meteorológica - Centro;2025-02-22 22:38:25;0;0;;Validado Manual;;;
MVD:WeatherObserved:00006;Estación Meteorológica - Centro;2025-02-22 22:43:25;0;0;;Validado Manual;;;
MVD:WeatherObserved:00006;Estación Meteorológica - Centro;2025-02-22 22:48:25;0;0;;Validado Manual;;;
MVD:WeatherObserved:00006;Estación Meteorológica - Centro;2025-02-22 22:53:26;0;0;;Validado Manual;;;
MVD:WeatherObserved:00006;Estación Meteorológica - Centro;2025-02-22 22:58:26;0;0;;Validado Manual;;;
MVD:WeatherObserved:00006;Estación Meteorológica - Centro;2025-02-22 23:03:26;0;0;;Validado Manual;;;
MVD:WeatherObserved:00006;Estación Meteorológica - Centro;2025-02-22 23:08:26;0;0;;Validado Manual;;;
MVD:WeatherObserved:00006;Estación Meteorológica - Centro;2025-02-22 23:13:26;0;0;;Validado Manual;;;
MVD:WeatherObserved:00006;Estación Meteorológica - Centro;2025-02-22 23:18:26;0;0;;Validado Manual;;;
MVD:WeatherObserved:00006;Estación Meteorológica - Centro;2025-02-22 23:23:26;0;0;;Validado Manual;;;
MVD:WeatherObserved:00006;Estación Meteorológica - Centro;2025-02-22 23:28:26;0;0;;Validado Manual;;;
MVD:WeatherObserved:00006;Estación Meteorológica - Centro;2025-02-22 23:33:26;0;0;;Validado Manual;;;
MVD:WeatherObserved:00006;Estación Meteorológica - Centro;2025-02-22 23:38:26;0;0;;Validado Manual;;;
MVD:WeatherObserved:00006;Estación Meteorológica - Centro;2025-02-22 23:43:26;0;0;;Validado Manual;;;
MVD:WeatherObserved:00006;Estación Meteorológica - Centro;2025-02-22 23:48:26;0;0;;Validado Manual;;;
MVD:WeatherObserved:00006;Estación Meteorológica - Centro;2025-02-22 23:53:26;0;0;;Validado Manual;;;
MVD:WeatherObserved:00006;Estación Meteorológica - Centro;2025-02-22 23:58:26;0;0;;Validado Manual;;;
MVD:WeatherObserved:00006;Estación Meteorológica - Centro;2025-02-23 00:03:26;0;0;;Validado Manual;;;
MVD:WeatherObserved:00006;Estación Meteorológica - Centro;2025-02-23 00:08:27;0;0;;Validado Manual;;;
MVD:WeatherObserved:00006;Estación Meteorológica - Centro;2025-02-23 00:13:27;0;0;;Validado Manual;;;
MVD:WeatherObserved:00006;Estación Meteorológica - Centro;2025-02-23 00:18:27;0;0;;Validado Manual;;;
MVD:WeatherObserved:00006;Estación Meteorológica - Centro;2025-02-23 00:23:27;0;0;;Validado Manual;;;
MVD:WeatherObserved:00006;Estación Meteorológica - Centro;2025-02-23 00:28:27;0;0;;Validado Manual;;;
MVD:WeatherObserved:00006;Estación Meteorológica - Centro;2025-02-23 00:33:27;0;0;;Validado Manual;;;
MVD:WeatherObserved:00006;Estación Meteorológica - Centro;2025-02-23 00:38:27;0;0;;Validado Manual;;;
MVD:WeatherObserved:00006;Estación Meteorológica - Centro;2025-02-23 00:43:27;0;0;;Validado Manual;;;
MVD:WeatherObserved:00006;Estación Meteorológica - Centro;2025-02-23 00:48:27;0;0;;Validado Manual;;;
MVD:WeatherObserved:00006;Estación Meteorológica - Centro;2025-02-23 00:53:27;0;0;;Validado Manual;;;
MVD:WeatherObserved:00006;Estación Meteorológica - Centro;2025-02-23 00:58:27;0;0;;Validado Manual;;;
MVD:WeatherObserved:00006;Estación Meteorológica - Centro;2025-02-23 01:03:27;0;0;;Validado Manual;;;
MVD:WeatherObserved:00006;Estación Meteorológica - Centro;2025-02-23 01:08:27;0;0;;Validado Manual;;;
MVD:WeatherObserved:00006;Estación Meteorológica - Centro;2025-02-23 01:13:27;0;0;;Validado Manual;;;
MVD:WeatherObserved:00006;Estación Meteorológica - Centro;2025-02-23 01:18:28;0;0;;Validado Manual;;;
MVD:WeatherObserved:00006;Estación Meteorológica - Centro;2025-02-23 01:23:28;0;0;;Validado Manual;;;
MVD:WeatherObserved:00006;Estación Meteorológica - Centro;2025-02-23 01:28:28;0;0;;Validado Manual;;;
MVD:WeatherObserved:00006;Estación Meteorológica - Centro;2025-02-23 01:33:28;0;0;;Validado Manual;;;
MVD:WeatherObserved:00006;Estación Meteorológica - Centro;2025-02-23 01:38:28;0;0;;Validado Manual;;;
MVD:WeatherObserved:00006;Estación Meteorológica - Centro;2025-02-23 01:43:28;0;0;;Validado Manual;;;
MVD:WeatherObserved:00006;Estación Meteorológica - Centro;2025-02-23 01:48:28;0;0;;Validado Manual;;;
MVD:WeatherObserved:00006;Estación Meteorológica - Centro;2025-02-23 01:53:28;0;0;;Validado Manual;;;
MVD:WeatherObserved:00006;Estación Meteorológica - Centro;2025-02-23 01:58:28;0;0;;Validado Manual;;;
MVD:WeatherObserved:00006;Estación Meteorológica - Centro;2025-02-23 02:03:28;0;0;;Validado Manual;;;
MVD:WeatherObserved:00006;Estación Meteorológica - Centro;2025-02-23 02:08:28;0;0;;Validado Manual;;;
MVD:WeatherObserved:00006;Estación Meteorológica - Centro;2025-02-23 02:13:28;0;0;;Validado Manual;;;
MVD:WeatherObserved:00006;Estación Meteorológica - Centro;2025-02-23 02:18:28;0;0;;Validado Manual;;;
MVD:WeatherObserved:00006;Estación Meteorológica - Centro;2025-02-23 02:23:28;0;0;;Validado Manual;;;
MVD:WeatherObserved:00006;Estación Meteorológica - Centro;2025-02-23 02:28:28;0;0;;Validado Manual;;;
MVD:WeatherObserved:00006;Estación Meteorológica - Centro;2025-02-23 02:33:29;0;0;;Validado Manual;;;
MVD:WeatherObserved:00006;Estación Meteorológica - Centro;2025-02-23 02:38:29;0;0;;Validado Manual;;;
MVD:WeatherObserved:00006;Estación Meteorológica - Centro;2025-02-23 02:43:29;0;0;;Validado Manual;;;
MVD:WeatherObserved:00006;Estación Meteorológica - Centro;2025-02-23 02:48:29;0;0;;Validado Manual;;;
MVD:WeatherObserved:00006;Estación Meteorológica - Centro;2025-02-23 02:53:29;0;0;;Validado Manual;;;
MVD:WeatherObserved:00006;Estación Meteorológica - Centro;2025-02-23 02:58:29;0;0;;Validado Manual;;;
MVD:WeatherObserved:00006;Estación Meteorológica - Centro;2025-02-23 03:03:29;0;0;;Validado Manual;;;
MVD:WeatherObserved:00006;Estación Meteorológica - Centro;2025-02-23 03:08:29;0;0;;Validado Manual;;;
MVD:WeatherObserved:00006;Estación Meteorológica - Centro;2025-02-23 03:13:29;0;0;;Validado Manual;;;
MVD:WeatherObserved:00006;Estación Meteorológica - Centro;2025-02-23 03:18:29;0;0;;Validado Manual;;;
MVD:WeatherObserved:00006;Estación Meteorológica - Centro;2025-02-23 03:23:29;0;0;;Validado Manual;;;
MVD:WeatherObserved:00006;Estación Meteorológica - Centro;2025-02-23 03:28:29;0;0;;Validado Manual;;;
MVD:WeatherObserved:00006;Estación Meteorológica - Centro;2025-02-23 03:33:29;0;0;;Validado Manual;;;
MVD:WeatherObserved:00006;Estación Meteorológica - Centro;2025-02-23 03:38:29;0;0;;Validado Manual;;;
MVD:WeatherObserved:00006;Estación Meteorológica - Centro;2025-02-23 03:43:29;0;0;;Validado Manual;;;
MVD:WeatherObserved:00006;Estación Meteorológica - Centro;2025-02-23 03:48:29;0;0;;Validado Manual;;;
MVD:WeatherObserved:00006;Estación Meteorológica - Centro;2025-02-23 03:53:32;0;0;;Validado Manual;;;
MVD:WeatherObserved:00006;Estación Meteorológica - Centro;2025-02-23 03:58:30;0;0;;Validado Manual;;;
MVD:WeatherObserved:00006;Estación Meteorológica - Centro;2025-02-23 04:03:30;0;0;;Validado Manual;;;
MVD:WeatherObserved:00006;Estación Meteorológica - Centro;2025-02-23 04:08:30;0;0;;Validado Manual;;;
MVD:WeatherObserved:00006;Estación Meteorológica - Centro;2025-02-23 04:13:30;0;0;;Validado Manual;;;
MVD:WeatherObserved:00006;Estación Meteorológica - Centro;2025-02-23 04:18:30;0;0;;Validado Manual;;;
MVD:WeatherObserved:00006;Estación Meteorológica - Centro;2025-02-23 04:23:30;0;0;;Validado Manual;;;
MVD:WeatherObserved:00006;Estación Meteorológica - Centro;2025-02-23 04:28:30;0;0;;Validado Manual;;;
MVD:WeatherObserved:00006;Estación Meteorológica - Centro;2025-02-23 04:33:30;0;0;;Validado Manual;;;
MVD:WeatherObserved:00006;Estación Meteorológica - Centro;2025-02-23 04:38:30;0;0;;Validado Manual;;;
MVD:WeatherObserved:00006;Estación Meteorológica - Centro;2025-02-23 04:43:30;0;0;;Validado Manual;;;
MVD:WeatherObserved:00006;Estación Meteorológica - Centro;2025-02-23 04:48:30;0;0;;Validado Manual;;;
MVD:WeatherObserved:00006;Estación Meteorológica - Centro;2025-02-23 04:53:30;0;0;;Validado Manual;;;
MVD:WeatherObserved:00006;Estación Meteorológica - Centro;2025-02-23 04:58:30;0;0;;Validado Manual;;;
MVD:WeatherObserved:00006;Estación Meteorológica - Centro;2025-02-23 05:03:30;0;0;;Validado Manual;;;
MVD:WeatherObserved:00006;Estación Meteorológica - Centro;2025-02-23 05:08:30;0;0;;Validado Manual;;;
MVD:WeatherObserved:00006;Estación Meteorológica - Centro;2025-02-23 05:13:30;0;0;;Validado Manual;;;
MVD:WeatherObserved:00006;Estación Meteorológica - Centro;2025-02-23 05:18:31;0;0;;Validado Manual;;;
MVD:WeatherObserved:00006;Estación Meteorológica - Centro;2025-02-23 05:23:31;0;0;;Validado Manual;;;
MVD:WeatherObserved:00006;Estación Meteorológica - Centro;2025-02-23 05:28:31;0;0;;Validado Manual;;;
MVD:WeatherObserved:00006;Estación Meteorológica - Centro;2025-02-23 05:33:31;0;0;;Validado Manual;;;
MVD:WeatherObserved:00006;Estación Meteorológica - Centro;2025-02-23 05:38:31;0;0;;Validado Manual;;;
MVD:WeatherObserved:00006;Estación Meteorológica - Centro;2025-02-23 05:43:31;0;0;;Validado Manual;;;
MVD:WeatherObserved:00006;Estación Meteorológica - Centro;2025-02-23 05:48:31;0;0;;Validado Manual;;;
MVD:WeatherObserved:00006;Estación Meteorológica - Centro;2025-02-23 05:53:31;0;0;;Validado Manual;;;
MVD:WeatherObserved:00006;Estación Meteorológica - Centro;2025-02-23 05:58:31;0;0;;Validado Manual;;;
MVD:WeatherObserved:00006;Estación Meteorológica - Centro;2025-02-23 06:03:31;0;0;;Validado Manual;;;
MVD:WeatherObserved:00006;Estación Meteorológica - Centro;2025-02-23 06:08:31;0;0;;Validado Manual;;;
MVD:WeatherObserved:00006;Estación Meteorológica - Centro;2025-02-23 06:13:32;0;0;;Validado Manual;;;
MVD:WeatherObserved:00006;Estación Meteorológica - Centro;2025-02-23 06:18:32;0;0;;Validado Manual;;;
MVD:WeatherObserved:00006;Estación Meteorológica - Centro;2025-02-23 06:23:32;0;0;;Validado Manual;;;
MVD:WeatherObserved:00006;Estación Meteorológica - Centro;2025-02-23 06:28:32;0;0;;Validado Manual;;;
MVD:WeatherObserved:00006;Estación Meteorológica - Centro;2025-02-23 06:33:32;0;0;;Validado Manual;;;
MVD:WeatherObserved:00006;Estación Meteorológica - Centro;2025-02-23 06:38:32;0;0;;Validado Manual;;;
MVD:WeatherObserved:00006;Estación Meteorológica - Centro;2025-02-23 06:43:32;0;0;;Validado Manual;;;
MVD:WeatherObserved:00006;Estación Meteorológica - Centro;2025-02-23 06:48:32;0;0;;Validado Manual;;;
MVD:WeatherObserved:00006;Estación Meteorológica - Centro;2025-02-23 06:53:32;0;0;;Validado Manual;;;
MVD:WeatherObserved:00006;Estación Meteorológica - Centro;2025-02-23 06:58:32;0;0;;Validado Manual;;;
MVD:WeatherObserved:00006;Estación Meteorológica - Centro;2025-02-23 07:03:32;0;0;;Validado Manual;;;
MVD:WeatherObserved:00006;Estación Meteorológica - Centro;2025-02-23 07:08:32;0;0;;Validado Manual;;;
MVD:WeatherObserved:00006;Estación Meteorológica - Centro;2025-02-23 07:13:32;0;0;;Validado Manual;;;
MVD:WeatherObserved:00006;Estación Meteorológica - Centro;2025-02-23 07:18:32;0;0;;Validado Manual;;;
MVD:WeatherObserved:00006;Estación Meteorológica - Centro;2025-02-23 07:23:32;0;0;;Validado Manual;;;
MVD:WeatherObserved:00006;Estación Meteorológica - Centro;2025-02-23 07:28:33;0;0;;Validado Manual;;;
MVD:WeatherObserved:00006;Estación Meteorológica - Centro;2025-02-23 07:33:33;0;0;;Validado Manual;;;
MVD:WeatherObserved:00006;Estación Meteorológica - Centro;2025-02-23 07:38:33;0;0;;Validado Manual;;;
MVD:WeatherObserved:00006;Estación Meteorológica - Centro;2025-02-23 07:43:33;0;0;;Validado Manual;;;
MVD:WeatherObserved:00006;Estación Meteorológica - Centro;2025-02-23 07:48:33;0;0;;Validado Manual;;;
MVD:WeatherObserved:00006;Estación Meteorológica - Centro;2025-02-23 07:53:33;0;0;;Validado Manual;;;
MVD:WeatherObserved:00006;Estación Meteorológica - Centro;2025-02-23 07:58:33;0;0;;Validado Manual;;;
MVD:WeatherObserved:00006;Estación Meteorológica - Centro;2025-02-23 08:03:33;0;0;;Validado Manual;;;
MVD:WeatherObserved:00006;Estación Meteorológica - Centro;2025-02-23 08:08:33;0;0;;Validado Manual;;;
MVD:WeatherObserved:00006;Estación Meteorológica - Centro;2025-02-23 08:13:33;0;0;;Validado Manual;;;
MVD:WeatherObserved:00006;Estación Meteorológica - Centro;2025-02-23 08:18:33;0;0;;Validado Manual;;;
MVD:WeatherObserved:00006;Estación Meteorológica - Centro;2025-02-23 08:23:33;0;0;;Validado Manual;;;
MVD:WeatherObserved:00006;Estación Meteorológica - Centro;2025-02-23 08:28:33;0;0;;Validado Manual;;;
MVD:WeatherObserved:00006;Estación Meteorológica - Centro;2025-02-23 08:33:33;0;0;;Validado Manual;;;
MVD:WeatherObserved:00006;Estación Meteorológica - Centro;2025-02-23 08:38:33;0;0;;Validado Manual;;;
MVD:WeatherObserved:00006;Estación Meteorológica - Centro;2025-02-23 08:43:33;0;0;;Validado Manual;;;
MVD:WeatherObserved:00006;Estación Meteorológica - Centro;2025-02-23 08:48:33;0;0;;Validado Manual;;;
MVD:WeatherObserved:00006;Estación Meteorológica - Centro;2025-02-23 08:53:34;0;0;;Validado Manual;;;
MVD:WeatherObserved:00006;Estación Meteorológica - Centro;2025-02-23 08:58:34;0;0;;Validado Manual;;;
MVD:WeatherObserved:00006;Estación Meteorológica - Centro;2025-02-23 09:03:34;0;0;;Validado Manual;;;
MVD:WeatherObserved:00006;Estación Meteorológica - Centro;2025-02-23 09:08:34;0;0;;Validado Manual;;;
MVD:WeatherObserved:00006;Estación Meteorológica - Centro;2025-02-23 09:13:34;0;0;;Validado Manual;;;
MVD:WeatherObserved:00006;Estación Meteorológica - Centro;2025-02-23 09:18:34;0;0;;Validado Manual;;;
MVD:WeatherObserved:00006;Estación Meteorológica - Centro;2025-02-23 09:23:34;0;0;;Validado Manual;;;
MVD:WeatherObserved:00006;Estación Meteorológica - Centro;2025-02-23 09:28:34;0;0;;Validado Manual;;;
MVD:WeatherObserved:00006;Estación Meteorológica - Centro;2025-02-23 09:33:34;0;0;;Validado Manual;;;
MVD:WeatherObserved:00006;Estación Meteorológica - Centro;2025-02-23 09:38:34;0;0;;Validado Manual;;;
MVD:WeatherObserved:00006;Estación Meteorológica - Centro;2025-02-23 09:43:34;0;0;;Validado Manual;;;
MVD:WeatherObserved:00006;Estación Meteorológica - Centro;2025-02-23 09:48:34;0;0;;Validado Manual;;;
MVD:WeatherObserved:00006;Estación Meteorológica - Centro;2025-02-23 09:53:34;0;0;;Validado Manual;;;
MVD:WeatherObserved:00006;Estación Meteorológica - Centro;2025-02-23 09:58:34;0;0;;Validado Manual;;;
MVD:WeatherObserved:00006;Estación Meteorológica - Centro;2025-02-23 10:03:34;0;0;;Validado Manual;;;
MVD:WeatherObserved:00006;Estación Meteorológica - Centro;2025-02-23 10:08:35;0;0;;Validado Manual;;;
MVD:WeatherObserved:00006;Estación Meteorológica - Centro;2025-02-23 10:13:36;0;0;;Validado Manual;;;
MVD:WeatherObserved:00006;Estación Meteorológica - Centro;2025-02-23 10:18:35;0;0;;Validado Manual;;;
MVD:WeatherObserved:00006;Estación Meteorológica - Centro;2025-02-23 10:23:35;0;0;;Validado Manual;;;
MVD:WeatherObserved:00006;Estación Meteorológica - Centro;2025-02-23 10:28:35;0;0;;Validado Manual;;;
MVD:WeatherObserved:00006;Estación Meteorológica - Centro;2025-02-23 10:33:35;0;0;;Validado Manual;;;
MVD:WeatherObserved:00006;Estación Meteorológica - Centro;2025-02-23 10:38:35;0;0;;Validado Manual;;;
MVD:WeatherObserved:00006;Estación Meteorológica - Centro;2025-02-23 10:43:35;0;0;;Validado Manual;;;
MVD:WeatherObserved:00006;Estación Meteorológica - Centro;2025-02-23 10:48:35;0;0;;Validado Manual;;;
MVD:WeatherObserved:00006;Estación Meteorológica - Centro;2025-02-23 10:53:35;0;0;;Validado Manual;;;
MVD:WeatherObserved:00006;Estación Meteorológica - Centro;2025-02-23 10:58:35;0;0;;Validado Manual;;;
MVD:WeatherObserved:00006;Estación Meteorológica - Centro;2025-02-23 11:03:35;0;0;;Validado Manual;;;
MVD:WeatherObserved:00006;Estación Meteorológica - Centro;2025-02-23 11:08:35;0;0;;Validado Manual;;;
MVD:WeatherObserved:00006;Estación Meteorológica - Centro;2025-02-23 11:13:35;0;0;;Validado Manual;;;
MVD:WeatherObserved:00006;Estación Meteorológica - Centro;2025-02-23 11:18:35;0;0;;Validado Manual;;;
MVD:WeatherObserved:00006;Estación Meteorológica - Centro;2025-02-23 11:23:35;0;0;;Validado Manual;;;
MVD:WeatherObserved:00006;Estación Meteorológica - Centro;2025-02-23 11:28:36;0;0;;Validado Manual;;;
MVD:WeatherObserved:00006;Estación Meteorológica - Centro;2025-02-23 11:33:36;0;0;;Validado Manual;;;
MVD:WeatherObserved:00006;Estación Meteorológica - Centro;2025-02-23 11:38:36;0;0;;Validado Manual;;;
MVD:WeatherObserved:00006;Estación Meteorológica - Centro;2025-02-23 11:43:36;0;0;;Validado Manual;;;
MVD:WeatherObserved:00006;Estación Meteorológica - Centro;2025-02-23 11:48:36;0;0;;Validado Manual;;;
MVD:WeatherObserved:00006;Estación Meteorológica - Centro;2025-02-23 11:53:36;0;0;;Validado Manual;;;
MVD:WeatherObserved:00006;Estación Meteorológica - Centro;2025-02-23 11:58:36;0;0;;Validado Manual;;;
MVD:WeatherObserved:00006;Estación Meteorológica - Centro;2025-02-23 12:03:36;0;0;;Validado Manual;;;
MVD:WeatherObserved:00006;Estación Meteorológica - Centro;2025-02-23 12:08:36;0;0;;Validado Manual;;;
MVD:WeatherObserved:00006;Estación Meteorológica - Centro;2025-02-23 12:13:36;0;0;;Validado Manual;;;
MVD:WeatherObserved:00006;Estación Meteorológica - Centro;2025-02-23 12:18:36;0;0;;Validado Manual;;;
MVD:WeatherObserved:00006;Estación Meteorológica - Centro;2025-02-23 12:23:36;0;0;;Validado Manual;;;
MVD:WeatherObserved:00006;Estación Meteorológica - Centro;2025-02-23 12:28:36;0;0;;Validado Manual;;;
MVD:WeatherObserved:00006;Estación Meteorológica - Centro;2025-02-23 12:33:36;0;0;;Validado Manual;;;
MVD:WeatherObserved:00006;Estación Meteorológica - Centro;2025-02-23 12:38:36;0;0;;Validado Manual;;;
MVD:WeatherObserved:00006;Estación Meteorológica - Centro;2025-02-23 12:43:36;0;0;;Validado Manual;;;
MVD:WeatherObserved:00006;Estación Meteorológica - Centro;2025-02-23 12:48:36;0;0;;Validado Manual;;;
MVD:WeatherObserved:00006;Estación Meteorológica - Centro;2025-02-23 12:53:36;0;0;;Validado Manual;;;
MVD:WeatherObserved:00006;Estación Meteorológica - Centro;2025-02-23 12:58:37;0;0;;Validado Manual;;;
MVD:WeatherObserved:00006;Estación Meteorológica - Centro;2025-02-23 13:03:37;0;0;;Validado Manual;;;
MVD:WeatherObserved:00006;Estación Meteorológica - Centro;2025-02-23 13:08:37;0;0;;Validado Manual;;;
MVD:WeatherObserved:00006;Estación Meteorológica - Centro;2025-02-23 13:13:37;0;0;;Validado Manual;;;
MVD:WeatherObserved:00006;Estación Meteorológica - Centro;2025-02-23 13:18:37;0;0;;Validado Manual;;;
MVD:WeatherObserved:00006;Estación Meteorológica - Centro;2025-02-23 13:23:37;0;0;;Validado Manual;;;
MVD:WeatherObserved:00006;Estación Meteorológica - Centro;2025-02-23 13:28:37;0;0;;Validado Manual;;;
MVD:WeatherObserved:00006;Estación Meteorológica - Centro;2025-02-23 13:33:37;0;0;;Validado Manual;;;
MVD:WeatherObserved:00006;Estación Meteorológica - Centro;2025-02-23 13:38:37;0;0;;Validado Manual;;;
MVD:WeatherObserved:00006;Estación Meteorológica - Centro;2025-02-23 13:43:37;0;0;;Validado Manual;;;
MVD:WeatherObserved:00006;Estación Meteorológica - Centro;2025-02-23 13:48:37;0;0;;Validado Manual;;;
MVD:WeatherObserved:00006;Estación Meteorológica - Centro;2025-02-23 13:53:37;0;0;;Validado Manual;;;
MVD:WeatherObserved:00006;Estación Meteorológica - Centro;2025-02-23 13:58:37;0;0;;Validado Manual;;;
MVD:WeatherObserved:00006;Estación Meteorológica - Centro;2025-02-23 14:03:37;0;0;;Validado Manual;;;
MVD:WeatherObserved:00006;Estación Meteorológica - Centro;2025-02-23 14:08:37;0;0;;Validado Manual;;;
MVD:WeatherObserved:00006;Estación Meteorológica - Centro;2025-02-23 14:13:37;0;0;;Validado Manual;;;
MVD:WeatherObserved:00006;Estación Meteorológica - Centro;2025-02-23 14:18:38;0;0;;Validado Manual;;;
MVD:WeatherObserved:00006;Estación Meteorológica - Centro;2025-02-23 14:23:38;0;0;;Validado Manual;;;
MVD:WeatherObserved:00006;Estación Meteorológica - Centro;2025-02-23 14:28:38;0;0;;Validado Manual;;;
MVD:WeatherObserved:00006;Estación Meteorológica - Centro;2025-02-23 14:33:41;0;0;;Validado Manual;;;
MVD:WeatherObserved:00006;Estación Meteorológica - Centro;2025-02-23 14:38:38;0;0;;Validado Manual;;;
MVD:WeatherObserved:00006;Estación Meteorológica - Centro;2025-02-23 14:43:38;0;0;;Validado Manual;;;
MVD:WeatherObserved:00006;Estación Meteorológica - Centro;2025-02-23 14:48:38;0;0;;Validado Manual;;;
MVD:WeatherObserved:00006;Estación Meteorológica - Centro;2025-02-23 14:53:38;0;0;;Validado Manual;;;
MVD:WeatherObserved:00006;Estación Meteorológica - Centro;2025-02-23 14:58:38;0;0;;Validado Manual;;;
MVD:WeatherObserved:00006;Estación Meteorológica - Centro;2025-02-23 15:03:38;0;0;;Validado Manual;;;
MVD:WeatherObserved:00006;Estación Meteorológica - Centro;2025-02-23 15:08:38;0;0;;Validado Manual;;;
MVD:WeatherObserved:00006;Estación Meteorológica - Centro;2025-02-23 15:13:38;0;0;;Validado Manual;;;
MVD:WeatherObserved:00006;Estación Meteorológica - Centro;2025-02-23 15:18:38;0;0;;Validado Manual;;;
MVD:WeatherObserved:00006;Estación Meteorológica - Centro;2025-02-23 15:23:38;0;0;;Validado Manual;;;
MVD:WeatherObserved:00006;Estación Meteorológica - Centro;2025-02-23 15:28:38;0;0;;Validado Manual;;;
MVD:WeatherObserved:00006;Estación Meteorológica - Centro;2025-02-23 15:33:38;0;0;;Validado Manual;;;
MVD:WeatherObserved:00006;Estación Meteorológica - Centro;2025-02-23 15:38:39;0;0;;Validado Manual;;;
MVD:WeatherObserved:00006;Estación Meteorológica - Centro;2025-02-23 15:43:39;0;0;;Validado Manual;;;
MVD:WeatherObserved:00006;Estación Meteorológica - Centro;2025-02-23 15:48:39;0;0;;Validado Manual;;;
MVD:WeatherObserved:00006;Estación Meteorológica - Centro;2025-02-23 15:53:39;0;0;;Validado Manual;;;
MVD:WeatherObserved:00006;Estación Meteorológica - Centro;2025-02-23 15:58:39;0;0;;Validado Manual;;;
MVD:WeatherObserved:00006;Estación Meteorológica - Centro;2025-02-23 16:03:39;0;0;;Validado Manual;;;
MVD:WeatherObserved:00006;Estación Meteorológica - Centro;2025-02-23 16:08:39;0;0;;Validado Manual;;;
MVD:WeatherObserved:00006;Estación Meteorológica - Centro;2025-02-23 16:13:39;0;0;;Validado Manual;;;
MVD:WeatherObserved:00006;Estación Meteorológica - Centro;2025-02-23 16:18:39;0;0;;Validado Manual;;;
MVD:WeatherObserved:00006;Estación Meteorológica - Centro;2025-02-23 16:23:39;0;0;;Validado Manual;;;
MVD:WeatherObserved:00006;Estación Meteorológica - Centro;2025-02-23 16:28:39;0;0;;Validado Manual;;;
MVD:WeatherObserved:00006;Estación Meteorológica - Centro;2025-02-23 16:33:39;0;0;;Validado Manual;;;
MVD:WeatherObserved:00006;Estación Meteorológica - Centro;2025-02-23 16:38:39;0;0;;Validado Manual;;;
MVD:WeatherObserved:00006;Estación Meteorológica - Centro;2025-02-23 16:43:39;0;0;;Validado Manual;;;
MVD:WeatherObserved:00006;Estación Meteorológica - Centro;2025-02-23 16:48:39;0;0;;Validado Manual;;;
MVD:WeatherObserved:00006;Estación Meteorológica - Centro;2025-02-23 16:53:40;0;0;;Validado Manual;;;
MVD:WeatherObserved:00006;Estación Meteorológica - Centro;2025-02-23 16:58:40;0;0;;Validado Manual;;;
MVD:WeatherObserved:00006;Estación Meteorológica - Centro;2025-02-23 17:03:40;0;0;;Validado Manual;;;
MVD:WeatherObserved:00006;Estación Meteorológica - Centro;2025-02-23 17:08:40;0;0;;Validado Manual;;;
MVD:WeatherObserved:00006;Estación Meteorológica - Centro;2025-02-23 17:13:40;0;0;;Validado Manual;;;
MVD:WeatherObserved:00006;Estación Meteorológica - Centro;2025-02-23 17:18:40;0;0;;Validado Manual;;;
MVD:WeatherObserved:00006;Estación Meteorológica - Centro;2025-02-23 17:23:40;0;0;;Validado Manual;;;
MVD:WeatherObserved:00006;Estación Meteorológica - Centro;2025-02-23 17:28:40;0;0;;Validado Manual;;;
MVD:WeatherObserved:00006;Estación Meteorológica - Centro;2025-02-23 17:33:40;0;0;;Validado Manual;;;
MVD:WeatherObserved:00006;Estación Meteorológica - Centro;2025-02-23 17:38:40;0;0;;Validado Manual;;;
MVD:WeatherObserved:00006;Estación Meteorológica - Centro;2025-02-23 17:43:40;0;0;;Validado Manual;;;
MVD:WeatherObserved:00006;Estación Meteorológica - Centro;2025-02-23 17:48:40;0;0;;Validado Manual;;;
MVD:WeatherObserved:00006;Estación Meteorológica - Centro;2025-02-23 17:53:40;0;0;;Validado Manual;;;
MVD:WeatherObserved:00006;Estación Meteorológica - Centro;2025-02-23 17:58:40;0;0;;Validado Manual;;;
MVD:WeatherObserved:00006;Estación Meteorológica - Centro;2025-02-23 18:03:40;0;0;;Validado Manual;;;
MVD:WeatherObserved:00006;Estación Meteorológica - Centro;2025-02-23 18:08:41;0;0;;Validado Manual;;;
MVD:WeatherObserved:00006;Estación Meteorológica - Centro;2025-02-23 18:13:41;0;0;;Validado Manual;;;
MVD:WeatherObserved:00006;Estación Meteorológica - Centro;2025-02-23 18:18:41;0;0;;Validado Manual;;;
MVD:WeatherObserved:00006;Estación Meteorológica - Centro;2025-02-23 18:23:41;0;0;;Validado Manual;;;
MVD:WeatherObserved:00006;Estación Meteorológica - Centro;2025-02-23 18:28:41;0;0;;Validado Manual;;;
MVD:WeatherObserved:00006;Estación Meteorológica - Centro;2025-02-23 18:33:41;0;0;;Validado Manual;;;
MVD:WeatherObserved:00006;Estación Meteorológica - Centro;2025-02-23 18:38:41;0;0;;Validado Manual;;;
MVD:WeatherObserved:00006;Estación Meteorológica - Centro;2025-02-23 18:43:41;0;0;;Validado Manual;;;
MVD:WeatherObserved:00006;Estación Meteorológica - Centro;2025-02-23 18:48:41;0;0;;Validado Manual;;;
MVD:WeatherObserved:00006;Estación Meteorológica - Centro;2025-02-23 18:53:41;0;0;;Validado Manual;;;
MVD:WeatherObserved:00006;Estación Meteorológica - Centro;2025-02-23 18:58:41;0;0;;Validado Manual;;;
MVD:WeatherObserved:00006;Estación Meteorológica - Centro;2025-02-23 19:03:41;0;0;;Validado Manual;;;
MVD:WeatherObserved:00006;Estación Meteorológica - Centro;2025-02-23 19:08:41;0;0;;Validado Manual;;;
MVD:WeatherObserved:00006;Estación Meteorológica - Centro;2025-02-23 19:13:41;0;0;;Validado Manual;;;
MVD:WeatherObserved:00006;Estación Meteorológica - Centro;2025-02-23 19:18:41;0;0;;Validado Manual;;;
MVD:WeatherObserved:00006;Estación Meteorológica - Centro;2025-02-23 19:23:41;0;0;;Validado Manual;;;
MVD:WeatherObserved:00006;Estación Meteorológica - Centro;2025-02-23 19:28:41;0;0;;Validado Manual;;;
MVD:WeatherObserved:00006;Estación Meteorológica - Centro;2025-02-23 19:33:41;0;0;;Validado Manual;;;
MVD:WeatherObserved:00006;Estación Meteorológica - Centro;2025-02-23 19:38:41;0;0;;Validado Manual;;;
MVD:WeatherObserved:00006;Estación Meteorológica - Centro;2025-02-23 19:43:42;0;0;;Validado Manual;;;
MVD:WeatherObserved:00006;Estación Meteorológica - Centro;2025-02-23 19:48:42;0;0;;Validado Manual;;;
MVD:WeatherObserved:00006;Estación Meteorológica - Centro;2025-02-23 19:53:42;0;0;;Validado Manual;;;
MVD:WeatherObserved:00006;Estación Meteorológica - Centro;2025-02-23 19:58:42;0;0;;Validado Manual;;;
MVD:WeatherObserved:00006;Estación Meteorológica - Centro;2025-02-23 20:03:42;0;0;;Validado Manual;;;
MVD:WeatherObserved:00006;Estación Meteorológica - Centro;2025-02-23 20:08:42;0;0;;Validado Manual;;;
MVD:WeatherObserved:00006;Estación Meteorológica - Centro;2025-02-23 20:13:42;0;0;;Validado Manual;;;
MVD:WeatherObserved:00006;Estación Meteorológica - Centro;2025-02-23 20:18:42;0;0;;Validado Manual;;;
MVD:WeatherObserved:00006;Estación Meteorológica - Centro;2025-02-23 20:23:42;0;0;;Validado Manual;;;
MVD:WeatherObserved:00006;Estación Meteorológica - Centro;2025-02-23 20:28:42;0;0;;Validado Manual;;;
MVD:WeatherObserved:00006;Estación Meteorológica - Centro;2025-02-23 20:33:42;0;0;;Validado Manual;;;
MVD:WeatherObserved:00006;Estación Meteorológica - Centro;2025-02-23 20:38:42;0;0;;Validado Manual;;;
MVD:WeatherObserved:00006;Estación Meteorológica - Centro;2025-02-23 20:43:42;0;0;;Validado Manual;;;
MVD:WeatherObserved:00006;Estación Meteorológica - Centro;2025-02-23 20:48:42;0;0;;Validado Manual;;;
MVD:WeatherObserved:00006;Estación Meteorológica - Centro;2025-02-23 20:53:42;0;0;;Validado Manual;;;
MVD:WeatherObserved:00006;Estación Meteorológica - Centro;2025-02-23 20:58:43;0;0;;Validado Manual;;;
MVD:WeatherObserved:00006;Estación Meteorológica - Centro;2025-02-23 21:03:43;0;0;;Validado Manual;;;
MVD:WeatherObserved:00006;Estación Meteorológica - Centro;2025-02-23 21:08:43;0;0;;Validado Manual;;;
MVD:WeatherObserved:00006;Estación Meteorológica - Centro;2025-02-23 21:13:43;0;0;;Validado Manual;;;
MVD:WeatherObserved:00006;Estación Meteorológica - Centro;2025-02-23 21:18:43;0;0;;Validado Manual;;;
MVD:WeatherObserved:00006;Estación Meteorológica - Centro;2025-02-23 21:23:43;0;0;;Validado Manual;;;
MVD:WeatherObserved:00006;Estación Meteorológica - Centro;2025-02-23 21:28:43;0;0;;Validado Manual;;;
MVD:WeatherObserved:00006;Estación Meteorológica - Centro;2025-02-23 21:33:43;0;0;;Validado Manual;;;
MVD:WeatherObserved:00006;Estación Meteorológica - Centro;2025-02-23 21:38:43;0;0;;Validado Manual;;;
MVD:WeatherObserved:00006;Estación Meteorológica - Centro;2025-02-23 21:43:43;0;0;;Validado Manual;;;
MVD:WeatherObserved:00006;Estación Meteorológica - Centro;2025-02-23 21:48:43;0;0;;Validado Manual;;;
MVD:WeatherObserved:00006;Estación Meteorológica - Centro;2025-02-23 21:53:43;0;0;;Validado Manual;;;
MVD:WeatherObserved:00006;Estación Meteorológica - Centro;2025-02-23 21:58:43;0;0;;Validado Manual;;;
MVD:WeatherObserved:00006;Estación Meteorológica - Centro;2025-02-23 22:03:43;0;0;;Validado Manual;;;
MVD:WeatherObserved:00006;Estación Meteorológica - Centro;2025-02-23 22:08:44;0;0;;Validado Manual;;;
MVD:WeatherObserved:00006;Estación Meteorológica - Centro;2025-02-23 22:13:44;0;0;;Validado Manual;;;
MVD:WeatherObserved:00006;Estación Meteorológica - Centro;2025-02-23 22:18:44;0;0;;Validado Manual;;;
MVD:WeatherObserved:00006;Estación Meteorológica - Centro;2025-02-23 22:23:44;0;0;;Validado Manual;;;
MVD:WeatherObserved:00006;Estación Meteorológica - Centro;2025-02-23 22:28:44;0;0;;Validado Manual;;;
MVD:WeatherObserved:00006;Estación Meteorológica - Centro;2025-02-23 22:33:44;0;0;;Validado Manual;;;
MVD:WeatherObserved:00006;Estación Meteorológica - Centro;2025-02-23 22:38:44;0;0;;Validado Manual;;;
MVD:WeatherObserved:00006;Estación Meteorológica - Centro;2025-02-23 22:43:44;0;0;;Validado Manual;;;
MVD:WeatherObserved:00006;Estación Meteorológica - Centro;2025-02-23 22:48:44;0;0;;Validado Manual;;;
MVD:WeatherObserved:00006;Estación Meteorológica - Centro;2025-02-23 22:53:44;0;0;;Validado Manual;;;
MVD:WeatherObserved:00006;Estación Meteorológica - Centro;2025-02-23 22:58:44;0;0;;Validado Manual;;;
MVD:WeatherObserved:00006;Estación Meteorológica - Centro;2025-02-23 23:03:44;0;0;;Validado Manual;;;
MVD:WeatherObserved:00006;Estación Meteorológica - Centro;2025-02-23 23:08:45;0;0;;Validado Manual;;;
MVD:WeatherObserved:00006;Estación Meteorológica - Centro;2025-02-23 23:13:45;0;0;;Validado Manual;;;
MVD:WeatherObserved:00006;Estación Meteorológica - Centro;2025-02-23 23:18:45;0;0;;Validado Manual;;;
MVD:WeatherObserved:00006;Estación Meteorológica - Centro;2025-02-23 23:23:45;0;0;;Validado Manual;;;
MVD:WeatherObserved:00006;Estación Meteorológica - Centro;2025-02-23 23:28:45;0;0;;Validado Manual;;;
MVD:WeatherObserved:00006;Estación Meteorológica - Centro;2025-02-23 23:33:45;0;0;;Validado Manual;;;
MVD:WeatherObserved:00006;Estación Meteorológica - Centro;2025-02-23 23:38:45;0;0;;Validado Manual;;;
MVD:WeatherObserved:00006;Estación Meteorológica - Centro;2025-02-23 23:43:45;0;0;;Validado Manual;;;
MVD:WeatherObserved:00006;Estación Meteorológica - Centro;2025-02-23 23:48:45;0;0;;Validado Manual;;;
MVD:WeatherObserved:00006;Estación Meteorológica - Centro;2025-02-23 23:53:45;0;0;;Validado Manual;;;
MVD:WeatherObserved:00006;Estación Meteorológica - Centro;2025-02-23 23:58:45;0;0;;Validado Manual;;;
MVD:WeatherObserved:00006;Estación Meteorológica - Centro;2025-02-24 00:03:45;0;0;;Validado Manual;;;
MVD:WeatherObserved:00006;Estación Meteorológica - Centro;2025-02-24 00:08:45;0;0;;Validado Manual;;;
MVD:WeatherObserved:00006;Estación Meteorológica - Centro;2025-02-24 00:13:45;0;0;;Validado Manual;;;
MVD:WeatherObserved:00006;Estación Meteorológica - Centro;2025-02-24 00:18:46;0;0;;Validado Manual;;;
MVD:WeatherObserved:00006;Estación Meteorológica - Centro;2025-02-24 00:23:46;0;0;;Validado Manual;;;
MVD:WeatherObserved:00006;Estación Meteorológica - Centro;2025-02-24 00:28:46;0;0;;Validado Manual;;;
MVD:WeatherObserved:00006;Estación Meteorológica - Centro;2025-02-24 00:33:46;0;0;;Validado Manual;;;
MVD:WeatherObserved:00006;Estación Meteorológica - Centro;2025-02-24 00:38:46;0;0;;Validado Manual;;;
MVD:WeatherObserved:00006;Estación Meteorológica - Centro;2025-02-24 00:43:46;0;0;;Validado Manual;;;
MVD:WeatherObserved:00006;Estación Meteorológica - Centro;2025-02-24 00:48:46;0;0;;Validado Manual;;;
MVD:WeatherObserved:00006;Estación Meteorológica - Centro;2025-02-24 00:53:46;0;0;;Validado Manual;;;
MVD:WeatherObserved:00006;Estación Meteorológica - Centro;2025-02-24 00:58:46;0;0;;Validado Manual;;;
MVD:WeatherObserved:00006;Estación Meteorológica - Centro;2025-02-24 01:03:46;0;0;;Validado Manual;;;
MVD:WeatherObserved:00006;Estación Meteorológica - Centro;2025-02-24 01:08:46;0;0;;Validado Manual;;;
MVD:WeatherObserved:00006;Estación Meteorológica - Centro;2025-02-24 01:13:46;0;0;;Validado Manual;;;
MVD:WeatherObserved:00006;Estación Meteorológica - Centro;2025-02-24 01:18:46;0;0;;Validado Manual;;;
MVD:WeatherObserved:00006;Estación Meteorológica - Centro;2025-02-24 01:23:46;0;0;;Validado Manual;;;
MVD:WeatherObserved:00006;Estación Meteorológica - Centro;2025-02-24 01:28:47;0;0;;Validado Manual;;;
MVD:WeatherObserved:00006;Estación Meteorológica - Centro;2025-02-24 01:33:47;0;0;;Validado Manual;;;
MVD:WeatherObserved:00006;Estación Meteorológica - Centro;2025-02-24 01:38:47;0;0;;Validado Manual;;;
MVD:WeatherObserved:00006;Estación Meteorológica - Centro;2025-02-24 01:43:47;0;0;;Validado Manual;;;
MVD:WeatherObserved:00006;Estación Meteorológica - Centro;2025-02-24 01:48:47;0;0;;Validado Manual;;;
MVD:WeatherObserved:00006;Estación Meteorológica - Centro;2025-02-24 01:53:47;0;0;;Validado Manual;;;
MVD:WeatherObserved:00006;Estación Meteorológica - Centro;2025-02-24 01:58:47;0;0;;Validado Manual;;;
MVD:WeatherObserved:00006;Estación Meteorológica - Centro;2025-02-24 02:03:47;0;0;;Validado Manual;;;
MVD:WeatherObserved:00006;Estación Meteorológica - Centro;2025-02-24 02:08:47;0;0;;Validado Manual;;;
MVD:WeatherObserved:00006;Estación Meteorológica - Centro;2025-02-24 02:13:47;0;0;;Validado Manual;;;
MVD:WeatherObserved:00006;Estación Meteorológica - Centro;2025-02-24 02:18:47;0;0;;Validado Manual;;;
MVD:WeatherObserved:00006;Estación Meteorológica - Centro;2025-02-24 02:23:48;0;0;;Validado Manual;;;
MVD:WeatherObserved:00006;Estación Meteorológica - Centro;2025-02-24 02:28:47;0;0;;Validado Manual;;;
MVD:WeatherObserved:00006;Estación Meteorológica - Centro;2025-02-24 02:33:48;0;0;;Validado Manual;;;
MVD:WeatherObserved:00006;Estación Meteorológica - Centro;2025-02-24 02:38:48;0;0;;Validado Manual;;;
MVD:WeatherObserved:00006;Estación Meteorológica - Centro;2025-02-24 02:43:48;0;0;;Validado Manual;;;
MVD:WeatherObserved:00006;Estación Meteorológica - Centro;2025-02-24 02:48:48;0;0;;Validado Manual;;;
MVD:WeatherObserved:00006;Estación Meteorológica - Centro;2025-02-24 02:53:48;0;0;;Validado Manual;;;
MVD:WeatherObserved:00006;Estación Meteorológica - Centro;2025-02-24 02:58:48;0;0;;Validado Manual;;;
MVD:WeatherObserved:00006;Estación Meteorológica - Centro;2025-02-24 03:03:48;0;0;;Validado Manual;;;
MVD:WeatherObserved:00006;Estación Meteorológica - Centro;2025-02-24 03:08:48;0;0;;Validado Manual;;;
MVD:WeatherObserved:00006;Estación Meteorológica - Centro;2025-02-24 03:13:48;0;0;;Validado Manual;;;
MVD:WeatherObserved:00006;Estación Meteorológica - Centro;2025-02-24 03:18:48;0;0;;Validado Manual;;;
MVD:WeatherObserved:00006;Estación Meteorológica - Centro;2025-02-24 03:23:48;0;0;;Validado Manual;;;
MVD:WeatherObserved:00006;Estación Meteorológica - Centro;2025-02-24 03:28:48;0;0;;Validado Manual;;;
MVD:WeatherObserved:00006;Estación Meteorológica - Centro;2025-02-24 03:33:48;0;0;;Validado Manual;;;
MVD:WeatherObserved:00006;Estación Meteorológica - Centro;2025-02-24 03:38:48;0;0;;Validado Manual;;;
MVD:WeatherObserved:00006;Estación Meteorológica - Centro;2025-02-24 03:43:48;0;0;;Validado Manual;;;
MVD:WeatherObserved:00006;Estación Meteorológica - Centro;2025-02-24 03:48:49;0;0;;Validado Manual;;;
MVD:WeatherObserved:00006;Estación Meteorológica - Centro;2025-02-24 03:53:49;0;0;;Validado Manual;;;
MVD:WeatherObserved:00006;Estación Meteorológica - Centro;2025-02-24 03:58:49;0;0;;Validado Manual;;;
MVD:WeatherObserved:00006;Estación Meteorológica - Centro;2025-02-24 04:03:49;0;0;;Validado Manual;;;
MVD:WeatherObserved:00006;Estación Meteorológica - Centro;2025-02-24 04:08:49;0;0;;Validado Manual;;;
MVD:WeatherObserved:00006;Estación Meteorológica - Centro;2025-02-24 04:13:49;0;0;;Validado Manual;;;
MVD:WeatherObserved:00006;Estación Meteorológica - Centro;2025-02-24 04:18:49;0;0;;Validado Manual;;;
MVD:WeatherObserved:00006;Estación Meteorológica - Centro;2025-02-24 04:23:49;0;0;;Validado Manual;;;
MVD:WeatherObserved:00006;Estación Meteorológica - Centro;2025-02-24 04:28:49;0;0;;Validado Manual;;;
MVD:WeatherObserved:00006;Estación Meteorológica - Centro;2025-02-24 04:33:49;0;0;;Validado Manual;;;
MVD:WeatherObserved:00006;Estación Meteorológica - Centro;2025-02-24 04:38:49;0;0;;Validado Manual;;;
MVD:WeatherObserved:00006;Estación Meteorológica - Centro;2025-02-24 04:43:49;0;0;;Validado Manual;;;
MVD:WeatherObserved:00006;Estación Meteorológica - Centro;2025-02-24 04:48:49;0;0;;Validado Manual;;;
MVD:WeatherObserved:00006;Estación Meteorológica - Centro;2025-02-24 04:53:49;0;0;;Validado Manual;;;
MVD:WeatherObserved:00006;Estación Meteorológica - Centro;2025-02-24 04:58:49;0;0;;Validado Manual;;;
MVD:WeatherObserved:00006;Estación Meteorológica - Centro;2025-02-24 05:03:49;0;0;;Validado Manual;;;
MVD:WeatherObserved:00006;Estación Meteorológica - Centro;2025-02-24 05:08:50;0;0;;Validado Manual;;;
MVD:WeatherObserved:00006;Estación Meteorológica - Centro;2025-02-24 05:13:50;0;0;;Validado Manual;;;
MVD:WeatherObserved:00006;Estación Meteorológica - Centro;2025-02-24 05:18:50;0;0;;Validado Manual;;;
MVD:WeatherObserved:00006;Estación Meteorológica - Centro;2025-02-24 05:23:50;0;0;;Validado Manual;;;
MVD:WeatherObserved:00006;Estación Meteorológica - Centro;2025-02-24 05:28:50;0;0;;Validado Manual;;;
MVD:WeatherObserved:00006;Estación Meteorológica - Centro;2025-02-24 05:33:50;0;0;;Validado Manual;;;
MVD:WeatherObserved:00006;Estación Meteorológica - Centro;2025-02-24 05:38:50;0;0;;Validado Manual;;;
MVD:WeatherObserved:00006;Estación Meteorológica - Centro;2025-02-24 05:43:50;0;0;;Validado Manual;;;
MVD:WeatherObserved:00006;Estación Meteorológica - Centro;2025-02-24 05:48:50;0;0;;Validado Manual;;;
MVD:WeatherObserved:00006;Estación Meteorológica - Centro;2025-02-24 05:53:50;0;0;;Validado Manual;;;
MVD:WeatherObserved:00006;Estación Meteorológica - Centro;2025-02-24 05:58:50;0;0;;Validado Manual;;;
MVD:WeatherObserved:00006;Estación Meteorológica - Centro;2025-02-24 06:03:50;0;0;;Validado Manual;;;
MVD:WeatherObserved:00006;Estación Meteorológica - Centro;2025-02-24 06:08:50;0;0;;Validado Manual;;;
MVD:WeatherObserved:00006;Estación Meteorológica - Centro;2025-02-24 06:13:51;0;0;;Validado Manual;;;
MVD:WeatherObserved:00006;Estación Meteorológica - Centro;2025-02-24 06:18:51;0;0;;Validado Manual;;;
MVD:WeatherObserved:00006;Estación Meteorológica - Centro;2025-02-24 06:23:51;0;0;;Validado Manual;;;
MVD:WeatherObserved:00006;Estación Meteorológica - Centro;2025-02-24 06:28:51;0;0;;Validado Manual;;;
MVD:WeatherObserved:00006;Estación Meteorológica - Centro;2025-02-24 06:33:51;0;0;;Validado Manual;;;
MVD:WeatherObserved:00006;Estación Meteorológica - Centro;2025-02-24 06:38:51;0;0;;Validado Manual;;;
MVD:WeatherObserved:00006;Estación Meteorológica - Centro;2025-02-24 06:43:51;0;0;;Validado Manual;;;
MVD:WeatherObserved:00006;Estación Meteorológica - Centro;2025-02-24 06:48:51;0;0;;Validado Manual;;;
MVD:WeatherObserved:00006;Estación Meteorológica - Centro;2025-02-24 06:53:51;0;0;;Validado Manual;;;
MVD:WeatherObserved:00006;Estación Meteorológica - Centro;2025-02-24 06:58:51;0;0;;Validado Manual;;;
MVD:WeatherObserved:00006;Estación Meteorológica - Centro;2025-02-24 07:03:51;0;0;;Validado Manual;;;
MVD:WeatherObserved:00006;Estación Meteorológica - Centro;2025-02-24 07:13:51;0;0;;Validado Manual;;;
MVD:WeatherObserved:00006;Estación Meteorológica - Centro;2025-02-24 07:18:51;0;0;;Validado Manual;;;
MVD:WeatherObserved:00006;Estación Meteorológica - Centro;2025-02-24 07:23:51;0;0;;Validado Manual;;;
MVD:WeatherObserved:00006;Estación Meteorológica - Centro;2025-02-24 07:28:51;0;0;;Validado Manual;;;
MVD:WeatherObserved:00006;Estación Meteorológica - Centro;2025-02-24 07:33:52;0;0;;Validado Manual;;;
MVD:WeatherObserved:00006;Estación Meteorológica - Centro;2025-02-24 07:38:52;0;0;;Validado Manual;;;
MVD:WeatherObserved:00006;Estación Meteorológica - Centro;2025-02-24 07:43:52;0;0;;Validado Manual;;;
MVD:WeatherObserved:00006;Estación Meteorológica - Centro;2025-02-24 07:48:52;0;0;;Validado Manual;;;
MVD:WeatherObserved:00006;Estación Meteorológica - Centro;2025-02-24 07:53:52;0;0;;Validado Manual;;;
MVD:WeatherObserved:00006;Estación Meteorológica - Centro;2025-02-24 07:58:52;0;0;;Validado Manual;;;
MVD:WeatherObserved:00006;Estación Meteorológica - Centro;2025-02-24 08:03:52;0;0;;Validado Manual;;;
MVD:WeatherObserved:00006;Estación Meteorológica - Centro;2025-02-24 08:08:52;0;0;;Validado Manual;;;
MVD:WeatherObserved:00006;Estación Meteorológica - Centro;2025-02-24 08:13:52;0;0;;Validado Manual;;;
MVD:WeatherObserved:00006;Estación Meteorológica - Centro;2025-02-24 08:18:52;0;0;;Validado Manual;;;
MVD:WeatherObserved:00006;Estación Meteorológica - Centro;2025-02-24 08:23:52;0;0;;Validado Manual;;;
MVD:WeatherObserved:00006;Estación Meteorológica - Centro;2025-02-24 08:28:52;0;0;;Validado Manual;;;
MVD:WeatherObserved:00006;Estación Meteorológica - Centro;2025-02-24 08:33:52;0;0;;Validado Manual;;;
MVD:WeatherObserved:00006;Estación Meteorológica - Centro;2025-02-24 08:38:53;0;0;;Validado Manual;;;
MVD:WeatherObserved:00006;Estación Meteorológica - Centro;2025-02-24 08:43:53;0;0;;Validado Manual;;;
MVD:WeatherObserved:00006;Estación Meteorológica - Centro;2025-02-24 08:48:53;0;0;;Validado Manual;;;
MVD:WeatherObserved:00006;Estación Meteorológica - Centro;2025-02-24 08:53:53;0;0;;Validado Manual;;;
MVD:WeatherObserved:00006;Estación Meteorológica - Centro;2025-02-24 08:58:53;0;0;;Validado Manual;;;
MVD:WeatherObserved:00006;Estación Meteorológica - Centro;2025-02-24 09:03:53;0;0;;Validado Manual;;;
MVD:WeatherObserved:00006;Estación Meteorológica - Centro;2025-02-24 09:08:53;0;0;;Validado Manual;;;
MVD:WeatherObserved:00006;Estación Meteorológica - Centro;2025-02-24 09:13:53;0;0;;Validado Manual;;;
MVD:WeatherObserved:00006;Estación Meteorológica - Centro;2025-02-24 09:18:53;0;0;;Validado Manual;;;
MVD:WeatherObserved:00006;Estación Meteorológica - Centro;2025-02-24 09:23:53;0;0;;Validado Manual;;;
MVD:WeatherObserved:00006;Estación Meteorológica - Centro;2025-02-24 09:28:53;0;0;;Validado Manual;;;
MVD:WeatherObserved:00006;Estación Meteorológica - Centro;2025-02-24 09:33:53;0;0;;Validado Manual;;;
MVD:WeatherObserved:00006;Estación Meteorológica - Centro;2025-02-24 09:38:53;0;0;;Validado Manual;;;
MVD:WeatherObserved:00006;Estación Meteorológica - Centro;2025-02-24 09:43:53;0;0;;Validado Manual;;;
MVD:WeatherObserved:00006;Estación Meteorológica - Centro;2025-02-24 09:48:53;0;0;;Validado Manual;;;
MVD:WeatherObserved:00006;Estación Meteorológica - Centro;2025-02-24 09:53:53;0;0;;Validado Manual;;;
MVD:WeatherObserved:00006;Estación Meteorológica - Centro;2025-02-24 09:58:54;0;0;;Validado Manual;;;
MVD:WeatherObserved:00006;Estación Meteorológica - Centro;2025-02-24 10:03:54;0;0;;Validado Manual;;;
MVD:WeatherObserved:00006;Estación Meteorológica - Centro;2025-02-24 10:08:54;0;0;;Validado Manual;;;
MVD:WeatherObserved:00006;Estación Meteorológica - Centro;2025-02-24 10:13:54;0;0;;Validado Manual;;;
MVD:WeatherObserved:00006;Estación Meteorológica - Centro;2025-02-24 10:18:54;0;0;;Validado Manual;;;
MVD:WeatherObserved:00006;Estación Meteorológica - Centro;2025-02-24 10:23:54;0;0;;Validado Manual;;;
MVD:WeatherObserved:00006;Estación Meteorológica - Centro;2025-02-24 10:28:54;0;0;;Validado Manual;;;
MVD:WeatherObserved:00006;Estación Meteorológica - Centro;2025-02-24 10:33:54;0;0;;Validado Manual;;;
MVD:WeatherObserved:00006;Estación Meteorológica - Centro;2025-02-24 10:38:54;0;0;;Validado Manual;;;
MVD:WeatherObserved:00006;Estación Meteorológica - Centro;2025-02-24 10:43:54;0;0;;Validado Manual;;;
MVD:WeatherObserved:00006;Estación Meteorológica - Centro;2025-02-24 10:48:54;0;0;;Validado Manual;;;
MVD:WeatherObserved:00006;Estación Meteorológica - Centro;2025-02-24 10:53:54;0;0;;Validado Manual;;;
MVD:WeatherObserved:00006;Estación Meteorológica - Centro;2025-02-24 10:58:55;0;0;;Validado Manual;;;
MVD:WeatherObserved:00006;Estación Meteorológica - Centro;2025-02-24 11:03:55;0;0;;Validado Manual;;;
MVD:WeatherObserved:00006;Estación Meteorológica - Centro;2025-02-24 11:08:55;0;0;;Validado Manual;;;
MVD:WeatherObserved:00006;Estación Meteorológica - Centro;2025-02-24 11:13:55;0;0;;Validado Manual;;;
MVD:WeatherObserved:00006;Estación Meteorológica - Centro;2025-02-24 11:18:55;0;0;;Validado Manual;;;
MVD:WeatherObserved:00006;Estación Meteorológica - Centro;2025-02-24 11:23:55;0;0;;Validado Manual;;;
MVD:WeatherObserved:00006;Estación Meteorológica - Centro;2025-02-24 11:28:55;0;0;;Validado Manual;;;
MVD:WeatherObserved:00006;Estación Meteorológica - Centro;2025-02-24 11:33:55;0;0;;Validado Manual;;;
MVD:WeatherObserved:00006;Estación Meteorológica - Centro;2025-02-24 11:38:55;0;0;;Validado Manual;;;
MVD:WeatherObserved:00006;Estación Meteorológica - Centro;2025-02-24 11:43:55;0;0;;Validado Manual;;;
MVD:WeatherObserved:00006;Estación Meteorológica - Centro;2025-02-24 11:48:55;0;0;;Validado Manual;;;
MVD:WeatherObserved:00006;Estación Meteorológica - Centro;2025-02-24 11:53:55;0;0;;Validado Manual;;;
MVD:WeatherObserved:00006;Estación Meteorológica - Centro;2025-02-24 11:58:55;0;0;;Validado Manual;;;
MVD:WeatherObserved:00006;Estación Meteorológica - Centro;2025-02-24 12:03:56;0;0;;Validado Manual;;;
MVD:WeatherObserved:00006;Estación Meteorológica - Centro;2025-02-24 12:08:56;0;0;;Validado Manual;;;
MVD:WeatherObserved:00006;Estación Meteorológica - Centro;2025-02-24 12:13:56;0;0;;Validado Manual;;;
MVD:WeatherObserved:00006;Estación Meteorológica - Centro;2025-02-24 12:18:56;0;0;;Validado Manual;;;
MVD:WeatherObserved:00006;Estación Meteorológica - Centro;2025-02-24 12:23:56;0;0;;Validado Manual;;;
MVD:WeatherObserved:00006;Estación Meteorológica - Centro;2025-02-24 12:28:56;0;0;;Validado Manual;;;
MVD:WeatherObserved:00006;Estación Meteorológica - Centro;2025-02-24 12:33:56;0;0;;Validado Manual;;;
MVD:WeatherObserved:00006;Estación Meteorológica - Centro;2025-02-24 12:38:56;0;0;;Validado Manual;;;
MVD:WeatherObserved:00006;Estación Meteorológica - Centro;2025-02-24 12:43:56;0;0;;Validado Manual;;;
MVD:WeatherObserved:00006;Estación Meteorológica - Centro;2025-02-24 12:48:56;0;0;;Validado Manual;;;
MVD:WeatherObserved:00006;Estación Meteorológica - Centro;2025-02-24 12:53:56;0;0;;Validado Manual;;;
MVD:WeatherObserved:00006;Estación Meteorológica - Centro;2025-02-24 12:58:56;0;0;;Validado Manual;;;
MVD:WeatherObserved:00006;Estación Meteorológica - Centro;2025-02-24 13:03:56;0;0;;Validado Manual;;;
MVD:WeatherObserved:00006;Estación Meteorológica - Centro;2025-02-24 13:08:56;0;0;;Validado Manual;;;
MVD:WeatherObserved:00006;Estación Meteorológica - Centro;2025-02-24 13:13:56;0;0;;Validado Manual;;;
MVD:WeatherObserved:00006;Estación Meteorológica - Centro;2025-02-24 13:18:57;0;0;;Validado Manual;;;
MVD:WeatherObserved:00006;Estación Meteorológica - Centro;2025-02-24 13:23:57;0;0;;Validado Manual;;;
MVD:WeatherObserved:00006;Estación Meteorológica - Centro;2025-02-24 13:28:57;0;0;;Validado Manual;;;
MVD:WeatherObserved:00006;Estación Meteorológica - Centro;2025-02-24 13:33:57;0;0;;Validado Manual;;;
MVD:WeatherObserved:00006;Estación Meteorológica - Centro;2025-02-24 13:38:57;0;0;;Validado Manual;;;
MVD:WeatherObserved:00006;Estación Meteorológica - Centro;2025-02-24 13:43:57;0;0;;Validado Manual;;;
MVD:WeatherObserved:00006;Estación Meteorológica - Centro;2025-02-24 13:48:57;0;0;;Validado Manual;;;
MVD:WeatherObserved:00006;Estación Meteorológica - Centro;2025-02-24 13:53:57;0;0;;Validado Manual;;;
MVD:WeatherObserved:00006;Estación Meteorológica - Centro;2025-02-24 13:58:57;0;0;;Validado Manual;;;
MVD:WeatherObserved:00006;Estación Meteorológica - Centro;2025-02-24 14:03:57;0;0;;Validado Manual;;;
MVD:WeatherObserved:00006;Estación Meteorológica - Centro;2025-02-24 14:08:57;0;0;;Validado Manual;;;
MVD:WeatherObserved:00006;Estación Meteorológica - Centro;2025-02-24 14:13:57;0;0;;Validado Manual;;;
MVD:WeatherObserved:00006;Estación Meteorológica - Centro;2025-02-24 14:18:57;0;0;;Validado Manual;;;
MVD:WeatherObserved:00006;Estación Meteorológica - Centro;2025-02-24 14:23:57;0;0;;Validado Manual;;;
MVD:WeatherObserved:00006;Estación Meteorológica - Centro;2025-02-24 14:28:57;0;0;;Validado Manual;;;
MVD:WeatherObserved:00006;Estación Meteorológica - Centro;2025-02-24 14:33:58;0;0;;Validado Manual;;;
MVD:WeatherObserved:00006;Estación Meteorológica - Centro;2025-02-24 14:38:58;0;0;;Validado Manual;;;
MVD:WeatherObserved:00006;Estación Meteorológica - Centro;2025-02-24 14:43:58;0;0;;Validado Manual;;;
MVD:WeatherObserved:00006;Estación Meteorológica - Centro;2025-02-24 14:48:58;0;0;;Validado Manual;;;
MVD:WeatherObserved:00006;Estación Meteorológica - Centro;2025-02-24 14:53:58;0;0;;Validado Manual;;;
MVD:WeatherObserved:00006;Estación Meteorológica - Centro;2025-02-24 14:58:58;0;0;;Validado Manual;;;
MVD:WeatherObserved:00006;Estación Meteorológica - Centro;2025-02-24 15:03:58;0;0;;Validado Manual;;;
MVD:WeatherObserved:00006;Estación Meteorológica - Centro;2025-02-24 15:08:58;0;0;;Validado Manual;;;
MVD:WeatherObserved:00006;Estación Meteorológica - Centro;2025-02-24 15:13:58;0;0;;Validado Manual;;;
MVD:WeatherObserved:00006;Estación Meteorológica - Centro;2025-02-24 15:18:58;0;0;;Validado Manual;;;
MVD:WeatherObserved:00006;Estación Meteorológica - Centro;2025-02-24 15:23:58;0;0;;Validado Manual;;;
MVD:WeatherObserved:00006;Estación Meteorológica - Centro;2025-02-24 15:28:58;0;0;;Validado Manual;;;
MVD:WeatherObserved:00006;Estación Meteorológica - Centro;2025-02-24 15:33:58;0;0;;Validado Manual;;;
MVD:WeatherObserved:00006;Estación Meteorológica - Centro;2025-02-24 15:38:58;0;0;;Validado Manual;;;
MVD:WeatherObserved:00006;Estación Meteorológica - Centro;2025-02-24 15:43:58;0;0;;Validado Manual;;;
MVD:WeatherObserved:00006;Estación Meteorológica - Centro;2025-02-24 15:48:58;0;0;;Validado Manual;;;
MVD:WeatherObserved:00006;Estación Meteorológica - Centro;2025-02-24 15:53:59;0;0;;Validado Manual;;;
MVD:WeatherObserved:00006;Estación Meteorológica - Centro;2025-02-24 15:58:59;0;0;;Validado Manual;;;
MVD:WeatherObserved:00006;Estación Meteorológica - Centro;2025-02-24 16:03:59;0;0;;Validado Manual;;;
MVD:WeatherObserved:00006;Estación Meteorológica - Centro;2025-02-24 16:08:59;0;0;;Validado Manual;;;
MVD:WeatherObserved:00006;Estación Meteorológica - Centro;2025-02-24 16:13:59;0;0;;Validado Manual;;;
MVD:WeatherObserved:00006;Estación Meteorológica - Centro;2025-02-24 16:18:59;0;0;;Validado Manual;;;
MVD:WeatherObserved:00006;Estación Meteorológica - Centro;2025-02-24 16:23:59;0;0;;Validado Manual;;;
MVD:WeatherObserved:00006;Estación Meteorológica - Centro;2025-02-24 16:28:59;0;0;;Validado Manual;;;
MVD:WeatherObserved:00006;Estación Meteorológica - Centro;2025-02-24 16:33:59;0;0;;Validado Manual;;;
MVD:WeatherObserved:00006;Estación Meteorológica - Centro;2025-02-24 16:38:59;0;0;;Validado Manual;;;
MVD:WeatherObserved:00006;Estación Meteorológica - Centro;2025-02-24 16:43:59;0;0;;Validado Manual;;;
MVD:WeatherObserved:00006;Estación Meteorológica - Centro;2025-02-24 16:48:59;0;0;;Validado Manual;;;
MVD:WeatherObserved:00006;Estación Meteorológica - Centro;2025-02-24 16:53:59;0;0;;Validado Manual;;;
MVD:WeatherObserved:00006;Estación Meteorológica - Centro;2025-02-24 16:58:59;0;0;;Validado Manual;;;
MVD:WeatherObserved:00006;Estación Meteorológica - Centro;2025-02-24 17:03:59;0;0;;Validado Manual;;;
MVD:WeatherObserved:00006;Estación Meteorológica - Centro;2025-02-24 17:08:59;0;0;;Validado Manual;;;
MVD:WeatherObserved:00006;Estación Meteorológica - Centro;2025-02-24 17:13:59;0;0;;Validado Manual;;;
MVD:WeatherObserved:00006;Estación Meteorológica - Centro;2025-02-24 17:18:59;0;0;;Validado Manual;;;
MVD:WeatherObserved:00006;Estación Meteorológica - Centro;2025-02-24 17:23:59;0;0;;Validado Manual;;;
MVD:WeatherObserved:00006;Estación Meteorológica - Centro;2025-02-24 17:29:00;0;0;;Validado Manual;;;
MVD:WeatherObserved:00006;Estación Meteorológica - Centro;2025-02-24 17:34:00;0;0;;Validado Manual;;;
MVD:WeatherObserved:00006;Estación Meteorológica - Centro;2025-02-24 17:39:00;0;0;;Validado Manual;;;
MVD:WeatherObserved:00006;Estación Meteorológica - Centro;2025-02-24 17:44:00;0;0;;Validado Manual;;;
MVD:WeatherObserved:00006;Estación Meteorológica - Centro;2025-02-24 17:49:00;0;0;;Validado Manual;;;
MVD:WeatherObserved:00006;Estación Meteorológica - Centro;2025-02-24 17:54:00;0;0;;Validado Manual;;;
MVD:WeatherObserved:00006;Estación Meteorológica - Centro;2025-02-24 17:59:01;0;0;;Validado Manual;;;
MVD:WeatherObserved:00006;Estación Meteorológica - Centro;2025-02-24 18:04:00;0;0;;Validado Manual;;;
MVD:WeatherObserved:00006;Estación Meteorológica - Centro;2025-02-24 18:09:00;0;0;;Validado Manual;;;
MVD:WeatherObserved:00006;Estación Meteorológica - Centro;2025-02-24 18:14:00;0;0;;Validado Manual;;;
MVD:WeatherObserved:00006;Estación Meteorológica - Centro;2025-02-24 18:19:00;0;0;;Validado Manual;;;
MVD:WeatherObserved:00006;Estación Meteorológica - Centro;2025-02-24 18:24:00;0;0;;Validado Manual;;;
MVD:WeatherObserved:00006;Estación Meteorológica - Centro;2025-02-24 18:29:00;0;0;;Validado Manual;;;
MVD:WeatherObserved:00006;Estación Meteorológica - Centro;2025-02-24 18:34:00;0;0;;Validado Manual;;;
MVD:WeatherObserved:00006;Estación Meteorológica - Centro;2025-02-24 18:39:01;0;0;;Validado Manual;;;
MVD:WeatherObserved:00006;Estación Meteorológica - Centro;2025-02-24 18:44:01;0;0;;Validado Manual;;;
MVD:WeatherObserved:00006;Estación Meteorológica - Centro;2025-02-24 18:49:01;0;0;;Validado Manual;;;
MVD:WeatherObserved:00006;Estación Meteorológica - Centro;2025-02-24 18:54:01;0;0;;Validado Manual;;;
MVD:WeatherObserved:00006;Estación Meteorológica - Centro;2025-02-24 18:59:01;0;0;;Validado Manual;;;
MVD:WeatherObserved:00006;Estación Meteorológica - Centro;2025-02-24 19:04:01;0;0;;Validado Manual;;;
MVD:WeatherObserved:00006;Estación Meteorológica - Centro;2025-02-24 19:09:01;0;0;;Validado Manual;;;
MVD:WeatherObserved:00006;Estación Meteorológica - Centro;2025-02-24 19:14:01;0;0;;Validado Manual;;;
MVD:WeatherObserved:00006;Estación Meteorológica - Centro;2025-02-24 19:19:01;0;0;;Validado Manual;;;
MVD:WeatherObserved:00006;Estación Meteorológica - Centro;2025-02-24 19:24:01;0;0;;Validado Manual;;;
MVD:WeatherObserved:00006;Estación Meteorológica - Centro;2025-02-24 19:29:01;0;0;;Validado Manual;;;
MVD:WeatherObserved:00006;Estación Meteorológica - Centro;2025-02-24 19:34:01;0;0;;Validado Manual;;;
MVD:WeatherObserved:00006;Estación Meteorológica - Centro;2025-02-24 19:39:01;0;0;;Validado Manual;;;
MVD:WeatherObserved:00006;Estación Meteorológica - Centro;2025-02-24 19:44:01;0;0;;Validado Manual;;;
MVD:WeatherObserved:00006;Estación Meteorológica - Centro;2025-02-24 19:49:02;0;0;;Validado Manual;;;
MVD:WeatherObserved:00006;Estación Meteorológica - Centro;2025-02-24 19:54:02;0;0;;Validado Manual;;;
MVD:WeatherObserved:00006;Estación Meteorológica - Centro;2025-02-24 19:59:02;0;0;;Validado Manual;;;
MVD:WeatherObserved:00006;Estación Meteorológica - Centro;2025-02-24 20:04:02;0;0;;Validado Manual;;;
MVD:WeatherObserved:00006;Estación Meteorológica - Centro;2025-02-24 20:09:02;0;0;;Validado Manual;;;
MVD:WeatherObserved:00006;Estación Meteorológica - Centro;2025-02-24 20:14:02;0;0;;Validado Manual;;;
MVD:WeatherObserved:00006;Estación Meteorológica - Centro;2025-02-24 20:19:02;0;0;;Validado Manual;;;
MVD:WeatherObserved:00006;Estación Meteorológica - Centro;2025-02-24 20:24:02;0;0;;Validado Manual;;;
MVD:WeatherObserved:00006;Estación Meteorológica - Centro;2025-02-24 20:29:02;0;0;;Validado Manual;;;
MVD:WeatherObserved:00006;Estación Meteorológica - Centro;2025-02-24 20:34:02;0;0;;Validado Manual;;;
MVD:WeatherObserved:00006;Estación Meteorológica - Centro;2025-02-24 20:39:02;0;0;;Validado Manual;;;
MVD:WeatherObserved:00006;Estación Meteorológica - Centro;2025-02-24 20:44:02;0;0;;Validado Manual;;;
MVD:WeatherObserved:00006;Estación Meteorológica - Centro;2025-02-24 20:49:02;0;0;;Validado Manual;;;
MVD:WeatherObserved:00006;Estación Meteorológica - Centro;2025-02-24 20:54:03;0;0;;Validado Manual;;;
MVD:WeatherObserved:00006;Estación Meteorológica - Centro;2025-02-24 20:59:03;0;0;;Validado Manual;;;
MVD:WeatherObserved:00006;Estación Meteorológica - Centro;2025-02-24 21:04:03;0;0;;Validado Manual;;;
MVD:WeatherObserved:00006;Estación Meteorológica - Centro;2025-02-24 21:09:03;0;0;;Validado Manual;;;
MVD:WeatherObserved:00006;Estación Meteorológica - Centro;2025-02-24 21:14:03;0;0;;Validado Manual;;;
MVD:WeatherObserved:00006;Estación Meteorológica - Centro;2025-02-24 21:19:03;0;0;;Validado Manual;;;
MVD:WeatherObserved:00006;Estación Meteorológica - Centro;2025-02-24 21:24:03;0;0;;Validado Manual;;;
MVD:WeatherObserved:00006;Estación Meteorológica - Centro;2025-02-24 21:29:03;0;0;;Validado Manual;;;
MVD:WeatherObserved:00006;Estación Meteorológica - Centro;2025-02-24 21:34:03;0;0;;Validado Manual;;;
MVD:WeatherObserved:00006;Estación Meteorológica - Centro;2025-02-24 21:39:03;0;0;;Validado Manual;;;
MVD:WeatherObserved:00006;Estación Meteorológica - Centro;2025-02-24 21:44:03;0;0;;Validado Manual;;;
MVD:WeatherObserved:00006;Estación Meteorológica - Centro;2025-02-24 21:49:03;0;0;;Validado Manual;;;
MVD:WeatherObserved:00006;Estación Meteorológica - Centro;2025-02-24 21:54:03;0;0;;Validado Manual;;;
MVD:WeatherObserved:00006;Estación Meteorológica - Centro;2025-02-24 21:59:03;0;0;;Validado Manual;;;
MVD:WeatherObserved:00006;Estación Meteorológica - Centro;2025-02-24 22:04:04;0;0;;Validado Manual;;;
MVD:WeatherObserved:00006;Estación Meteorológica - Centro;2025-02-24 22:09:04;0;0;;Validado Manual;;;
MVD:WeatherObserved:00006;Estación Meteorológica - Centro;2025-02-24 22:14:04;0;0;;Validado Manual;;;
MVD:WeatherObserved:00006;Estación Meteorológica - Centro;2025-02-24 22:19:04;0;0;;Validado Manual;;;
MVD:WeatherObserved:00006;Estación Meteorológica - Centro;2025-02-24 22:24:04;0;0;;Validado Manual;;;
MVD:WeatherObserved:00006;Estación Meteorológica - Centro;2025-02-24 22:29:04;0;0;;Validado Manual;;;
MVD:WeatherObserved:00006;Estación Meteorológica - Centro;2025-02-24 22:34:04;0;0;;Validado Manual;;;
MVD:WeatherObserved:00006;Estación Meteorológica - Centro;2025-02-24 22:39:04;0;0;;Validado Manual;;;
MVD:WeatherObserved:00006;Estación Meteorológica - Centro;2025-02-24 22:44:04;0;0;;Validado Manual;;;
MVD:WeatherObserved:00006;Estación Meteorológica - Centro;2025-02-24 22:49:04;0;0;;Validado Manual;;;
MVD:WeatherObserved:00006;Estación Meteorológica - Centro;2025-02-24 22:54:04;0;0;;Validado Manual;;;
MVD:WeatherObserved:00006;Estación Meteorológica - Centro;2025-02-24 22:59:04;0;0;;Validado Manual;;;
MVD:WeatherObserved:00006;Estación Meteorológica - Centro;2025-02-24 23:04:04;0;0;;Validado Manual;;;
MVD:WeatherObserved:00006;Estación Meteorológica - Centro;2025-02-24 23:09:04;0;0;;Validado Manual;;;
MVD:WeatherObserved:00006;Estación Meteorológica - Centro;2025-02-24 23:14:05;0;0;;Validado Manual;;;
MVD:WeatherObserved:00006;Estación Meteorológica - Centro;2025-02-24 23:19:05;0;0;;Validado Manual;;;
MVD:WeatherObserved:00006;Estación Meteorológica - Centro;2025-02-24 23:24:05;0;0;;Validado Manual;;;
MVD:WeatherObserved:00006;Estación Meteorológica - Centro;2025-02-24 23:29:05;0;0;;Validado Manual;;;
MVD:WeatherObserved:00006;Estación Meteorológica - Centro;2025-02-24 23:34:05;0;0;;Validado Manual;;;
MVD:WeatherObserved:00006;Estación Meteorológica - Centro;2025-02-24 23:39:05;0;0;;Validado Manual;;;
MVD:WeatherObserved:00006;Estación Meteorológica - Centro;2025-02-24 23:44:05;0;0;;Validado Manual;;;
MVD:WeatherObserved:00006;Estación Meteorológica - Centro;2025-02-24 23:49:05;0;0;;Validado Manual;;;
MVD:WeatherObserved:00006;Estación Meteorológica - Centro;2025-02-24 23:54:05;0;0;;Validado Manual;;;
MVD:WeatherObserved:00006;Estación Meteorológica - Centro;2025-02-24 23:59:05;0;0;;Validado Manual;;;
MVD:WeatherObserved:00006;Estación Meteorológica - Centro;2025-02-25 00:04:05;0;0;;Validado Manual;;;
MVD:WeatherObserved:00006;Estación Meteorológica - Centro;2025-02-25 00:09:05;0;0;;Validado Manual;;;
MVD:WeatherObserved:00006;Estación Meteorológica - Centro;2025-02-25 00:14:05;0;0;;Validado Manual;;;
MVD:WeatherObserved:00006;Estación Meteorológica - Centro;2025-02-25 00:19:05;0;0;;Validado Manual;;;
MVD:WeatherObserved:00006;Estación Meteorológica - Centro;2025-02-25 00:24:06;0;0;;Validado Manual;;;
MVD:WeatherObserved:00006;Estación Meteorológica - Centro;2025-02-25 00:29:06;0;0;;Validado Manual;;;
MVD:WeatherObserved:00006;Estación Meteorológica - Centro;2025-02-25 00:34:06;0;0;;Validado Manual;;;
MVD:WeatherObserved:00006;Estación Meteorológica - Centro;2025-02-25 00:39:06;0;0;;Validado Manual;;;
MVD:WeatherObserved:00006;Estación Meteorológica - Centro;2025-02-25 00:44:06;0;0;;Validado Manual;;;
MVD:WeatherObserved:00006;Estación Meteorológica - Centro;2025-02-25 00:49:06;0;0;;Validado Manual;;;
MVD:WeatherObserved:00006;Estación Meteorológica - Centro;2025-02-25 00:54:06;0;0;;Validado Manual;;;
MVD:WeatherObserved:00006;Estación Meteorológica - Centro;2025-02-25 00:59:06;0;0;;Validado Manual;;;
MVD:WeatherObserved:00006;Estación Meteorológica - Centro;2025-02-25 01:04:06;0;0;;Validado Manual;;;
MVD:WeatherObserved:00006;Estación Meteorológica - Centro;2025-02-25 01:09:06;0;0;;Validado Manual;;;
MVD:WeatherObserved:00006;Estación Meteorológica - Centro;2025-02-25 01:14:06;0;0;;Validado Manual;;;
MVD:WeatherObserved:00006;Estación Meteorológica - Centro;2025-02-25 01:19:06;0;0;;Validado Manual;;;
MVD:WeatherObserved:00006;Estación Meteorológica - Centro;2025-02-25 01:24:06;0;0;;Validado Manual;;;
MVD:WeatherObserved:00006;Estación Meteorológica - Centro;2025-02-25 01:29:06;0;0;;Validado Manual;;;
MVD:WeatherObserved:00006;Estación Meteorológica - Centro;2025-02-25 01:34:06;0;0;;Validado Manual;;;
MVD:WeatherObserved:00006;Estación Meteorológica - Centro;2025-02-25 01:39:06;0;0;;Validado Manual;;;
MVD:WeatherObserved:00006;Estación Meteorológica - Centro;2025-02-25 01:44:06;0;0;;Validado Manual;;;
MVD:WeatherObserved:00006;Estación Meteorológica - Centro;2025-02-25 01:49:07;0;0;;Validado Manual;;;
MVD:WeatherObserved:00006;Estación Meteorológica - Centro;2025-02-25 01:54:07;0;0;;Validado Manual;;;
MVD:WeatherObserved:00006;Estación Meteorológica - Centro;2025-02-25 01:59:07;0;0;;Validado Manual;;;
MVD:WeatherObserved:00006;Estación Meteorológica - Centro;2025-02-25 02:04:07;0;0;;Validado Manual;;;
MVD:WeatherObserved:00006;Estación Meteorológica - Centro;2025-02-25 02:09:07;0;0;;Validado Manual;;;
MVD:WeatherObserved:00006;Estación Meteorológica - Centro;2025-02-25 02:14:07;0;0;;Validado Manual;;;
MVD:WeatherObserved:00006;Estación Meteorológica - Centro;2025-02-25 02:19:07;0;0;;Validado Manual;;;
MVD:WeatherObserved:00006;Estación Meteorológica - Centro;2025-02-25 02:24:07;0;0;;Validado Manual;;;
MVD:WeatherObserved:00006;Estación Meteorológica - Centro;2025-02-25 02:29:07;0;0;;Validado Manual;;;
MVD:WeatherObserved:00006;Estación Meteorológica - Centro;2025-02-25 02:34:07;0;0;;Validado Manual;;;
MVD:WeatherObserved:00006;Estación Meteorológica - Centro;2025-02-25 02:39:07;0;0;;Validado Manual;;;
MVD:WeatherObserved:00006;Estación Meteorológica - Centro;2025-02-25 02:44:07;0;0;;Validado Manual;;;
MVD:WeatherObserved:00006;Estación Meteorológica - Centro;2025-02-25 02:49:07;0;0;;Validado Manual;;;
MVD:WeatherObserved:00006;Estación Meteorológica - Centro;2025-02-25 02:54:07;0;0;;Validado Manual;;;
MVD:WeatherObserved:00006;Estación Meteorológica - Centro;2025-02-25 02:59:07;0;0;;Validado Manual;;;
MVD:WeatherObserved:00006;Estación Meteorológica - Centro;2025-02-25 03:04:08;0;0;;Validado Manual;;;
MVD:WeatherObserved:00006;Estación Meteorológica - Centro;2025-02-25 03:09:08;0;0;;Validado Manual;;;
MVD:WeatherObserved:00006;Estación Meteorológica - Centro;2025-02-25 03:14:08;0;0;;Validado Manual;;;
MVD:WeatherObserved:00006;Estación Meteorológica - Centro;2025-02-25 03:19:08;0;0;;Validado Manual;;;
MVD:WeatherObserved:00006;Estación Meteorológica - Centro;2025-02-25 03:24:08;0;0;;Validado Manual;;;
MVD:WeatherObserved:00006;Estación Meteorológica - Centro;2025-02-25 03:29:08;0;0;;Validado Manual;;;
MVD:WeatherObserved:00006;Estación Meteorológica - Centro;2025-02-25 03:34:09;0;0;;Validado Manual;;;
MVD:WeatherObserved:00006;Estación Meteorológica - Centro;2025-02-25 03:39:08;0;0;;Validado Manual;;;
MVD:WeatherObserved:00006;Estación Meteorológica - Centro;2025-02-25 03:44:08;0;0;;Validado Manual;;;
MVD:WeatherObserved:00006;Estación Meteorológica - Centro;2025-02-25 03:49:08;0;0;;Validado Manual;;;
MVD:WeatherObserved:00006;Estación Meteorológica - Centro;2025-02-25 03:54:08;0;0;;Validado Manual;;;
MVD:WeatherObserved:00006;Estación Meteorológica - Centro;2025-02-25 03:59:08;0;0;;Validado Manual;;;
MVD:WeatherObserved:00006;Estación Meteorológica - Centro;2025-02-25 04:04:08;0;0;;Validado Manual;;;
MVD:WeatherObserved:00006;Estación Meteorológica - Centro;2025-02-25 04:09:08;0;0;;Validado Manual;;;
MVD:WeatherObserved:00006;Estación Meteorológica - Centro;2025-02-25 04:14:08;0;0;;Validado Manual;;;
MVD:WeatherObserved:00006;Estación Meteorológica - Centro;2025-02-25 04:19:09;0;0;;Validado Manual;;;
MVD:WeatherObserved:00006;Estación Meteorológica - Centro;2025-02-25 04:24:09;0;0;;Validado Manual;;;
MVD:WeatherObserved:00006;Estación Meteorológica - Centro;2025-02-25 04:29:09;0;0;;Validado Manual;;;
MVD:WeatherObserved:00006;Estación Meteorológica - Centro;2025-02-25 04:34:09;0;0;;Validado Manual;;;
MVD:WeatherObserved:00006;Estación Meteorológica - Centro;2025-02-25 04:39:09;0;0;;Validado Manual;;;
MVD:WeatherObserved:00006;Estación Meteorológica - Centro;2025-02-25 04:44:09;0;0;;Validado Manual;;;
MVD:WeatherObserved:00006;Estación Meteorológica - Centro;2025-02-25 04:49:09;0;0;;Validado Manual;;;
MVD:WeatherObserved:00006;Estación Meteorológica - Centro;2025-02-25 04:54:09;0;0;;Validado Manual;;;
MVD:WeatherObserved:00006;Estación Meteorológica - Centro;2025-02-25 04:59:09;0;0;;Validado Manual;;;
MVD:WeatherObserved:00006;Estación Meteorológica - Centro;2025-02-25 05:04:09;0;0;;Validado Manual;;;
MVD:WeatherObserved:00006;Estación Meteorológica - Centro;2025-02-25 05:09:09;0;0;;Validado Manual;;;
MVD:WeatherObserved:00006;Estación Meteorológica - Centro;2025-02-25 05:14:09;0;0;;Validado Manual;;;
MVD:WeatherObserved:00006;Estación Meteorológica - Centro;2025-02-25 05:19:09;0;0;;Validado Manual;;;
MVD:WeatherObserved:00006;Estación Meteorológica - Centro;2025-02-25 05:24:09;0;0;;Validado Manual;;;
MVD:WeatherObserved:00006;Estación Meteorológica - Centro;2025-02-25 05:29:09;0;0;;Validado Manual;;;
MVD:WeatherObserved:00006;Estación Meteorológica - Centro;2025-02-25 05:34:09;0;0;;Validado Manual;;;
MVD:WeatherObserved:00006;Estación Meteorológica - Centro;2025-02-25 05:39:09;0;0;;Validado Manual;;;
MVD:WeatherObserved:00006;Estación Meteorológica - Centro;2025-02-25 05:44:10;0;0;;Validado Manual;;;
MVD:WeatherObserved:00006;Estación Meteorológica - Centro;2025-02-25 05:49:10;0;0;;Validado Manual;;;
MVD:WeatherObserved:00006;Estación Meteorológica - Centro;2025-02-25 05:54:10;0;0;;Validado Manual;;;
MVD:WeatherObserved:00006;Estación Meteorológica - Centro;2025-02-25 05:59:10;0;0;;Validado Manual;;;
MVD:WeatherObserved:00006;Estación Meteorológica - Centro;2025-02-25 06:04:10;0;0;;Validado Manual;;;
MVD:WeatherObserved:00006;Estación Meteorológica - Centro;2025-02-25 06:09:10;0;0;;Validado Manual;;;
MVD:WeatherObserved:00006;Estación Meteorológica - Centro;2025-02-25 06:14:10;0;0;;Validado Manual;;;
MVD:WeatherObserved:00006;Estación Meteorológica - Centro;2025-02-25 06:19:10;0;0;;Validado Manual;;;
MVD:WeatherObserved:00006;Estación Meteorológica - Centro;2025-02-25 06:24:10;0;0;;Validado Manual;;;
MVD:WeatherObserved:00006;Estación Meteorológica - Centro;2025-02-25 06:29:10;0;0;;Validado Manual;;;
MVD:WeatherObserved:00006;Estación Meteorológica - Centro;2025-02-25 06:34:10;0;0;;Validado Manual;;;
MVD:WeatherObserved:00006;Estación Meteorológica - Centro;2025-02-25 06:39:10;0;0;;Validado Manual;;;
MVD:WeatherObserved:00006;Estación Meteorológica - Centro;2025-02-25 06:44:11;0;0;;Validado Manual;;;
MVD:WeatherObserved:00006;Estación Meteorológica - Centro;2025-02-25 06:49:11;0;0;;Validado Manual;;;
MVD:WeatherObserved:00006;Estación Meteorológica - Centro;2025-02-25 06:54:11;0;0;;Validado Manual;;;
MVD:WeatherObserved:00006;Estación Meteorológica - Centro;2025-02-25 06:59:11;0;0;;Validado Manual;;;
MVD:WeatherObserved:00006;Estación Meteorológica - Centro;2025-02-25 07:04:11;0;0;;Validado Manual;;;
MVD:WeatherObserved:00006;Estación Meteorológica - Centro;2025-02-25 07:09:11;0;0;;Validado Manual;;;
MVD:WeatherObserved:00006;Estación Meteorológica - Centro;2025-02-25 07:14:11;0;0;;Validado Manual;;;
MVD:WeatherObserved:00006;Estación Meteorológica - Centro;2025-02-25 07:19:11;0;0;;Validado Manual;;;
MVD:WeatherObserved:00006;Estación Meteorológica - Centro;2025-02-25 07:24:11;0;0;;Validado Manual;;;
MVD:WeatherObserved:00006;Estación Meteorológica - Centro;2025-02-25 07:29:11;0;0;;Validado Manual;;;
MVD:WeatherObserved:00006;Estación Meteorológica - Centro;2025-02-25 07:34:11;0;0;;Validado Manual;;;
MVD:WeatherObserved:00006;Estación Meteorológica - Centro;2025-02-25 07:39:11;0;0;;Validado Manual;;;
MVD:WeatherObserved:00006;Estación Meteorológica - Centro;2025-02-25 07:44:11;0;0;;Validado Manual;;;
MVD:WeatherObserved:00006;Estación Meteorológica - Centro;2025-02-25 07:49:11;0;0;;Validado Manual;;;
MVD:WeatherObserved:00006;Estación Meteorológica - Centro;2025-02-25 07:54:11;0;0;;Validado Manual;;;
MVD:WeatherObserved:00006;Estación Meteorológica - Centro;2025-02-25 07:59:12;0;0;;Validado Manual;;;
MVD:WeatherObserved:00006;Estación Meteorológica - Centro;2025-02-25 08:04:12;0;0;;Validado Manual;;;
MVD:WeatherObserved:00006;Estación Meteorológica - Centro;2025-02-25 08:09:12;0;0;;Validado Manual;;;
MVD:WeatherObserved:00006;Estación Meteorológica - Centro;2025-02-25 08:14:12;0;0;;Validado Manual;;;
MVD:WeatherObserved:00006;Estación Meteorológica - Centro;2025-02-25 08:19:12;0;0;;Validado Manual;;;
MVD:WeatherObserved:00006;Estación Meteorológica - Centro;2025-02-25 08:24:12;0;0;;Validado Manual;;;
MVD:WeatherObserved:00006;Estación Meteorológica - Centro;2025-02-25 08:29:12;0;0;;Validado Manual;;;
MVD:WeatherObserved:00006;Estación Meteorológica - Centro;2025-02-25 08:34:12;0;0;;Validado Manual;;;
MVD:WeatherObserved:00006;Estación Meteorológica - Centro;2025-02-25 08:39:12;0;0;;Validado Manual;;;
MVD:WeatherObserved:00006;Estación Meteorológica - Centro;2025-02-25 08:44:12;0;0;;Validado Manual;;;
MVD:WeatherObserved:00006;Estación Meteorológica - Centro;2025-02-25 08:49:12;0;0;;Validado Manual;;;
MVD:WeatherObserved:00006;Estación Meteorológica - Centro;2025-02-25 08:54:12;0;0;;Validado Manual;;;
MVD:WeatherObserved:00006;Estación Meteorológica - Centro;2025-02-25 08:59:12;0;0;;Validado Manual;;;
MVD:WeatherObserved:00006;Estación Meteorológica - Centro;2025-02-25 09:04:12;0;0;;Validado Manual;;;
MVD:WeatherObserved:00006;Estación Meteorológica - Centro;2025-02-25 09:09:12;0;0;;Validado Manual;;;
MVD:WeatherObserved:00006;Estación Meteorológica - Centro;2025-02-25 09:14:12;0;0;;Validado Manual;;;
MVD:WeatherObserved:00006;Estación Meteorológica - Centro;2025-02-25 09:19:13;0;0;;Validado Manual;;;
MVD:WeatherObserved:00006;Estación Meteorológica - Centro;2025-02-25 09:24:13;0;0;;Validado Manual;;;
MVD:WeatherObserved:00006;Estación Meteorológica - Centro;2025-02-25 09:29:13;0;0;;Validado Manual;;;
MVD:WeatherObserved:00006;Estación Meteorológica - Centro;2025-02-25 09:34:13;0;0;;Validado Manual;;;
MVD:WeatherObserved:00006;Estación Meteorológica - Centro;2025-02-25 09:39:14;0;0;;Validado Manual;;;
MVD:WeatherObserved:00006;Estación Meteorológica - Centro;2025-02-25 09:44:13;0;0;;Validado Manual;;;
MVD:WeatherObserved:00006;Estación Meteorológica - Centro;2025-02-25 09:49:13;0;0;;Validado Manual;;;
MVD:WeatherObserved:00006;Estación Meteorológica - Centro;2025-02-25 09:54:13;0;0;;Validado Manual;;;
MVD:WeatherObserved:00006;Estación Meteorológica - Centro;2025-02-25 09:59:13;0;0;;Validado Manual;;;
MVD:WeatherObserved:00006;Estación Meteorológica - Centro;2025-02-25 10:04:13;0;0;;Validado Manual;;;
MVD:WeatherObserved:00006;Estación Meteorológica - Centro;2025-02-25 10:09:13;0;0;;Validado Manual;;;
MVD:WeatherObserved:00006;Estación Meteorológica - Centro;2025-02-25 10:14:13;0;0;;Validado Manual;;;
MVD:WeatherObserved:00006;Estación Meteorológica - Centro;2025-02-25 10:19:13;0;0;;Validado Manual;;;
MVD:WeatherObserved:00006;Estación Meteorológica - Centro;2025-02-25 10:24:14;0;0;;Validado Manual;;;
MVD:WeatherObserved:00006;Estación Meteorológica - Centro;2025-02-25 10:29:14;0;0;;Validado Manual;;;
MVD:WeatherObserved:00006;Estación Meteorológica - Centro;2025-02-25 10:34:14;0;0;;Validado Manual;;;
MVD:WeatherObserved:00006;Estación Meteorológica - Centro;2025-02-25 10:39:14;0;0;;Validado Manual;;;
MVD:WeatherObserved:00006;Estación Meteorológica - Centro;2025-02-25 10:44:14;0;0;;Validado Manual;;;
MVD:WeatherObserved:00006;Estación Meteorológica - Centro;2025-02-25 10:49:14;0;0;;Validado Manual;;;
MVD:WeatherObserved:00006;Estación Meteorológica - Centro;2025-02-25 10:54:14;0;0;;Validado Manual;;;
MVD:WeatherObserved:00006;Estación Meteorológica - Centro;2025-02-25 10:59:14;0;0;;Validado Manual;;;
MVD:WeatherObserved:00006;Estación Meteorológica - Centro;2025-02-25 11:04:14;0;0;;Validado Manual;;;
MVD:WeatherObserved:00006;Estación Meteorológica - Centro;2025-02-25 11:09:14;0;0;;Validado Manual;;;
MVD:WeatherObserved:00006;Estación Meteorológica - Centro;2025-02-25 11:14:14;0;0;;Validado Manual;;;
MVD:WeatherObserved:00006;Estación Meteorológica - Centro;2025-02-25 11:19:14;0;0;;Validado Manual;;;
MVD:WeatherObserved:00006;Estación Meteorológica - Centro;2025-02-25 11:24:14;0;0;;Validado Manual;;;
MVD:WeatherObserved:00006;Estación Meteorológica - Centro;2025-02-25 11:29:14;0;0;;Validado Manual;;;
MVD:WeatherObserved:00006;Estación Meteorológica - Centro;2025-02-25 11:34:15;0;0;;Validado Manual;;;
MVD:WeatherObserved:00006;Estación Meteorológica - Centro;2025-02-25 11:39:15;0;0;;Validado Manual;;;
MVD:WeatherObserved:00006;Estación Meteorológica - Centro;2025-02-25 11:44:15;0;0;;Validado Manual;;;
MVD:WeatherObserved:00006;Estación Meteorológica - Centro;2025-02-25 11:49:15;0;0;;Validado Manual;;;
MVD:WeatherObserved:00006;Estación Meteorológica - Centro;2025-02-25 11:54:15;0;0;;Validado Manual;;;
MVD:WeatherObserved:00006;Estación Meteorológica - Centro;2025-02-25 11:59:15;0;0;;Validado Manual;;;
MVD:WeatherObserved:00006;Estación Meteorológica - Centro;2025-02-25 12:04:15;0;0;;Validado Manual;;;
MVD:WeatherObserved:00006;Estación Meteorológica - Centro;2025-02-25 12:09:15;0;0;;Validado Manual;;;
MVD:WeatherObserved:00006;Estación Meteorológica - Centro;2025-02-25 12:14:15;0;0;;Validado Manual;;;
MVD:WeatherObserved:00006;Estación Meteorológica - Centro;2025-02-25 12:19:15;0;0;;Validado Manual;;;
MVD:WeatherObserved:00006;Estación Meteorológica - Centro;2025-02-25 12:24:15;0;0;;Validado Manual;;;
MVD:WeatherObserved:00006;Estación Meteorológica - Centro;2025-02-25 12:29:15;0;0;;Validado Manual;;;
MVD:WeatherObserved:00006;Estación Meteorológica - Centro;2025-02-25 12:34:15;0;0;;Validado Manual;;;
MVD:WeatherObserved:00006;Estación Meteorológica - Centro;2025-02-25 12:39:15;0;0;;Validado Manual;;;
MVD:WeatherObserved:00006;Estación Meteorológica - Centro;2025-02-25 12:44:15;0;0;;Validado Manual;;;
MVD:WeatherObserved:00006;Estación Meteorológica - Centro;2025-02-25 12:49:16;0;0;;Validado Manual;;;
MVD:WeatherObserved:00006;Estación Meteorológica - Centro;2025-02-25 12:54:16;0;0;;Validado Manual;;;
MVD:WeatherObserved:00006;Estación Meteorológica - Centro;2025-02-25 12:59:16;0;0;;Validado Manual;;;
MVD:WeatherObserved:00006;Estación Meteorológica - Centro;2025-02-25 13:04:16;0;0;;Validado Manual;;;
MVD:WeatherObserved:00006;Estación Meteorológica - Centro;2025-02-25 13:09:16;0;0;;Validado Manual;;;
MVD:WeatherObserved:00006;Estación Meteorológica - Centro;2025-02-25 13:14:16;0;0;;Validado Manual;;;
MVD:WeatherObserved:00006;Estación Meteorológica - Centro;2025-02-25 13:19:16;0;0;;Validado Manual;;;
MVD:WeatherObserved:00006;Estación Meteorológica - Centro;2025-02-25 13:24:16;0;0;;Validado Manual;;;
MVD:WeatherObserved:00006;Estación Meteorológica - Centro;2025-02-25 13:29:16;0;0;;Validado Manual;;;
MVD:WeatherObserved:00006;Estación Meteorológica - Centro;2025-02-25 13:34:16;0;0;;Validado Manual;;;
MVD:WeatherObserved:00006;Estación Meteorológica - Centro;2025-02-25 13:39:16;0;0;;Validado Manual;;;
MVD:WeatherObserved:00006;Estación Meteorológica - Centro;2025-02-25 13:44:16;0;0;;Validado Manual;;;
MVD:WeatherObserved:00006;Estación Meteorológica - Centro;2025-02-25 13:49:16;0;0;;Validado Manual;;;
MVD:WeatherObserved:00006;Estación Meteorológica - Centro;2025-02-25 13:54:17;0;0;;Validado Manual;;;
MVD:WeatherObserved:00006;Estación Meteorológica - Centro;2025-02-25 13:59:17;0;0;;Validado Manual;;;
MVD:WeatherObserved:00006;Estación Meteorológica - Centro;2025-02-25 14:04:17;0;0;;Validado Manual;;;
MVD:WeatherObserved:00006;Estación Meteorológica - Centro;2025-02-25 14:09:17;0;0;;Validado Manual;;;
MVD:WeatherObserved:00006;Estación Meteorológica - Centro;2025-02-25 14:14:17;0;0;;Validado Manual;;;
MVD:WeatherObserved:00006;Estación Meteorológica - Centro;2025-02-25 14:19:17;0;0;;Validado Manual;;;
MVD:WeatherObserved:00006;Estación Meteorológica - Centro;2025-02-25 14:24:17;0;0;;Validado Manual;;;
MVD:WeatherObserved:00006;Estación Meteorológica - Centro;2025-02-25 14:29:17;0;0;;Validado Manual;;;
MVD:WeatherObserved:00006;Estación Meteorológica - Centro;2025-02-25 14:34:17;0;0;;Validado Manual;;;
MVD:WeatherObserved:00006;Estación Meteorológica - Centro;2025-02-25 14:39:17;0;0;;Validado Manual;;;
MVD:WeatherObserved:00006;Estación Meteorológica - Centro;2025-02-25 14:44:17;0;0;;Validado Manual;;;
MVD:WeatherObserved:00006;Estación Meteorológica - Centro;2025-02-25 14:49:17;0;0;;Validado Manual;;;
MVD:WeatherObserved:00006;Estación Meteorológica - Centro;2025-02-25 14:54:17;0;0;;Validado Manual;;;
MVD:WeatherObserved:00006;Estación Meteorológica - Centro;2025-02-25 14:59:17;0;0;;Validado Manual;;;
MVD:WeatherObserved:00006;Estación Meteorológica - Centro;2025-02-25 15:04:17;0;0;;Validado Manual;;;
MVD:WeatherObserved:00006;Estación Meteorológica - Centro;2025-02-25 15:09:17;0;0;;Validado Manual;;;
MVD:WeatherObserved:00006;Estación Meteorológica - Centro;2025-02-25 15:14:17;0;0;;Validado Manual;;;
MVD:WeatherObserved:00006;Estación Meteorológica - Centro;2025-02-25 15:19:18;0;0;;Validado Manual;;;
MVD:WeatherObserved:00006;Estación Meteorológica - Centro;2025-02-25 15:24:18;0;0;;Validado Manual;;;
MVD:WeatherObserved:00006;Estación Meteorológica - Centro;2025-02-25 15:29:18;0;0;;Validado Manual;;;
MVD:WeatherObserved:00006;Estación Meteorológica - Centro;2025-02-25 15:34:18;0;0;;Validado Manual;;;
MVD:WeatherObserved:00006;Estación Meteorológica - Centro;2025-02-25 15:39:18;0;0;;Validado Manual;;;
MVD:WeatherObserved:00006;Estación Meteorológica - Centro;2025-02-25 15:44:18;0;0;;Validado Manual;;;
MVD:WeatherObserved:00006;Estación Meteorológica - Centro;2025-02-25 15:49:19;0;0;;Validado Manual;;;
MVD:WeatherObserved:00006;Estación Meteorológica - Centro;2025-02-25 15:54:18;0;0;;Validado Manual;;;
MVD:WeatherObserved:00006;Estación Meteorológica - Centro;2025-02-25 15:59:18;0;0;;Validado Manual;;;
MVD:WeatherObserved:00006;Estación Meteorológica - Centro;2025-02-25 16:04:18;0;0;;Validado Manual;;;
MVD:WeatherObserved:00006;Estación Meteorológica - Centro;2025-02-25 16:09:18;0;0;;Validado Manual;;;
MVD:WeatherObserved:00006;Estación Meteorológica - Centro;2025-02-25 16:14:18;0;0;;Validado Manual;;;
MVD:WeatherObserved:00006;Estación Meteorológica - Centro;2025-02-25 16:19:18;0;0;;Validado Manual;;;
MVD:WeatherObserved:00006;Estación Meteorológica - Centro;2025-02-25 16:24:18;0;0;;Validado Manual;;;
MVD:WeatherObserved:00006;Estación Meteorológica - Centro;2025-02-25 16:29:18;0;0;;Validado Manual;;;
MVD:WeatherObserved:00006;Estación Meteorológica - Centro;2025-02-25 16:34:19;0;0;;Validado Manual;;;
MVD:WeatherObserved:00006;Estación Meteorológica - Centro;2025-02-25 16:39:19;0;0;;Validado Manual;;;
MVD:WeatherObserved:00006;Estación Meteorológica - Centro;2025-02-25 16:44:19;0;0;;Validado Manual;;;
MVD:WeatherObserved:00006;Estación Meteorológica - Centro;2025-02-25 16:49:19;0;0;;Validado Manual;;;
MVD:WeatherObserved:00006;Estación Meteorológica - Centro;2025-02-25 16:54:19;0;0;;Validado Manual;;;
MVD:WeatherObserved:00006;Estación Meteorológica - Centro;2025-02-25 16:59:19;0;0;;Validado Manual;;;
MVD:WeatherObserved:00006;Estación Meteorológica - Centro;2025-02-25 17:04:19;0;0;;Validado Manual;;;
MVD:WeatherObserved:00006;Estación Meteorológica - Centro;2025-02-25 17:09:19;0;0;;Validado Manual;;;
MVD:WeatherObserved:00006;Estación Meteorológica - Centro;2025-02-25 17:14:19;0;0;;Validado Manual;;;
MVD:WeatherObserved:00006;Estación Meteorológica - Centro;2025-02-25 17:19:19;0;0;;Validado Manual;;;
MVD:WeatherObserved:00006;Estación Meteorológica - Centro;2025-02-25 17:24:19;0;0;;Validado Manual;;;
MVD:WeatherObserved:00006;Estación Meteorológica - Centro;2025-02-25 17:29:19;0;0;;Validado Manual;;;
MVD:WeatherObserved:00006;Estación Meteorológica - Centro;2025-02-25 17:34:19;0;0;;Validado Manual;;;
MVD:WeatherObserved:00006;Estación Meteorológica - Centro;2025-02-25 17:39:19;0;0;;Validado Manual;;;
MVD:WeatherObserved:00006;Estación Meteorológica - Centro;2025-02-25 17:44:19;0;0;;Validado Manual;;;
MVD:WeatherObserved:00006;Estación Meteorológica - Centro;2025-02-25 17:49:19;0;0;;Validado Manual;;;
MVD:WeatherObserved:00006;Estación Meteorológica - Centro;2025-02-25 17:54:20;0;0;;Validado Manual;;;
MVD:WeatherObserved:00006;Estación Meteorológica - Centro;2025-02-25 17:59:20;0;0;;Validado Manual;;;
MVD:WeatherObserved:00006;Estación Meteorológica - Centro;2025-02-25 18:04:20;0;0;;Validado Manual;;;
MVD:WeatherObserved:00006;Estación Meteorológica - Centro;2025-02-25 18:09:20;0;0;;Validado Manual;;;
MVD:WeatherObserved:00006;Estación Meteorológica - Centro;2025-02-25 18:14:20;0;0;;Validado Manual;;;
MVD:WeatherObserved:00006;Estación Meteorológica - Centro;2025-02-25 18:19:20;0;0;;Validado Manual;;;
MVD:WeatherObserved:00006;Estación Meteorológica - Centro;2025-02-25 18:24:20;0;0;;Validado Manual;;;
MVD:WeatherObserved:00006;Estación Meteorológica - Centro;2025-02-25 18:29:20;0;0;;Validado Manual;;;
MVD:WeatherObserved:00006;Estación Meteorológica - Centro;2025-02-25 18:34:20;0;0;;Validado Manual;;;
MVD:WeatherObserved:00006;Estación Meteorológica - Centro;2025-02-25 18:39:20;0;0;;Validado Manual;;;
MVD:WeatherObserved:00006;Estación Meteorológica - Centro;2025-02-25 18:44:20;0;0;;Validado Manual;;;
MVD:WeatherObserved:00006;Estación Meteorológica - Centro;2025-02-25 18:49:20;0;0;;Validado Manual;;;
MVD:WeatherObserved:00006;Estación Meteorológica - Centro;2025-02-25 18:54:20;0;0;;Validado Manual;;;
MVD:WeatherObserved:00006;Estación Meteorológica - Centro;2025-02-25 18:59:20;0;0;;Validado Manual;;;
MVD:WeatherObserved:00006;Estación Meteorológica - Centro;2025-02-25 19:04:20;0;0;;Validado Manual;;;
MVD:WeatherObserved:00006;Estación Meteorológica - Centro;2025-02-25 19:09:20;0;0;;Validado Manual;;;
MVD:WeatherObserved:00006;Estación Meteorológica - Centro;2025-02-25 19:14:21;0;0;;Validado Manual;;;
MVD:WeatherObserved:00006;Estación Meteorológica - Centro;2025-02-25 19:19:21;0;0;;Validado Manual;;;
MVD:WeatherObserved:00006;Estación Meteorológica - Centro;2025-02-25 19:24:21;0;0;;Validado Manual;;;
MVD:WeatherObserved:00006;Estación Meteorológica - Centro;2025-02-25 19:29:21;0;0;;Validado Manual;;;
MVD:WeatherObserved:00006;Estación Meteorológica - Centro;2025-02-25 19:34:21;0;0;;Validado Manual;;;
MVD:WeatherObserved:00006;Estación Meteorológica - Centro;2025-02-25 19:39:21;0;0;;Validado Manual;;;
MVD:WeatherObserved:00006;Estación Meteorológica - Centro;2025-02-25 19:44:21;0;0;;Validado Manual;;;
MVD:WeatherObserved:00006;Estación Meteorológica - Centro;2025-02-25 19:49:21;0;0;;Validado Manual;;;
MVD:WeatherObserved:00006;Estación Meteorológica - Centro;2025-02-25 19:54:21;0;0;;Validado Manual;;;
MVD:WeatherObserved:00006;Estación Meteorológica - Centro;2025-02-25 19:59:21;0;0;;Validado Manual;;;
MVD:WeatherObserved:00006;Estación Meteorológica - Centro;2025-02-25 20:04:21;0;0;;Validado Manual;;;
MVD:WeatherObserved:00006;Estación Meteorológica - Centro;2025-02-25 20:09:21;0;0;;Validado Manual;;;
MVD:WeatherObserved:00006;Estación Meteorológica - Centro;2025-02-25 20:14:21;0;0;;Validado Manual;;;
MVD:WeatherObserved:00006;Estación Meteorológica - Centro;2025-02-25 20:19:21;0;0;;Validado Manual;;;
MVD:WeatherObserved:00006;Estación Meteorológica - Centro;2025-02-25 20:24:21;0;0;;Validado Manual;;;
MVD:WeatherObserved:00006;Estación Meteorológica - Centro;2025-02-25 20:29:21;0;0;;Validado Manual;;;
MVD:WeatherObserved:00006;Estación Meteorológica - Centro;2025-02-25 20:34:22;0;0;;Validado Manual;;;
MVD:WeatherObserved:00006;Estación Meteorológica - Centro;2025-02-25 20:39:22;0;0;;Validado Manual;;;
MVD:WeatherObserved:00006;Estación Meteorológica - Centro;2025-02-25 20:44:22;0;0;;Validado Manual;;;
MVD:WeatherObserved:00006;Estación Meteorológica - Centro;2025-02-25 20:49:22;0;0;;Validado Manual;;;
MVD:WeatherObserved:00006;Estación Meteorológica - Centro;2025-02-25 20:54:22;0;0;;Validado Manual;;;
MVD:WeatherObserved:00006;Estación Meteorológica - Centro;2025-02-25 20:59:22;0;0;;Validado Manual;;;
MVD:WeatherObserved:00006;Estación Meteorológica - Centro;2025-02-25 21:04:22;0;0;;Validado Manual;;;
MVD:WeatherObserved:00006;Estación Meteorológica - Centro;2025-02-25 21:09:22;0;0;;Validado Manual;;;
MVD:WeatherObserved:00006;Estación Meteorológica - Centro;2025-02-25 21:14:22;0;0;;Validado Manual;;;
MVD:WeatherObserved:00006;Estación Meteorológica - Centro;2025-02-25 21:19:22;0;0;;Validado Manual;;;
MVD:WeatherObserved:00006;Estación Meteorológica - Centro;2025-02-25 21:24:22;0;0;;Validado Manual;;;
MVD:WeatherObserved:00006;Estación Meteorológica - Centro;2025-02-25 21:29:22;0;0;;Validado Manual;;;
MVD:WeatherObserved:00006;Estación Meteorológica - Centro;2025-02-25 21:34:22;0;0;;Validado Manual;;;
MVD:WeatherObserved:00006;Estación Meteorológica - Centro;2025-02-25 21:39:22;0;0;;Validado Manual;;;
MVD:WeatherObserved:00006;Estación Meteorológica - Centro;2025-02-25 21:44:23;0;0;;Validado Manual;;;
MVD:WeatherObserved:00006;Estación Meteorológica - Centro;2025-02-25 21:49:23;0;0;;Validado Manual;;;
MVD:WeatherObserved:00006;Estación Meteorológica - Centro;2025-02-25 21:54:23;0;0;;Validado Manual;;;
MVD:WeatherObserved:00006;Estación Meteorológica - Centro;2025-02-25 21:59:23;0;0;;Validado Manual;;;
MVD:WeatherObserved:00006;Estación Meteorológica - Centro;2025-02-25 22:04:23;0;0;;Validado Manual;;;
MVD:WeatherObserved:00006;Estación Meteorológica - Centro;2025-02-25 22:09:23;0;0;;Validado Manual;;;
MVD:WeatherObserved:00006;Estación Meteorológica - Centro;2025-02-25 22:14:23;0;0;;Validado Manual;;;
MVD:WeatherObserved:00006;Estación Meteorológica - Centro;2025-02-25 22:19:23;0;0;;Validado Manual;;;
MVD:WeatherObserved:00006;Estación Meteorológica - Centro;2025-02-25 22:24:23;0;0;;Validado Manual;;;
MVD:WeatherObserved:00006;Estación Meteorológica - Centro;2025-02-25 22:29:23;0;0;;Validado Manual;;;
MVD:WeatherObserved:00006;Estación Meteorológica - Centro;2025-02-25 22:34:23;0;0;;Validado Manual;;;
MVD:WeatherObserved:00006;Estación Meteorológica - Centro;2025-02-25 22:39:23;0;0;;Validado Manual;;;
MVD:WeatherObserved:00006;Estación Meteorológica - Centro;2025-02-25 22:44:24;0;0;;Validado Manual;;;
MVD:WeatherObserved:00006;Estación Meteorológica - Centro;2025-02-25 22:49:24;0;0;;Validado Manual;;;
MVD:WeatherObserved:00006;Estación Meteorológica - Centro;2025-02-25 22:54:24;0;0;;Validado Manual;;;
MVD:WeatherObserved:00006;Estación Meteorológica - Centro;2025-02-25 22:59:24;0;0;;Validado Manual;;;
MVD:WeatherObserved:00006;Estación Meteorológica - Centro;2025-02-25 23:04:24;0;0;;Validado Manual;;;
MVD:WeatherObserved:00006;Estación Meteorológica - Centro;2025-02-25 23:09:24;0;0;;Validado Manual;;;
MVD:WeatherObserved:00006;Estación Meteorológica - Centro;2025-02-25 23:14:24;0;0;;Validado Manual;;;
MVD:WeatherObserved:00006;Estación Meteorológica - Centro;2025-02-25 23:19:24;0;0;;Validado Manual;;;
MVD:WeatherObserved:00006;Estación Meteorológica - Centro;2025-02-25 23:24:24;0;0;;Validado Manual;;;
MVD:WeatherObserved:00006;Estación Meteorológica - Centro;2025-02-25 23:29:24;0;0;;Validado Manual;;;
MVD:WeatherObserved:00006;Estación Meteorológica - Centro;2025-02-25 23:34:24;0;0;;Validado Manual;;;
MVD:WeatherObserved:00006;Estación Meteorológica - Centro;2025-02-25 23:39:24;0;0;;Validado Manual;;;
MVD:WeatherObserved:00006;Estación Meteorológica - Centro;2025-02-25 23:44:24;0;0;;Validado Manual;;;
MVD:WeatherObserved:00006;Estación Meteorológica - Centro;2025-02-25 23:49:24;0;0;;Validado Manual;;;
MVD:WeatherObserved:00006;Estación Meteorológica - Centro;2025-02-25 23:54:24;0;0;;Validado Manual;;;
MVD:WeatherObserved:00006;Estación Meteorológica - Centro;2025-02-25 23:59:24;0;0;;Validado Manual;;;
MVD:WeatherObserved:00006;Estación Meteorológica - Centro;2025-02-26 00:04:24;0;0;;Validado Manual;;;
MVD:WeatherObserved:00006;Estación Meteorológica - Centro;2025-02-26 00:09:24;0;0;;Validado Manual;;;
MVD:WeatherObserved:00006;Estación Meteorológica - Centro;2025-02-26 00:14:24;0;0;;Validado Manual;;;
MVD:WeatherObserved:00006;Estación Meteorológica - Centro;2025-02-26 00:19:25;0;0;;Validado Manual;;;
MVD:WeatherObserved:00006;Estación Meteorológica - Centro;2025-02-26 00:24:25;0;0;;Validado Manual;;;
MVD:WeatherObserved:00006;Estación Meteorológica - Centro;2025-02-26 00:29:25;0;0;;Validado Manual;;;
MVD:WeatherObserved:00006;Estación Meteorológica - Centro;2025-02-26 00:34:25;0;0;;Validado Manual;;;
MVD:WeatherObserved:00006;Estación Meteorológica - Centro;2025-02-26 00:39:25;0;0;;Validado Manual;;;
MVD:WeatherObserved:00006;Estación Meteorológica - Centro;2025-02-26 00:44:25;0;0;;Validado Manual;;;
MVD:WeatherObserved:00006;Estación Meteorológica - Centro;2025-02-26 00:49:25;0;0;;Validado Manual;;;
MVD:WeatherObserved:00006;Estación Meteorológica - Centro;2025-02-26 00:54:25;0;0;;Validado Manual;;;
MVD:WeatherObserved:00006;Estación Meteorológica - Centro;2025-02-26 00:59:25;0;0;;Validado Manual;;;
MVD:WeatherObserved:00006;Estación Meteorológica - Centro;2025-02-26 01:04:25;0;0;;Validado Manual;;;
MVD:WeatherObserved:00006;Estación Meteorológica - Centro;2025-02-26 01:09:25;0;0;;Validado Manual;;;
MVD:WeatherObserved:00006;Estación Meteorológica - Centro;2025-02-26 01:14:25;0;0;;Validado Manual;;;
MVD:WeatherObserved:00006;Estación Meteorológica - Centro;2025-02-26 01:19:26;0;0;;Validado Manual;;;
MVD:WeatherObserved:00006;Estación Meteorológica - Centro;2025-02-26 01:24:26;0;0;;Validado Manual;;;
MVD:WeatherObserved:00006;Estación Meteorológica - Centro;2025-02-26 01:29:26;0;0;;Validado Manual;;;
MVD:WeatherObserved:00006;Estación Meteorológica - Centro;2025-02-26 01:34:26;0;0;;Validado Manual;;;
MVD:WeatherObserved:00006;Estación Meteorológica - Centro;2025-02-26 01:39:26;0;0;;Validado Manual;;;
MVD:WeatherObserved:00006;Estación Meteorológica - Centro;2025-02-26 01:44:26;0;0;;Validado Manual;;;
MVD:WeatherObserved:00006;Estación Meteorológica - Centro;2025-02-26 01:49:26;0;0;;Validado Manual;;;
MVD:WeatherObserved:00006;Estación Meteorológica - Centro;2025-02-26 01:54:26;0;0;;Validado Manual;;;
MVD:WeatherObserved:00006;Estación Meteorológica - Centro;2025-02-26 01:59:26;0;0;;Validado Manual;;;
MVD:WeatherObserved:00006;Estación Meteorológica - Centro;2025-02-26 02:04:26;0;0;;Validado Manual;;;
MVD:WeatherObserved:00006;Estación Meteorológica - Centro;2025-02-26 02:09:26;0;0;;Validado Manual;;;
MVD:WeatherObserved:00006;Estación Meteorológica - Centro;2025-02-26 02:14:26;0;0;;Validado Manual;;;
MVD:WeatherObserved:00006;Estación Meteorológica - Centro;2025-02-26 02:19:26;0;0;;Validado Manual;;;
MVD:WeatherObserved:00006;Estación Meteorológica - Centro;2025-02-26 02:24:27;0;0;;Validado Manual;;;
MVD:WeatherObserved:00006;Estación Meteorológica - Centro;2025-02-26 02:29:27;0;0;;Validado Manual;;;
MVD:WeatherObserved:00006;Estación Meteorológica - Centro;2025-02-26 02:34:27;0;0;;Validado Manual;;;
MVD:WeatherObserved:00006;Estación Meteorológica - Centro;2025-02-26 02:39:27;0;0;;Validado Manual;;;
MVD:WeatherObserved:00006;Estación Meteorológica - Centro;2025-02-26 02:44:27;0;0;;Validado Manual;;;
MVD:WeatherObserved:00006;Estación Meteorológica - Centro;2025-02-26 02:49:27;0;0;;Validado Manual;;;
MVD:WeatherObserved:00006;Estación Meteorológica - Centro;2025-02-26 02:54:27;0;0;;Validado Manual;;;
MVD:WeatherObserved:00006;Estación Meteorológica - Centro;2025-02-26 02:59:27;0;0;;Validado Manual;;;
MVD:WeatherObserved:00006;Estación Meteorológica - Centro;2025-02-26 03:04:27;0;0;;Validado Manual;;;
MVD:WeatherObserved:00006;Estación Meteorológica - Centro;2025-02-26 03:09:27;0;0;;Validado Manual;;;
MVD:WeatherObserved:00006;Estación Meteorológica - Centro;2025-02-26 03:14:27;0;0;;Validado Manual;;;
MVD:WeatherObserved:00006;Estación Meteorológica - Centro;2025-02-26 03:19:27;0;0;;Validado Manual;;;
MVD:WeatherObserved:00006;Estación Meteorológica - Centro;2025-02-26 03:24:27;0;0;;Validado Manual;;;
MVD:WeatherObserved:00006;Estación Meteorológica - Centro;2025-02-26 03:29:27;0;0;;Validado Manual;;;
MVD:WeatherObserved:00006;Estación Meteorológica - Centro;2025-02-26 03:34:27;0;0;;Validado Manual;;;
MVD:WeatherObserved:00006;Estación Meteorológica - Centro;2025-02-26 03:39:27;0;0;;Validado Manual;;;
MVD:WeatherObserved:00006;Estación Meteorológica - Centro;2025-02-26 03:44:28;0;0;;Validado Manual;;;
MVD:WeatherObserved:00006;Estación Meteorológica - Centro;2025-02-26 03:49:28;0;0;;Validado Manual;;;
MVD:WeatherObserved:00006;Estación Meteorológica - Centro;2025-02-26 03:54:28;0;0;;Validado Manual;;;
MVD:WeatherObserved:00006;Estación Meteorológica - Centro;2025-02-26 03:59:28;0;0;;Validado Manual;;;
MVD:WeatherObserved:00006;Estación Meteorológica - Centro;2025-02-26 04:04:28;0;0;;Validado Manual;;;
MVD:WeatherObserved:00006;Estación Meteorológica - Centro;2025-02-26 04:09:28;0;0;;Validado Manual;;;
MVD:WeatherObserved:00006;Estación Meteorológica - Centro;2025-02-26 04:14:28;0;0;;Validado Manual;;;
MVD:WeatherObserved:00006;Estación Meteorológica - Centro;2025-02-26 04:19:29;0;0;;Validado Manual;;;
MVD:WeatherObserved:00006;Estación Meteorológica - Centro;2025-02-26 04:24:28;0;0;;Validado Manual;;;
MVD:WeatherObserved:00006;Estación Meteorológica - Centro;2025-02-26 04:29:28;0;0;;Validado Manual;;;
MVD:WeatherObserved:00006;Estación Meteorológica - Centro;2025-02-26 04:34:28;0;0;;Validado Manual;;;
MVD:WeatherObserved:00006;Estación Meteorológica - Centro;2025-02-26 04:39:28;0;0;;Validado Manual;;;
MVD:WeatherObserved:00006;Estación Meteorológica - Centro;2025-02-26 04:44:28;0;0;;Validado Manual;;;
MVD:WeatherObserved:00006;Estación Meteorológica - Centro;2025-02-26 04:49:28;0;0;;Validado Manual;;;
MVD:WeatherObserved:00006;Estación Meteorológica - Centro;2025-02-26 04:54:29;0;0;;Validado Manual;;;
MVD:WeatherObserved:00006;Estación Meteorológica - Centro;2025-02-26 04:59:29;0;0;;Validado Manual;;;
MVD:WeatherObserved:00006;Estación Meteorológica - Centro;2025-02-26 05:04:29;0;0;;Validado Manual;;;
MVD:WeatherObserved:00006;Estación Meteorológica - Centro;2025-02-26 05:09:29;0;0;;Validado Manual;;;
MVD:WeatherObserved:00006;Estación Meteorológica - Centro;2025-02-26 05:14:29;0;0;;Validado Manual;;;
MVD:WeatherObserved:00006;Estación Meteorológica - Centro;2025-02-26 05:19:29;0;0;;Validado Manual;;;
MVD:WeatherObserved:00006;Estación Meteorológica - Centro;2025-02-26 05:24:29;0;0;;Validado Manual;;;
MVD:WeatherObserved:00006;Estación Meteorológica - Centro;2025-02-26 05:29:29;0;0;;Validado Manual;;;
MVD:WeatherObserved:00006;Estación Meteorológica - Centro;2025-02-26 05:34:29;0;0;;Validado Manual;;;
MVD:WeatherObserved:00006;Estación Meteorológica - Centro;2025-02-26 05:39:29;0;0;;Validado Manual;;;
MVD:WeatherObserved:00006;Estación Meteorológica - Centro;2025-02-26 05:44:29;0;0;;Validado Manual;;;
MVD:WeatherObserved:00006;Estación Meteorológica - Centro;2025-02-26 05:49:29;0;0;;Validado Manual;;;
MVD:WeatherObserved:00006;Estación Meteorológica - Centro;2025-02-26 05:54:29;0;0;;Validado Manual;;;
MVD:WeatherObserved:00006;Estación Meteorológica - Centro;2025-02-26 05:59:30;0;0;;Validado Manual;;;
MVD:WeatherObserved:00006;Estación Meteorológica - Centro;2025-02-26 06:04:30;0;0;;Validado Manual;;;
MVD:WeatherObserved:00006;Estación Meteorológica - Centro;2025-02-26 06:09:30;0;0;;Validado Manual;;;
MVD:WeatherObserved:00006;Estación Meteorológica - Centro;2025-02-26 06:14:30;0;0;;Validado Manual;;;
MVD:WeatherObserved:00006;Estación Meteorológica - Centro;2025-02-26 06:19:30;0;0;;Validado Manual;;;
MVD:WeatherObserved:00006;Estación Meteorológica - Centro;2025-02-26 06:24:30;0;0;;Validado Manual;;;
MVD:WeatherObserved:00006;Estación Meteorológica - Centro;2025-02-26 06:29:30;0;0;;Validado Manual;;;
MVD:WeatherObserved:00006;Estación Meteorológica - Centro;2025-02-26 06:34:30;0;0;;Validado Manual;;;
MVD:WeatherObserved:00006;Estación Meteorológica - Centro;2025-02-26 06:39:30;0;0;;Validado Manual;;;
MVD:WeatherObserved:00006;Estación Meteorológica - Centro;2025-02-26 06:44:30;0;0;;Validado Manual;;;
MVD:WeatherObserved:00006;Estación Meteorológica - Centro;2025-02-26 06:49:30;0;0;;Validado Manual;;;
MVD:WeatherObserved:00006;Estación Meteorológica - Centro;2025-02-26 06:54:30;0;0;;Validado Manual;;;
MVD:WeatherObserved:00006;Estación Meteorológica - Centro;2025-02-26 06:59:30;0;0;;Validado Manual;;;
MVD:WeatherObserved:00006;Estación Meteorológica - Centro;2025-02-26 07:04:30;0;0;;Validado Manual;;;
MVD:WeatherObserved:00006;Estación Meteorológica - Centro;2025-02-26 07:09:30;0;0;;Validado Manual;;;
MVD:WeatherObserved:00006;Estación Meteorológica - Centro;2025-02-26 07:14:30;0;0;;Validado Manual;;;
MVD:WeatherObserved:00006;Estación Meteorológica - Centro;2025-02-26 07:19:30;0;0;;Validado Manual;;;
MVD:WeatherObserved:00006;Estación Meteorológica - Centro;2025-02-26 07:24:30;0;0;;Validado Manual;;;
MVD:WeatherObserved:00006;Estación Meteorológica - Centro;2025-02-26 07:29:32;0;0;;Validado Manual;;;
MVD:WeatherObserved:00006;Estación Meteorológica - Centro;2025-02-26 07:34:31;0;0;;Validado Manual;;;
MVD:WeatherObserved:00006;Estación Meteorológica - Centro;2025-02-26 07:39:31;0;0;;Validado Manual;;;
MVD:WeatherObserved:00006;Estación Meteorológica - Centro;2025-02-26 07:44:31;0;0;;Validado Manual;;;
MVD:WeatherObserved:00006;Estación Meteorológica - Centro;2025-02-26 07:49:31;0;0;;Validado Manual;;;
MVD:WeatherObserved:00006;Estación Meteorológica - Centro;2025-02-26 07:54:31;0;0;;Validado Manual;;;
MVD:WeatherObserved:00006;Estación Meteorológica - Centro;2025-02-26 07:59:31;0;0;;Validado Manual;;;
MVD:WeatherObserved:00006;Estación Meteorológica - Centro;2025-02-26 08:04:31;0;0;;Validado Manual;;;
MVD:WeatherObserved:00006;Estación Meteorológica - Centro;2025-02-26 08:09:31;0;0;;Validado Manual;;;
MVD:WeatherObserved:00006;Estación Meteorológica - Centro;2025-02-26 08:14:31;0;0;;Validado Manual;;;
MVD:WeatherObserved:00006;Estación Meteorológica - Centro;2025-02-26 08:19:31;0;0;;Validado Manual;;;
MVD:WeatherObserved:00006;Estación Meteorológica - Centro;2025-02-26 08:24:31;0;0;;Validado Manual;;;
MVD:WeatherObserved:00006;Estación Meteorológica - Centro;2025-02-26 08:29:32;0;0;;Validado Manual;;;
MVD:WeatherObserved:00006;Estación Meteorológica - Centro;2025-02-26 08:34:31;0;0;;Validado Manual;;;
MVD:WeatherObserved:00006;Estación Meteorológica - Centro;2025-02-26 08:39:31;0;0;;Validado Manual;;;
MVD:WeatherObserved:00006;Estación Meteorológica - Centro;2025-02-26 08:44:31;0;0;;Validado Manual;;;
MVD:WeatherObserved:00006;Estación Meteorológica - Centro;2025-02-26 08:49:32;0;0;;Validado Manual;;;
MVD:WeatherObserved:00006;Estación Meteorológica - Centro;2025-02-26 08:54:32;0;0;;Validado Manual;;;
MVD:WeatherObserved:00006;Estación Meteorológica - Centro;2025-02-26 08:59:32;0;0;;Validado Manual;;;
MVD:WeatherObserved:00006;Estación Meteorológica - Centro;2025-02-26 09:04:32;0;0;;Validado Manual;;;
MVD:WeatherObserved:00006;Estación Meteorológica - Centro;2025-02-26 09:09:32;0;0;;Validado Manual;;;
MVD:WeatherObserved:00006;Estación Meteorológica - Centro;2025-02-26 09:14:32;0;0;;Validado Manual;;;
MVD:WeatherObserved:00006;Estación Meteorológica - Centro;2025-02-26 09:19:32;0;0;;Validado Manual;;;
MVD:WeatherObserved:00006;Estación Meteorológica - Centro;2025-02-26 09:24:32;0;0;;Validado Manual;;;
MVD:WeatherObserved:00006;Estación Meteorológica - Centro;2025-02-26 09:29:32;0;0;;Validado Manual;;;
MVD:WeatherObserved:00006;Estación Meteorológica - Centro;2025-02-26 09:34:32;0;0;;Validado Manual;;;
MVD:WeatherObserved:00006;Estación Meteorológica - Centro;2025-02-26 09:39:32;0;0;;Validado Manual;;;
MVD:WeatherObserved:00006;Estación Meteorológica - Centro;2025-02-26 09:44:32;0;0;;Validado Manual;;;
MVD:WeatherObserved:00006;Estación Meteorológica - Centro;2025-02-26 09:49:32;0;0;;Validado Manual;;;
MVD:WeatherObserved:00006;Estación Meteorológica - Centro;2025-02-26 09:54:32;0;0;;Validado Manual;;;
MVD:WeatherObserved:00006;Estación Meteorológica - Centro;2025-02-26 09:59:33;0;0;;Validado Manual;;;
MVD:WeatherObserved:00006;Estación Meteorológica - Centro;2025-02-26 10:04:33;0;0;;Validado Manual;;;
MVD:WeatherObserved:00006;Estación Meteorológica - Centro;2025-02-26 10:09:33;0;0;;Validado Manual;;;
MVD:WeatherObserved:00006;Estación Meteorológica - Centro;2025-02-26 10:14:33;0;0;;Validado Manual;;;
MVD:WeatherObserved:00006;Estación Meteorológica - Centro;2025-02-26 10:19:33;0;0;;Validado Manual;;;
MVD:WeatherObserved:00006;Estación Meteorológica - Centro;2025-02-26 10:24:33;0;0;;Validado Manual;;;
MVD:WeatherObserved:00006;Estación Meteorológica - Centro;2025-02-26 10:29:33;0;0;;Validado Manual;;;
MVD:WeatherObserved:00006;Estación Meteorológica - Centro;2025-02-26 10:34:33;0;0;;Validado Manual;;;
MVD:WeatherObserved:00006;Estación Meteorológica - Centro;2025-02-26 10:39:33;0;0;;Validado Manual;;;
MVD:WeatherObserved:00006;Estación Meteorológica - Centro;2025-02-26 10:44:33;0;0;;Validado Manual;;;
MVD:WeatherObserved:00006;Estación Meteorológica - Centro;2025-02-26 10:49:33;0;0;;Validado Manual;;;
MVD:WeatherObserved:00006;Estación Meteorológica - Centro;2025-02-26 10:54:33;0;0;;Validado Manual;;;
MVD:WeatherObserved:00006;Estación Meteorológica - Centro;2025-02-26 10:59:33;0;0;;Validado Manual;;;
MVD:WeatherObserved:00006;Estación Meteorológica - Centro;2025-02-26 11:04:33;0;0;;Validado Manual;;;
MVD:WeatherObserved:00006;Estación Meteorológica - Centro;2025-02-26 11:09:33;0;0;;Validado Manual;;;
MVD:WeatherObserved:00006;Estación Meteorológica - Centro;2025-02-26 11:14:33;0;0;;Validado Manual;;;
MVD:WeatherObserved:00006;Estación Meteorológica - Centro;2025-02-26 11:19:34;0;0;;Validado Manual;;;
MVD:WeatherObserved:00006;Estación Meteorológica - Centro;2025-02-26 11:24:34;0;0;;Validado Manual;;;
MVD:WeatherObserved:00006;Estación Meteorológica - Centro;2025-02-26 11:29:34;0;0;;Validado Manual;;;
MVD:WeatherObserved:00006;Estación Meteorológica - Centro;2025-02-26 11:34:34;0;0;;Validado Manual;;;
MVD:WeatherObserved:00006;Estación Meteorológica - Centro;2025-02-26 11:39:34;0;0;;Validado Manual;;;
MVD:WeatherObserved:00006;Estación Meteorológica - Centro;2025-02-26 11:44:34;0;0;;Validado Manual;;;
MVD:WeatherObserved:00006;Estación Meteorológica - Centro;2025-02-26 11:49:34;0;0;;Validado Manual;;;
MVD:WeatherObserved:00006;Estación Meteorológica - Centro;2025-02-26 11:54:34;0;0;;Validado Manual;;;
MVD:WeatherObserved:00006;Estación Meteorológica - Centro;2025-02-26 11:59:34;0;0;;Validado Manual;;;
MVD:WeatherObserved:00006;Estación Meteorológica - Centro;2025-02-26 12:04:34;0;0;;Validado Manual;;;
MVD:WeatherObserved:00006;Estación Meteorológica - Centro;2025-02-26 12:09:34;0;0;;Validado Manual;;;
MVD:WeatherObserved:00006;Estación Meteorológica - Centro;2025-02-26 12:14:34;0;0;;Validado Manual;;;
MVD:WeatherObserved:00006;Estación Meteorológica - Centro;2025-02-26 12:19:34;0;0;;Validado Manual;;;
MVD:WeatherObserved:00006;Estación Meteorológica - Centro;2025-02-26 12:24:34;0;0;;Validado Manual;;;
MVD:WeatherObserved:00006;Estación Meteorológica - Centro;2025-02-26 12:29:34;0;0;;Validado Manual;;;
MVD:WeatherObserved:00006;Estación Meteorológica - Centro;2025-02-26 12:34:34;0;0;;Validado Manual;;;
MVD:WeatherObserved:00006;Estación Meteorológica - Centro;2025-02-26 12:39:34;0;0;;Validado Manual;;;
MVD:WeatherObserved:00006;Estación Meteorológica - Centro;2025-02-26 12:44:35;0;0;;Validado Manual;;;
MVD:WeatherObserved:00006;Estación Meteorológica - Centro;2025-02-26 12:49:35;0;0;;Validado Manual;;;
MVD:WeatherObserved:00006;Estación Meteorológica - Centro;2025-02-26 12:54:35;0;0;;Validado Manual;;;
MVD:WeatherObserved:00006;Estación Meteorológica - Centro;2025-02-26 12:59:35;0;0;;Validado Manual;;;
MVD:WeatherObserved:00006;Estación Meteorológica - Centro;2025-02-26 13:04:35;0;0;;Validado Manual;;;
MVD:WeatherObserved:00006;Estación Meteorológica - Centro;2025-02-26 13:09:35;0;0;;Validado Manual;;;
MVD:WeatherObserved:00006;Estación Meteorológica - Centro;2025-02-26 13:14:35;0;0;;Validado Manual;;;
MVD:WeatherObserved:00006;Estación Meteorológica - Centro;2025-02-26 13:19:35;0;0;;Validado Manual;;;
MVD:WeatherObserved:00006;Estación Meteorológica - Centro;2025-02-26 13:24:35;0;0;;Validado Manual;;;
MVD:WeatherObserved:00006;Estación Meteorológica - Centro;2025-02-26 13:29:35;0;0;;Validado Manual;;;
MVD:WeatherObserved:00006;Estación Meteorológica - Centro;2025-02-26 13:34:35;0;0;;Validado Manual;;;
MVD:WeatherObserved:00006;Estación Meteorológica - Centro;2025-02-26 13:39:35;0;0;;Validado Manual;;;
MVD:WeatherObserved:00006;Estación Meteorológica - Centro;2025-02-26 13:44:35;0;0;;Validado Manual;;;
MVD:WeatherObserved:00006;Estación Meteorológica - Centro;2025-02-26 13:49:35;0;0;;Validado Manual;;;
MVD:WeatherObserved:00006;Estación Meteorológica - Centro;2025-02-26 13:54:36;0;0;;Validado Manual;;;
MVD:WeatherObserved:00006;Estación Meteorológica - Centro;2025-02-26 13:59:36;0;0;;Validado Manual;;;
MVD:WeatherObserved:00006;Estación Meteorológica - Centro;2025-02-26 14:04:36;0;0;;Validado Manual;;;
MVD:WeatherObserved:00006;Estación Meteorológica - Centro;2025-02-26 14:09:36;0;0;;Validado Manual;;;
MVD:WeatherObserved:00006;Estación Meteorológica - Centro;2025-02-26 14:14:36;0;0;;Validado Manual;;;
MVD:WeatherObserved:00006;Estación Meteorológica - Centro;2025-02-26 14:19:36;0;0;;Validado Manual;;;
MVD:WeatherObserved:00006;Estación Meteorológica - Centro;2025-02-26 14:24:36;0;0;;Validado Manual;;;
MVD:WeatherObserved:00006;Estación Meteorológica - Centro;2025-02-26 14:29:36;0;0;;Validado Manual;;;
MVD:WeatherObserved:00006;Estación Meteorológica - Centro;2025-02-26 14:34:36;0;0;;Validado Manual;;;
MVD:WeatherObserved:00006;Estación Meteorológica - Centro;2025-02-26 14:39:36;0;0;;Validado Manual;;;
MVD:WeatherObserved:00006;Estación Meteorológica - Centro;2025-02-26 14:44:36;0;0;;Validado Manual;;;
MVD:WeatherObserved:00006;Estación Meteorológica - Centro;2025-02-26 14:49:36;0;0;;Validado Manual;;;
MVD:WeatherObserved:00006;Estación Meteorológica - Centro;2025-02-26 14:54:36;0;0;;Validado Manual;;;
MVD:WeatherObserved:00006;Estación Meteorológica - Centro;2025-02-26 14:59:37;0;0;;Validado Manual;;;
MVD:WeatherObserved:00006;Estación Meteorológica - Centro;2025-02-26 15:04:37;0;0;;Validado Manual;;;
MVD:WeatherObserved:00006;Estación Meteorológica - Centro;2025-02-26 15:09:37;0;0;;Validado Manual;;;
MVD:WeatherObserved:00006;Estación Meteorológica - Centro;2025-02-26 15:14:37;0;0;;Validado Manual;;;
MVD:WeatherObserved:00006;Estación Meteorológica - Centro;2025-02-26 15:19:37;0;0;;Validado Manual;;;
MVD:WeatherObserved:00006;Estación Meteorológica - Centro;2025-02-26 15:24:37;0;0;;Validado Manual;;;
MVD:WeatherObserved:00006;Estación Meteorológica - Centro;2025-02-26 15:29:37;0;0;;Validado Manual;;;
MVD:WeatherObserved:00006;Estación Meteorológica - Centro;2025-02-26 15:34:37;0;0;;Validado Manual;;;
MVD:WeatherObserved:00006;Estación Meteorológica - Centro;2025-02-26 15:39:37;0;0;;Validado Manual;;;
MVD:WeatherObserved:00006;Estación Meteorológica - Centro;2025-02-26 15:44:37;0;0;;Validado Manual;;;
MVD:WeatherObserved:00006;Estación Meteorológica - Centro;2025-02-26 15:49:37;0;0;;Validado Manual;;;
MVD:WeatherObserved:00006;Estación Meteorológica - Centro;2025-02-26 15:54:37;0;0;;Validado Manual;;;
MVD:WeatherObserved:00006;Estación Meteorológica - Centro;2025-02-26 15:59:37;0;0;;Validado Manual;;;
MVD:WeatherObserved:00006;Estación Meteorológica - Centro;2025-02-26 16:04:37;0;0;;Validado Manual;;;
MVD:WeatherObserved:00006;Estación Meteorológica - Centro;2025-02-26 16:09:37;0;0;;Validado Manual;;;
MVD:WeatherObserved:00006;Estación Meteorológica - Centro;2025-02-26 16:14:37;0;0;;Validado Manual;;;
MVD:WeatherObserved:00006;Estación Meteorológica - Centro;2025-02-26 16:19:37;0;0;;Validado Manual;;;
MVD:WeatherObserved:00006;Estación Meteorológica - Centro;2025-02-26 16:24:38;0;0;;Validado Manual;;;
MVD:WeatherObserved:00006;Estación Meteorológica - Centro;2025-02-26 16:29:41;0;0;;Validado Manual;;;
MVD:WeatherObserved:00006;Estación Meteorológica - Centro;2025-02-26 16:34:38;0;0;;Validado Manual;;;
MVD:WeatherObserved:00006;Estación Meteorológica - Centro;2025-02-26 16:39:38;0;0;;Validado Manual;;;
MVD:WeatherObserved:00006;Estación Meteorológica - Centro;2025-02-26 16:44:38;0;0;;Validado Manual;;;
MVD:WeatherObserved:00006;Estación Meteorológica - Centro;2025-02-26 16:49:38;0;0;;Validado Manual;;;
MVD:WeatherObserved:00006;Estación Meteorológica - Centro;2025-02-26 16:54:38;0;0;;Validado Manual;;;
MVD:WeatherObserved:00006;Estación Meteorológica - Centro;2025-02-26 16:59:38;0;0;;Validado Manual;;;
MVD:WeatherObserved:00006;Estación Meteorológica - Centro;2025-02-26 17:04:38;0;0;;Validado Manual;;;
MVD:WeatherObserved:00006;Estación Meteorológica - Centro;2025-02-26 17:09:38;0;0;;Validado Manual;;;
MVD:WeatherObserved:00006;Estación Meteorológica - Centro;2025-02-26 17:14:38;0;0;;Validado Manual;;;
MVD:WeatherObserved:00006;Estación Meteorológica - Centro;2025-02-26 17:19:38;0;0;;Validado Manual;;;
MVD:WeatherObserved:00006;Estación Meteorológica - Centro;2025-02-26 17:24:38;0;0;;Validado Manual;;;
MVD:WeatherObserved:00006;Estación Meteorológica - Centro;2025-02-26 17:29:38;0;0;;Validado Manual;;;
MVD:WeatherObserved:00006;Estación Meteorológica - Centro;2025-02-26 17:34:38;0;0;;Validado Manual;;;
MVD:WeatherObserved:00006;Estación Meteorológica - Centro;2025-02-26 17:39:38;0;0;;Validado Manual;;;
MVD:WeatherObserved:00006;Estación Meteorológica - Centro;2025-02-26 17:44:39;0;0;;Validado Manual;;;
MVD:WeatherObserved:00006;Estación Meteorológica - Centro;2025-02-26 17:49:39;0;0;;Validado Manual;;;
MVD:WeatherObserved:00006;Estación Meteorológica - Centro;2025-02-26 17:54:39;0;0;;Validado Manual;;;
MVD:WeatherObserved:00006;Estación Meteorológica - Centro;2025-02-26 17:59:39;0;0;;Validado Manual;;;
MVD:WeatherObserved:00006;Estación Meteorológica - Centro;2025-02-26 18:04:39;0;0;;Validado Manual;;;
MVD:WeatherObserved:00006;Estación Meteorológica - Centro;2025-02-26 18:09:39;0;0;;Validado Manual;;;
MVD:WeatherObserved:00006;Estación Meteorológica - Centro;2025-02-26 18:14:39;0;0;;Validado Manual;;;
MVD:WeatherObserved:00006;Estación Meteorológica - Centro;2025-02-26 18:19:39;0;0;;Validado Manual;;;
MVD:WeatherObserved:00006;Estación Meteorológica - Centro;2025-02-26 18:24:39;0;0;;Validado Manual;;;
MVD:WeatherObserved:00006;Estación Meteorológica - Centro;2025-02-26 18:29:39;0;0;;Validado Manual;;;
MVD:WeatherObserved:00006;Estación Meteorológica - Centro;2025-02-26 18:34:39;0;0;;Validado Manual;;;
MVD:WeatherObserved:00006;Estación Meteorológica - Centro;2025-02-26 18:39:39;0;0;;Validado Manual;;;
MVD:WeatherObserved:00006;Estación Meteorológica - Centro;2025-02-26 18:44:39;0;0;;Validado Manual;;;
MVD:WeatherObserved:00006;Estación Meteorológica - Centro;2025-02-26 18:49:39;0;0;;Validado Manual;;;
MVD:WeatherObserved:00006;Estación Meteorológica - Centro;2025-02-26 18:54:40;0;0;;Validado Manual;;;
MVD:WeatherObserved:00006;Estación Meteorológica - Centro;2025-02-26 18:59:40;0;0;;Validado Manual;;;
MVD:WeatherObserved:00006;Estación Meteorológica - Centro;2025-02-26 19:04:40;0;0;;Validado Manual;;;
MVD:WeatherObserved:00006;Estación Meteorológica - Centro;2025-02-26 19:09:40;0;0;;Validado Manual;;;
MVD:WeatherObserved:00006;Estación Meteorológica - Centro;2025-02-26 19:14:40;0;0;;Validado Manual;;;
MVD:WeatherObserved:00006;Estación Meteorológica - Centro;2025-02-26 19:19:40;0;0;;Validado Manual;;;
MVD:WeatherObserved:00006;Estación Meteorológica - Centro;2025-02-26 19:24:40;0;0;;Validado Manual;;;
MVD:WeatherObserved:00006;Estación Meteorológica - Centro;2025-02-26 19:29:40;0;0;;Validado Manual;;;
MVD:WeatherObserved:00006;Estación Meteorológica - Centro;2025-02-26 19:34:40;0;0;;Validado Manual;;;
MVD:WeatherObserved:00006;Estación Meteorológica - Centro;2025-02-26 19:39:40;0;0;;Validado Manual;;;
MVD:WeatherObserved:00006;Estación Meteorológica - Centro;2025-02-26 19:44:40;0;0;;Validado Manual;;;
MVD:WeatherObserved:00006;Estación Meteorológica - Centro;2025-02-26 19:49:40;0;0;;Validado Manual;;;
MVD:WeatherObserved:00006;Estación Meteorológica - Centro;2025-02-26 19:54:40;0;0;;Validado Manual;;;
MVD:WeatherObserved:00006;Estación Meteorológica - Centro;2025-02-26 19:59:40;0;0;;Validado Manual;;;
MVD:WeatherObserved:00006;Estación Meteorológica - Centro;2025-02-26 20:04:40;0;0;;Validado Manual;;;
MVD:WeatherObserved:00006;Estación Meteorológica - Centro;2025-02-26 20:09:40;0;0;;Validado Manual;;;
MVD:WeatherObserved:00006;Estación Meteorológica - Centro;2025-02-26 20:14:41;0;0;;Validado Manual;;;
MVD:WeatherObserved:00006;Estación Meteorológica - Centro;2025-02-26 20:19:40;0;0;;Validado Manual;;;
MVD:WeatherObserved:00006;Estación Meteorológica - Centro;2025-02-26 20:24:41;0;0;;Validado Manual;;;
MVD:WeatherObserved:00006;Estación Meteorológica - Centro;2025-02-26 20:29:41;0;0;;Validado Manual;;;
MVD:WeatherObserved:00006;Estación Meteorológica - Centro;2025-02-26 20:34:41;0;0;;Validado Manual;;;
MVD:WeatherObserved:00006;Estación Meteorológica - Centro;2025-02-26 20:39:41;0;0;;Validado Manual;;;
MVD:WeatherObserved:00006;Estación Meteorológica - Centro;2025-02-26 20:44:41;0;0;;Validado Manual;;;
MVD:WeatherObserved:00006;Estación Meteorológica - Centro;2025-02-26 20:49:41;0;0;;Validado Manual;;;
MVD:WeatherObserved:00006;Estación Meteorológica - Centro;2025-02-26 20:54:41;0;0;;Validado Manual;;;
MVD:WeatherObserved:00006;Estación Meteorológica - Centro;2025-02-26 20:59:41;0;0;;Validado Manual;;;
MVD:WeatherObserved:00006;Estación Meteorológica - Centro;2025-02-26 21:04:41;0;0;;Validado Manual;;;
MVD:WeatherObserved:00006;Estación Meteorológica - Centro;2025-02-26 21:09:41;0;0;;Validado Manual;;;
MVD:WeatherObserved:00006;Estación Meteorológica - Centro;2025-02-26 21:14:41;0;0;;Validado Manual;;;
MVD:WeatherObserved:00006;Estación Meteorológica - Centro;2025-02-26 21:19:41;0;0;;Validado Manual;;;
MVD:WeatherObserved:00006;Estación Meteorológica - Centro;2025-02-26 21:24:41;0;0;;Validado Manual;;;
MVD:WeatherObserved:00006;Estación Meteorológica - Centro;2025-02-26 21:29:42;0;0;;Validado Manual;;;
MVD:WeatherObserved:00006;Estación Meteorológica - Centro;2025-02-26 21:34:42;0;0;;Validado Manual;;;
MVD:WeatherObserved:00006;Estación Meteorológica - Centro;2025-02-26 21:39:42;0;0;;Validado Manual;;;
MVD:WeatherObserved:00006;Estación Meteorológica - Centro;2025-02-26 21:44:42;0;0;;Validado Manual;;;
MVD:WeatherObserved:00006;Estación Meteorológica - Centro;2025-02-26 21:49:42;0;0;;Validado Manual;;;
MVD:WeatherObserved:00006;Estación Meteorológica - Centro;2025-02-26 21:54:42;0;0;;Validado Manual;;;
MVD:WeatherObserved:00006;Estación Meteorológica - Centro;2025-02-26 21:59:42;0;0;;Validado Manual;;;
MVD:WeatherObserved:00006;Estación Meteorológica - Centro;2025-02-26 22:04:42;0;0;;Validado Manual;;;
MVD:WeatherObserved:00006;Estación Meteorológica - Centro;2025-02-26 22:09:42;0;0;;Validado Manual;;;
MVD:WeatherObserved:00006;Estación Meteorológica - Centro;2025-02-26 22:14:42;0;0;;Validado Manual;;;
MVD:WeatherObserved:00006;Estación Meteorológica - Centro;2025-02-26 22:19:42;0;0;;Validado Manual;;;
MVD:WeatherObserved:00006;Estación Meteorológica - Centro;2025-02-26 22:24:42;0;0;;Validado Manual;;;
MVD:WeatherObserved:00006;Estación Meteorológica - Centro;2025-02-26 22:29:42;0;0;;Validado Manual;;;
MVD:WeatherObserved:00006;Estación Meteorológica - Centro;2025-02-26 22:34:42;0;0;;Validado Manual;;;
MVD:WeatherObserved:00006;Estación Meteorológica - Centro;2025-02-26 22:39:43;0;0;;Validado Manual;;;
MVD:WeatherObserved:00006;Estación Meteorológica - Centro;2025-02-26 22:44:43;0;0;;Validado Manual;;;
MVD:WeatherObserved:00006;Estación Meteorológica - Centro;2025-02-26 22:49:43;0;0;;Validado Manual;;;
MVD:WeatherObserved:00006;Estación Meteorológica - Centro;2025-02-26 22:54:43;0;0;;Validado Manual;;;
MVD:WeatherObserved:00006;Estación Meteorológica - Centro;2025-02-26 22:59:43;0;0;;Validado Manual;;;
MVD:WeatherObserved:00006;Estación Meteorológica - Centro;2025-02-26 23:04:43;0;0;;Validado Manual;;;
MVD:WeatherObserved:00006;Estación Meteorológica - Centro;2025-02-26 23:09:43;0;0;;Validado Manual;;;
MVD:WeatherObserved:00006;Estación Meteorológica - Centro;2025-02-26 23:14:43;0;0;;Validado Manual;;;
MVD:WeatherObserved:00006;Estación Meteorológica - Centro;2025-02-26 23:19:43;0;0;;Validado Manual;;;
MVD:WeatherObserved:00006;Estación Meteorológica - Centro;2025-02-26 23:24:43;0;0;;Validado Manual;;;
MVD:WeatherObserved:00006;Estación Meteorológica - Centro;2025-02-26 23:29:43;0;0;;Validado Manual;;;
MVD:WeatherObserved:00006;Estación Meteorológica - Centro;2025-02-26 23:34:43;0;0;;Validado Manual;;;
MVD:WeatherObserved:00006;Estación Meteorológica - Centro;2025-02-26 23:39:43;0;0;;Validado Manual;;;
MVD:WeatherObserved:00006;Estación Meteorológica - Centro;2025-02-26 23:44:44;0;0;;Validado Manual;;;
MVD:WeatherObserved:00006;Estación Meteorológica - Centro;2025-02-26 23:49:44;0;0;;Validado Manual;;;
MVD:WeatherObserved:00006;Estación Meteorológica - Centro;2025-02-26 23:54:44;0;0;;Validado Manual;;;
MVD:WeatherObserved:00006;Estación Meteorológica - Centro;2025-02-26 23:59:44;0;0;;Validado Manual;;;
MVD:WeatherObserved:00006;Estación Meteorológica - Centro;2025-02-27 00:04:44;0;0;;Validado Manual;;;
MVD:WeatherObserved:00006;Estación Meteorológica - Centro;2025-02-27 00:09:44;0;0;;Validado Manual;;;
MVD:WeatherObserved:00006;Estación Meteorológica - Centro;2025-02-27 00:14:44;0;0;;Validado Manual;;;
MVD:WeatherObserved:00006;Estación Meteorológica - Centro;2025-02-27 00:19:44;0;0;;Validado Manual;;;
MVD:WeatherObserved:00006;Estación Meteorológica - Centro;2025-02-27 00:24:44;0;0;;Validado Manual;;;
MVD:WeatherObserved:00006;Estación Meteorológica - Centro;2025-02-27 00:29:44;0;0;;Validado Manual;;;
MVD:WeatherObserved:00006;Estación Meteorológica - Centro;2025-02-27 00:34:44;0;0;;Validado Manual;;;
MVD:WeatherObserved:00006;Estación Meteorológica - Centro;2025-02-27 00:39:44;0;0;;Validado Manual;;;
MVD:WeatherObserved:00006;Estación Meteorológica - Centro;2025-02-27 00:44:44;0;0;;Validado Manual;;;
MVD:WeatherObserved:00006;Estación Meteorológica - Centro;2025-02-27 00:49:44;0;0;;Validado Manual;;;
MVD:WeatherObserved:00006;Estación Meteorológica - Centro;2025-02-27 00:54:44;0;0;;Validado Manual;;;
MVD:WeatherObserved:00006;Estación Meteorológica - Centro;2025-02-27 00:59:44;0;0;;Validado Manual;;;
MVD:WeatherObserved:00006;Estación Meteorológica - Centro;2025-02-27 01:04:44;0;0;;Validado Manual;;;
MVD:WeatherObserved:00006;Estación Meteorológica - Centro;2025-02-27 01:09:45;0;0;;Validado Manual;;;
MVD:WeatherObserved:00006;Estación Meteorológica - Centro;2025-02-27 01:14:45;0;0;;Validado Manual;;;
MVD:WeatherObserved:00006;Estación Meteorológica - Centro;2025-02-27 01:19:45;0;0;;Validado Manual;;;
MVD:WeatherObserved:00006;Estación Meteorológica - Centro;2025-02-27 01:24:45;0;0;;Validado Manual;;;
MVD:WeatherObserved:00006;Estación Meteorológica - Centro;2025-02-27 01:29:45;0;0;;Validado Manual;;;
MVD:WeatherObserved:00006;Estación Meteorológica - Centro;2025-02-27 01:34:45;0;0;;Validado Manual;;;
MVD:WeatherObserved:00006;Estación Meteorológica - Centro;2025-02-27 01:39:45;0;0;;Validado Manual;;;
MVD:WeatherObserved:00006;Estación Meteorológica - Centro;2025-02-27 01:44:45;0;0;;Validado Manual;;;
MVD:WeatherObserved:00006;Estación Meteorológica - Centro;2025-02-27 01:49:45;0;0;;Validado Manual;;;
MVD:WeatherObserved:00006;Estación Meteorológica - Centro;2025-02-27 01:54:45;0;0;;Validado Manual;;;
MVD:WeatherObserved:00006;Estación Meteorológica - Centro;2025-02-27 01:59:45;0;0;;Validado Manual;;;
MVD:WeatherObserved:00006;Estación Meteorológica - Centro;2025-02-27 02:04:45;0;0;;Validado Manual;;;
MVD:WeatherObserved:00006;Estación Meteorológica - Centro;2025-02-27 02:09:45;0;0;;Validado Manual;;;
MVD:WeatherObserved:00006;Estación Meteorológica - Centro;2025-02-27 02:14:46;0;0;;Validado Manual;;;
MVD:WeatherObserved:00006;Estación Meteorológica - Centro;2025-02-27 02:19:46;0;0;;Validado Manual;;;
MVD:WeatherObserved:00006;Estación Meteorológica - Centro;2025-02-27 02:24:46;0;0;;Validado Manual;;;
MVD:WeatherObserved:00006;Estación Meteorológica - Centro;2025-02-27 02:29:46;0;0;;Validado Manual;;;
MVD:WeatherObserved:00006;Estación Meteorológica - Centro;2025-02-27 02:34:46;0;0;;Validado Manual;;;
MVD:WeatherObserved:00006;Estación Meteorológica - Centro;2025-02-27 02:39:46;0;0;;Validado Manual;;;
MVD:WeatherObserved:00006;Estación Meteorológica - Centro;2025-02-27 02:44:46;0;0;;Validado Manual;;;
MVD:WeatherObserved:00006;Estación Meteorológica - Centro;2025-02-27 02:49:46;0;0;;Validado Manual;;;
MVD:WeatherObserved:00006;Estación Meteorológica - Centro;2025-02-27 02:54:46;0;0;;Validado Manual;;;
MVD:WeatherObserved:00006;Estación Meteorológica - Centro;2025-02-27 02:59:46;0;0;;Validado Manual;;;
MVD:WeatherObserved:00006;Estación Meteorológica - Centro;2025-02-27 03:04:46;0;0;;Validado Manual;;;
MVD:WeatherObserved:00006;Estación Meteorológica - Centro;2025-02-27 03:09:46;0;0;;Validado Manual;;;
MVD:WeatherObserved:00006;Estación Meteorológica - Centro;2025-02-27 03:14:46;0;0;;Validado Manual;;;
MVD:WeatherObserved:00006;Estación Meteorológica - Centro;2025-02-27 03:19:46;0;0;;Validado Manual;;;
MVD:WeatherObserved:00006;Estación Meteorológica - Centro;2025-02-27 03:24:47;0;0;;Validado Manual;;;
MVD:WeatherObserved:00006;Estación Meteorológica - Centro;2025-02-27 03:29:47;0;0;;Validado Manual;;;
MVD:WeatherObserved:00006;Estación Meteorológica - Centro;2025-02-27 03:34:47;0;0;;Validado Manual;;;
MVD:WeatherObserved:00006;Estación Meteorológica - Centro;2025-02-27 03:39:47;0;0;;Validado Manual;;;
MVD:WeatherObserved:00006;Estación Meteorológica - Centro;2025-02-27 03:44:47;0;0;;Validado Manual;;;
MVD:WeatherObserved:00006;Estación Meteorológica - Centro;2025-02-27 03:49:47;0;0;;Validado Manual;;;
MVD:WeatherObserved:00006;Estación Meteorológica - Centro;2025-02-27 03:54:47;0;0;;Validado Manual;;;
MVD:WeatherObserved:00006;Estación Meteorológica - Centro;2025-02-27 03:59:47;0;0;;Validado Manual;;;
MVD:WeatherObserved:00006;Estación Meteorológica - Centro;2025-02-27 04:04:47;0;0;;Validado Manual;;;
MVD:WeatherObserved:00006;Estación Meteorológica - Centro;2025-02-27 04:09:47;0;0;;Validado Manual;;;
MVD:WeatherObserved:00006;Estación Meteorológica - Centro;2025-02-27 04:14:47;0;0;;Validado Manual;;;
MVD:WeatherObserved:00006;Estación Meteorológica - Centro;2025-02-27 04:19:47;0;0;;Validado Manual;;;
MVD:WeatherObserved:00006;Estación Meteorológica - Centro;2025-02-27 04:24:47;0;0;;Validado Manual;;;
MVD:WeatherObserved:00006;Estación Meteorológica - Centro;2025-02-27 04:29:47;0;0;;Validado Manual;;;
MVD:WeatherObserved:00006;Estación Meteorológica - Centro;2025-02-27 04:34:48;0;0;;Validado Manual;;;
MVD:WeatherObserved:00006;Estación Meteorológica - Centro;2025-02-27 04:39:48;0;0;;Validado Manual;;;
MVD:WeatherObserved:00006;Estación Meteorológica - Centro;2025-02-27 04:44:48;0;0;;Validado Manual;;;
MVD:WeatherObserved:00006;Estación Meteorológica - Centro;2025-02-27 04:49:48;0;0;;Validado Manual;;;
MVD:WeatherObserved:00006;Estación Meteorológica - Centro;2025-02-27 04:54:48;0;0;;Validado Manual;;;
MVD:WeatherObserved:00006;Estación Meteorológica - Centro;2025-02-27 04:59:48;0;0;;Validado Manual;;;
MVD:WeatherObserved:00006;Estación Meteorológica - Centro;2025-02-27 05:04:48;0;0;;Validado Manual;;;
MVD:WeatherObserved:00006;Estación Meteorológica - Centro;2025-02-27 05:09:48;0;0;;Validado Manual;;;
MVD:WeatherObserved:00006;Estación Meteorológica - Centro;2025-02-27 05:14:48;0;0;;Validado Manual;;;
MVD:WeatherObserved:00006;Estación Meteorológica - Centro;2025-02-27 05:19:48;0;0;;Validado Manual;;;
MVD:WeatherObserved:00006;Estación Meteorológica - Centro;2025-02-27 05:24:48;0;0;;Validado Manual;;;
MVD:WeatherObserved:00006;Estación Meteorológica - Centro;2025-02-27 05:29:48;0;0;;Validado Manual;;;
MVD:WeatherObserved:00006;Estación Meteorológica - Centro;2025-02-27 05:34:48;0;0;;Validado Manual;;;
MVD:WeatherObserved:00006;Estación Meteorológica - Centro;2025-02-27 05:39:48;0;0;;Validado Manual;;;
MVD:WeatherObserved:00006;Estación Meteorológica - Centro;2025-02-27 05:44:48;0;0;;Validado Manual;;;
MVD:WeatherObserved:00006;Estación Meteorológica - Centro;2025-02-27 05:49:49;0;0;;Validado Manual;;;
MVD:WeatherObserved:00006;Estación Meteorológica - Centro;2025-02-27 05:54:49;0;0;;Validado Manual;;;
MVD:WeatherObserved:00006;Estación Meteorológica - Centro;2025-02-27 05:59:49;0;0;;Validado Manual;;;
MVD:WeatherObserved:00006;Estación Meteorológica - Centro;2025-02-27 06:04:49;0;0;;Validado Manual;;;
MVD:WeatherObserved:00006;Estación Meteorológica - Centro;2025-02-27 06:09:49;0;0;;Validado Manual;;;
MVD:WeatherObserved:00006;Estación Meteorológica - Centro;2025-02-27 06:14:49;0;0;;Validado Manual;;;
MVD:WeatherObserved:00006;Estación Meteorológica - Centro;2025-02-27 06:19:49;0;0;;Validado Manual;;;
MVD:WeatherObserved:00006;Estación Meteorológica - Centro;2025-02-27 06:24:49;0;0;;Validado Manual;;;
MVD:WeatherObserved:00006;Estación Meteorológica - Centro;2025-02-27 06:29:49;0;0;;Validado Manual;;;
MVD:WeatherObserved:00006;Estación Meteorológica - Centro;2025-02-27 06:34:49;0;0;;Validado Manual;;;
MVD:WeatherObserved:00006;Estación Meteorológica - Centro;2025-02-27 06:39:49;0;0;;Validado Manual;;;
MVD:WeatherObserved:00006;Estación Meteorológica - Centro;2025-02-27 06:44:49;0;0;;Validado Manual;;;
MVD:WeatherObserved:00006;Estación Meteorológica - Centro;2025-02-27 06:49:49;0;0;;Validado Manual;;;
MVD:WeatherObserved:00006;Estación Meteorológica - Centro;2025-02-27 06:54:49;0;0;;Validado Manual;;;
MVD:WeatherObserved:00006;Estación Meteorológica - Centro;2025-02-27 06:59:49;0;0;;Validado Manual;;;
MVD:WeatherObserved:00006;Estación Meteorológica - Centro;2025-02-27 07:04:49;0;0;;Validado Manual;;;
MVD:WeatherObserved:00006;Estación Meteorológica - Centro;2025-02-27 07:09:50;0;0;;Validado Manual;;;
MVD:WeatherObserved:00006;Estación Meteorológica - Centro;2025-02-27 07:14:50;0;0;;Validado Manual;;;
MVD:WeatherObserved:00006;Estación Meteorológica - Centro;2025-02-27 07:19:50;0;0;;Validado Manual;;;
MVD:WeatherObserved:00006;Estación Meteorológica - Centro;2025-02-27 07:24:50;0;0;;Validado Manual;;;
MVD:WeatherObserved:00006;Estación Meteorológica - Centro;2025-02-27 07:29:50;0;0;;Validado Manual;;;
MVD:WeatherObserved:00006;Estación Meteorológica - Centro;2025-02-27 07:34:50;0;0;;Validado Manual;;;
MVD:WeatherObserved:00006;Estación Meteorológica - Centro;2025-02-27 07:39:50;0;0;;Validado Manual;;;
MVD:WeatherObserved:00006;Estación Meteorológica - Centro;2025-02-27 07:44:50;0;0;;Validado Manual;;;
MVD:WeatherObserved:00006;Estación Meteorológica - Centro;2025-02-27 07:49:50;0;0;;Validado Manual;;;
MVD:WeatherObserved:00006;Estación Meteorológica - Centro;2025-02-27 07:54:50;0;0;;Validado Manual;;;
MVD:WeatherObserved:00006;Estación Meteorológica - Centro;2025-02-27 07:59:50;0;0;;Validado Manual;;;
MVD:WeatherObserved:00006;Estación Meteorológica - Centro;2025-02-27 08:04:50;0;0;;Validado Manual;;;
MVD:WeatherObserved:00006;Estación Meteorológica - Centro;2025-02-27 08:09:50;0;0;;Validado Manual;;;
MVD:WeatherObserved:00006;Estación Meteorológica - Centro;2025-02-27 08:14:50;0;0;;Validado Manual;;;
MVD:WeatherObserved:00006;Estación Meteorológica - Centro;2025-02-27 08:19:51;0;0;;Validado Manual;;;
MVD:WeatherObserved:00006;Estación Meteorológica - Centro;2025-02-27 08:24:51;0;0;;Validado Manual;;;
MVD:WeatherObserved:00006;Estación Meteorológica - Centro;2025-02-27 08:29:51;0;0;;Validado Manual;;;
MVD:WeatherObserved:00006;Estación Meteorológica - Centro;2025-02-27 08:34:51;0;0;;Validado Manual;;;
MVD:WeatherObserved:00006;Estación Meteorológica - Centro;2025-02-27 08:39:51;0;0;;Validado Manual;;;
MVD:WeatherObserved:00006;Estación Meteorológica - Centro;2025-02-27 08:44:51;0;0;;Validado Manual;;;
MVD:WeatherObserved:00006;Estación Meteorológica - Centro;2025-02-27 08:49:51;0;0;;Validado Manual;;;
MVD:WeatherObserved:00006;Estación Meteorológica - Centro;2025-02-27 08:54:51;0;0;;Validado Manual;;;
MVD:WeatherObserved:00006;Estación Meteorológica - Centro;2025-02-27 08:59:51;0;0;;Validado Manual;;;
MVD:WeatherObserved:00006;Estación Meteorológica - Centro;2025-02-27 09:04:51;0;0;;Validado Manual;;;
MVD:WeatherObserved:00006;Estación Meteorológica - Centro;2025-02-27 09:09:51;0;0;;Validado Manual;;;
MVD:WeatherObserved:00006;Estación Meteorológica - Centro;2025-02-27 09:14:51;0;0;;Validado Manual;;;
MVD:WeatherObserved:00006;Estación Meteorológica - Centro;2025-02-27 09:19:51;0;0;;Validado Manual;;;
MVD:WeatherObserved:00006;Estación Meteorológica - Centro;2025-02-27 09:24:52;0;0;;Validado Manual;;;
MVD:WeatherObserved:00006;Estación Meteorológica - Centro;2025-02-27 09:29:52;0;0;;Validado Manual;;;
MVD:WeatherObserved:00006;Estación Meteorológica - Centro;2025-02-27 09:34:52;0;0;;Validado Manual;;;
MVD:WeatherObserved:00006;Estación Meteorológica - Centro;2025-02-27 09:39:52;0;0;;Validado Manual;;;
MVD:WeatherObserved:00006;Estación Meteorológica - Centro;2025-02-27 09:44:52;0;0;;Validado Manual;;;
MVD:WeatherObserved:00006;Estación Meteorológica - Centro;2025-02-27 09:49:52;0;0;;Validado Manual;;;
MVD:WeatherObserved:00006;Estación Meteorológica - Centro;2025-02-27 09:54:52;0;0;;Validado Manual;;;
MVD:WeatherObserved:00006;Estación Meteorológica - Centro;2025-02-27 09:59:52;0;0;;Validado Manual;;;
MVD:WeatherObserved:00006;Estación Meteorológica - Centro;2025-02-27 10:04:52;0;0;;Validado Manual;;;
MVD:WeatherObserved:00006;Estación Meteorológica - Centro;2025-02-27 10:09:52;0;0;;Validado Manual;;;
MVD:WeatherObserved:00006;Estación Meteorológica - Centro;2025-02-27 10:14:52;0;0;;Validado Manual;;;
MVD:WeatherObserved:00006;Estación Meteorológica - Centro;2025-02-27 10:19:52;0;0;;Validado Manual;;;
MVD:WeatherObserved:00006;Estación Meteorológica - Centro;2025-02-27 10:24:52;0;0;;Validado Manual;;;
MVD:WeatherObserved:00006;Estación Meteorológica - Centro;2025-02-27 10:29:52;0;0;;Validado Manual;;;
MVD:WeatherObserved:00006;Estación Meteorológica - Centro;2025-02-27 10:34:52;0;0;;Validado Manual;;;
MVD:WeatherObserved:00006;Estación Meteorológica - Centro;2025-02-27 10:39:52;0;0;;Validado Manual;;;
MVD:WeatherObserved:00006;Estación Meteorológica - Centro;2025-02-27 10:44:53;0;0;;Validado Manual;;;
MVD:WeatherObserved:00006;Estación Meteorológica - Centro;2025-02-27 10:49:53;0;0;;Validado Manual;;;
MVD:WeatherObserved:00006;Estación Meteorológica - Centro;2025-02-27 10:54:53;0;0;;Validado Manual;;;
MVD:WeatherObserved:00006;Estación Meteorológica - Centro;2025-02-27 10:59:53;0;0;;Validado Manual;;;
MVD:WeatherObserved:00006;Estación Meteorológica - Centro;2025-02-27 11:04:53;0;0;;Validado Manual;;;
MVD:WeatherObserved:00006;Estación Meteorológica - Centro;2025-02-27 11:09:53;0;0;;Validado Manual;;;
MVD:WeatherObserved:00006;Estación Meteorológica - Centro;2025-02-27 11:14:53;0;0;;Validado Manual;;;
MVD:WeatherObserved:00006;Estación Meteorológica - Centro;2025-02-27 11:19:53;0;0;;Validado Manual;;;
MVD:WeatherObserved:00006;Estación Meteorológica - Centro;2025-02-27 11:24:53;0;0;;Validado Manual;;;
MVD:WeatherObserved:00006;Estación Meteorológica - Centro;2025-02-27 11:29:53;0;0;;Validado Manual;;;
MVD:WeatherObserved:00006;Estación Meteorológica - Centro;2025-02-27 11:34:53;0;0;;Validado Manual;;;
MVD:WeatherObserved:00006;Estación Meteorológica - Centro;2025-02-27 11:39:53;0;0;;Validado Manual;;;
MVD:WeatherObserved:00006;Estación Meteorológica - Centro;2025-02-27 11:44:53;0;0;;Validado Manual;;;
MVD:WeatherObserved:00006;Estación Meteorológica - Centro;2025-02-27 11:49:53;0;0;;Validado Manual;;;
MVD:WeatherObserved:00006;Estación Meteorológica - Centro;2025-02-27 11:54:53;0;0;;Validado Manual;;;
MVD:WeatherObserved:00006;Estación Meteorológica - Centro;2025-02-27 11:59:54;0;0;;Validado Manual;;;
MVD:WeatherObserved:00006;Estación Meteorológica - Centro;2025-02-27 12:04:54;0;0;;Validado Manual;;;
MVD:WeatherObserved:00006;Estación Meteorológica - Centro;2025-02-27 12:09:54;0;0;;Validado Manual;;;
MVD:WeatherObserved:00006;Estación Meteorológica - Centro;2025-02-27 12:14:54;0;0;;Validado Manual;;;
MVD:WeatherObserved:00006;Estación Meteorológica - Centro;2025-02-27 12:19:54;0;0;;Validado Manual;;;
MVD:WeatherObserved:00006;Estación Meteorológica - Centro;2025-02-27 12:24:54;0;0;;Validado Manual;;;
MVD:WeatherObserved:00006;Estación Meteorológica - Centro;2025-02-27 12:29:54;0;0;;Validado Manual;;;
MVD:WeatherObserved:00006;Estación Meteorológica - Centro;2025-02-27 12:34:54;0;0;;Validado Manual;;;
MVD:WeatherObserved:00006;Estación Meteorológica - Centro;2025-02-27 12:39:54;0;0;;Validado Manual;;;
MVD:WeatherObserved:00006;Estación Meteorológica - Centro;2025-02-27 12:44:54;0;0;;Validado Manual;;;
MVD:WeatherObserved:00006;Estación Meteorológica - Centro;2025-02-27 12:49:54;0;0;;Validado Manual;;;
MVD:WeatherObserved:00006;Estación Meteorológica - Centro;2025-02-27 12:54:54;0;0;;Validado Manual;;;
MVD:WeatherObserved:00006;Estación Meteorológica - Centro;2025-02-27 12:59:54;0;0;;Validado Manual;;;
MVD:WeatherObserved:00006;Estación Meteorológica - Centro;2025-02-27 13:04:54;0;0;;Validado Manual;;;
MVD:WeatherObserved:00006;Estación Meteorológica - Centro;2025-02-27 13:09:54;0;0;;Validado Manual;;;
MVD:WeatherObserved:00006;Estación Meteorológica - Centro;2025-02-27 13:14:54;0;0;;Validado Manual;;;
MVD:WeatherObserved:00006;Estación Meteorológica - Centro;2025-02-27 13:19:55;0;0;;Validado Manual;;;
MVD:WeatherObserved:00006;Estación Meteorológica - Centro;2025-02-27 13:24:55;0;0;;Validado Manual;;;
MVD:WeatherObserved:00006;Estación Meteorológica - Centro;2025-02-27 13:29:55;0;0;;Validado Manual;;;
MVD:WeatherObserved:00006;Estación Meteorológica - Centro;2025-02-27 13:34:55;0;0;;Validado Manual;;;
MVD:WeatherObserved:00006;Estación Meteorológica - Centro;2025-02-27 13:39:55;0;0;;Validado Manual;;;
MVD:WeatherObserved:00006;Estación Meteorológica - Centro;2025-02-27 13:44:55;0;0;;Validado Manual;;;
MVD:WeatherObserved:00006;Estación Meteorológica - Centro;2025-02-27 13:49:55;0;0;;Validado Manual;;;
MVD:WeatherObserved:00006;Estación Meteorológica - Centro;2025-02-27 13:54:55;0;0;;Validado Manual;;;
MVD:WeatherObserved:00006;Estación Meteorológica - Centro;2025-02-27 13:59:55;0;0;;Validado Manual;;;
MVD:WeatherObserved:00006;Estación Meteorológica - Centro;2025-02-27 14:04:55;0;0;;Validado Manual;;;
MVD:WeatherObserved:00006;Estación Meteorológica - Centro;2025-02-27 14:09:55;0;0;;Validado Manual;;;
MVD:WeatherObserved:00006;Estación Meteorológica - Centro;2025-02-27 14:14:55;0;0;;Validado Manual;;;
MVD:WeatherObserved:00006;Estación Meteorológica - Centro;2025-02-27 14:19:56;0;0;;Validado Manual;;;
MVD:WeatherObserved:00006;Estación Meteorológica - Centro;2025-02-27 14:24:56;0;0;;Validado Manual;;;
MVD:WeatherObserved:00006;Estación Meteorológica - Centro;2025-02-27 14:29:56;0;0;;Validado Manual;;;
MVD:WeatherObserved:00006;Estación Meteorológica - Centro;2025-02-27 14:34:56;0;0;;Validado Manual;;;
MVD:WeatherObserved:00006;Estación Meteorológica - Centro;2025-02-27 14:39:56;0;0;;Validado Manual;;;
MVD:WeatherObserved:00006;Estación Meteorológica - Centro;2025-02-27 14:44:56;0;0;;Validado Manual;;;
MVD:WeatherObserved:00006;Estación Meteorológica - Centro;2025-02-27 14:49:56;0;0;;Validado Manual;;;
MVD:WeatherObserved:00006;Estación Meteorológica - Centro;2025-02-27 14:54:56;0;0;;Validado Manual;;;
MVD:WeatherObserved:00006;Estación Meteorológica - Centro;2025-02-27 14:59:56;0;0;;Validado Manual;;;
MVD:WeatherObserved:00006;Estación Meteorológica - Centro;2025-02-27 15:04:56;0;0;;Validado Manual;;;
MVD:WeatherObserved:00006;Estación Meteorológica - Centro;2025-02-27 15:09:56;0;0;;Validado Manual;;;
MVD:WeatherObserved:00006;Estación Meteorológica - Centro;2025-02-27 15:14:56;0;0;;Validado Manual;;;
MVD:WeatherObserved:00006;Estación Meteorológica - Centro;2025-02-27 15:19:57;0;0;;Validado Manual;;;
MVD:WeatherObserved:00006;Estación Meteorológica - Centro;2025-02-27 15:24:57;0;0;;Validado Manual;;;
MVD:WeatherObserved:00006;Estación Meteorológica - Centro;2025-02-27 15:29:57;0;0;;Validado Manual;;;
MVD:WeatherObserved:00006;Estación Meteorológica - Centro;2025-02-27 15:34:57;0;0;;Validado Manual;;;
MVD:WeatherObserved:00006;Estación Meteorológica - Centro;2025-02-27 15:39:57;0;0;;Validado Manual;;;
MVD:WeatherObserved:00006;Estación Meteorológica - Centro;2025-02-27 15:44:57;0;0;;Validado Manual;;;
MVD:WeatherObserved:00006;Estación Meteorológica - Centro;2025-02-27 15:49:57;0;0;;Validado Manual;;;
MVD:WeatherObserved:00006;Estación Meteorológica - Centro;2025-02-27 15:54:57;0;0;;Validado Manual;;;
MVD:WeatherObserved:00006;Estación Meteorológica - Centro;2025-02-27 15:59:57;0;0;;Validado Manual;;;
MVD:WeatherObserved:00006;Estación Meteorológica - Centro;2025-02-27 16:04:57;0;0;;Validado Manual;;;
MVD:WeatherObserved:00006;Estación Meteorológica - Centro;2025-02-27 16:09:57;0;0;;Validado Manual;;;
MVD:WeatherObserved:00006;Estación Meteorológica - Centro;2025-02-27 16:14:57;0;0;;Validado Manual;;;
MVD:WeatherObserved:00006;Estación Meteorológica - Centro;2025-02-27 16:19:58;0;0;;Validado Manual;;;
MVD:WeatherObserved:00006;Estación Meteorológica - Centro;2025-02-27 16:24:58;0;0;;Validado Manual;;;
MVD:WeatherObserved:00006;Estación Meteorológica - Centro;2025-02-27 16:29:58;0;0;;Validado Manual;;;
MVD:WeatherObserved:00006;Estación Meteorológica - Centro;2025-02-27 16:34:58;0;0;;Validado Manual;;;
MVD:WeatherObserved:00006;Estación Meteorológica - Centro;2025-02-27 16:39:58;0;0;;Validado Manual;;;
MVD:WeatherObserved:00006;Estación Meteorológica - Centro;2025-02-27 16:44:58;0;0;;Validado Manual;;;
MVD:WeatherObserved:00006;Estación Meteorológica - Centro;2025-02-27 16:49:58;0;0;;Validado Manual;;;
MVD:WeatherObserved:00006;Estación Meteorológica - Centro;2025-02-27 16:54:58;0;0;;Validado Manual;;;
MVD:WeatherObserved:00006;Estación Meteorológica - Centro;2025-02-27 16:59:58;0;0;;Validado Manual;;;
MVD:WeatherObserved:00006;Estación Meteorológica - Centro;2025-02-27 17:04:58;0;0;;Validado Manual;;;
MVD:WeatherObserved:00006;Estación Meteorológica - Centro;2025-02-27 17:09:58;0;0;;Validado Manual;;;
MVD:WeatherObserved:00006;Estación Meteorológica - Centro;2025-02-27 17:14:58;0;0;;Validado Manual;;;
MVD:WeatherObserved:00006;Estación Meteorológica - Centro;2025-02-27 17:20:02;0;0;;Validado Manual;;;
MVD:WeatherObserved:00006;Estación Meteorológica - Centro;2025-02-27 17:24:59;0;0;;Validado Manual;;;
MVD:WeatherObserved:00006;Estación Meteorológica - Centro;2025-02-27 17:29:59;0;0;;Validado Manual;;;
MVD:WeatherObserved:00006;Estación Meteorológica - Centro;2025-02-27 17:34:59;0;0;;Validado Manual;;;
MVD:WeatherObserved:00006;Estación Meteorológica - Centro;2025-02-27 17:39:59;0;0;;Validado Manual;;;
MVD:WeatherObserved:00006;Estación Meteorológica - Centro;2025-02-27 17:44:59;0;0;;Validado Manual;;;
MVD:WeatherObserved:00006;Estación Meteorológica - Centro;2025-02-27 17:49:59;0;0;;Validado Manual;;;
MVD:WeatherObserved:00006;Estación Meteorológica - Centro;2025-02-27 17:54:59;0;0;;Validado Manual;;;
MVD:WeatherObserved:00006;Estación Meteorológica - Centro;2025-02-27 17:59:59;0;0;;Validado Manual;;;
MVD:WeatherObserved:00006;Estación Meteorológica - Centro;2025-02-27 18:04:59;0;0;;Validado Manual;;;
MVD:WeatherObserved:00006;Estación Meteorológica - Centro;2025-02-27 18:09:59;0;0;;Validado Manual;;;
MVD:WeatherObserved:00006;Estación Meteorológica - Centro;2025-02-27 18:14:59;0;0;;Validado Manual;;;
MVD:WeatherObserved:00006;Estación Meteorológica - Centro;2025-02-27 18:19:59;0;0;;Validado Manual;;;
MVD:WeatherObserved:00006;Estación Meteorológica - Centro;2025-02-27 18:24:59;0;0;;Validado Manual;;;
MVD:WeatherObserved:00006;Estación Meteorológica - Centro;2025-02-27 18:29:59;0;0;;Validado Manual;;;
MVD:WeatherObserved:00006;Estación Meteorológica - Centro;2025-02-27 18:35:00;0;0;;Validado Manual;;;
MVD:WeatherObserved:00006;Estación Meteorológica - Centro;2025-02-27 18:40:00;0;0;;Validado Manual;;;
MVD:WeatherObserved:00006;Estación Meteorológica - Centro;2025-02-27 18:45:00;0;0;;Validado Manual;;;
MVD:WeatherObserved:00006;Estación Meteorológica - Centro;2025-02-27 18:50:00;0;0;;Validado Manual;;;
MVD:WeatherObserved:00006;Estación Meteorológica - Centro;2025-02-27 18:55:00;0;0;;Validado Manual;;;
MVD:WeatherObserved:00006;Estación Meteorológica - Centro;2025-02-27 19:00:00;0;0;;Validado Manual;;;
MVD:WeatherObserved:00006;Estación Meteorológica - Centro;2025-02-27 19:05:00;0;0;;Validado Manual;;;
MVD:WeatherObserved:00006;Estación Meteorológica - Centro;2025-02-27 19:10:00;0;0;;Validado Manual;;;
MVD:WeatherObserved:00006;Estación Meteorológica - Centro;2025-02-27 19:15:00;0;0;;Validado Manual;;;
MVD:WeatherObserved:00006;Estación Meteorológica - Centro;2025-02-27 19:20:00;0;0;;Validado Manual;;;
MVD:WeatherObserved:00006;Estación Meteorológica - Centro;2025-02-27 19:25:00;0;0;;Validado Manual;;;
MVD:WeatherObserved:00006;Estación Meteorológica - Centro;2025-02-27 19:30:01;0;0;;Validado Manual;;;
MVD:WeatherObserved:00006;Estación Meteorológica - Centro;2025-02-27 19:35:01;0;0;;Validado Manual;;;
MVD:WeatherObserved:00006;Estación Meteorológica - Centro;2025-02-27 19:40:01;0;0;;Validado Manual;;;
MVD:WeatherObserved:00006;Estación Meteorológica - Centro;2025-02-27 19:45:01;0;0;;Validado Manual;;;
MVD:WeatherObserved:00006;Estación Meteorológica - Centro;2025-02-27 19:50:01;0;0;;Validado Manual;;;
MVD:WeatherObserved:00006;Estación Meteorológica - Centro;2025-02-27 19:55:01;0;0;;Validado Manual;;;
MVD:WeatherObserved:00006;Estación Meteorológica - Centro;2025-02-27 20:00:01;0;0;;Validado Manual;;;
MVD:WeatherObserved:00006;Estación Meteorológica - Centro;2025-02-27 20:05:01;0;0;;Validado Manual;;;
MVD:WeatherObserved:00006;Estación Meteorológica - Centro;2025-02-27 20:10:01;0;0;;Validado Manual;;;
MVD:WeatherObserved:00006;Estación Meteorológica - Centro;2025-02-27 20:15:01;0;0;;Validado Manual;;;
MVD:WeatherObserved:00006;Estación Meteorológica - Centro;2025-02-27 20:20:01;0;0;;Validado Manual;;;
MVD:WeatherObserved:00006;Estación Meteorológica - Centro;2025-02-27 20:25:01;0;0;;Validado Manual;;;
MVD:WeatherObserved:00006;Estación Meteorológica - Centro;2025-02-27 20:30:01;0;0;;Validado Manual;;;
MVD:WeatherObserved:00006;Estación Meteorológica - Centro;2025-02-27 20:35:01;0;0;;Validado Manual;;;
MVD:WeatherObserved:00006;Estación Meteorológica - Centro;2025-02-27 20:40:02;0;0;;Validado Manual;;;
MVD:WeatherObserved:00006;Estación Meteorológica - Centro;2025-02-27 20:45:02;0;0;;Validado Manual;;;
MVD:WeatherObserved:00006;Estación Meteorológica - Centro;2025-02-27 20:50:02;0;0;;Validado Manual;;;
MVD:WeatherObserved:00006;Estación Meteorológica - Centro;2025-02-27 20:55:02;0;0;;Validado Manual;;;
MVD:WeatherObserved:00006;Estación Meteorológica - Centro;2025-02-27 21:00:02;0;0;;Validado Manual;;;
MVD:WeatherObserved:00006;Estación Meteorológica - Centro;2025-02-27 21:05:02;0;0;;Validado Manual;;;
MVD:WeatherObserved:00006;Estación Meteorológica - Centro;2025-02-27 21:10:02;0;0;;Validado Manual;;;
MVD:WeatherObserved:00006;Estación Meteorológica - Centro;2025-02-27 21:15:02;0;0;;Validado Manual;;;
MVD:WeatherObserved:00006;Estación Meteorológica - Centro;2025-02-27 21:20:02;0;0;;Validado Manual;;;
MVD:WeatherObserved:00006;Estación Meteorológica - Centro;2025-02-27 21:25:02;0;0;;Validado Manual;;;
MVD:WeatherObserved:00006;Estación Meteorológica - Centro;2025-02-27 21:30:02;0;0;;Validado Manual;;;
MVD:WeatherObserved:00006;Estación Meteorológica - Centro;2025-02-27 21:35:02;0;0;;Validado Manual;;;
MVD:WeatherObserved:00006;Estación Meteorológica - Centro;2025-02-27 21:40:02;0;0;;Validado Manual;;;
MVD:WeatherObserved:00006;Estación Meteorológica - Centro;2025-02-27 21:45:02;0;0;;Validado Manual;;;
MVD:WeatherObserved:00006;Estación Meteorológica - Centro;2025-02-27 21:50:02;0;0;;Validado Manual;;;
MVD:WeatherObserved:00006;Estación Meteorológica - Centro;2025-02-27 21:55:02;0;0;;Validado Manual;;;
MVD:WeatherObserved:00006;Estación Meteorológica - Centro;2025-02-27 22:00:03;0;0;;Validado Manual;;;
MVD:WeatherObserved:00006;Estación Meteorológica - Centro;2025-02-27 22:05:03;0;0;;Validado Manual;;;
MVD:WeatherObserved:00006;Estación Meteorológica - Centro;2025-02-27 22:10:03;0;0;;Validado Manual;;;
MVD:WeatherObserved:00006;Estación Meteorológica - Centro;2025-02-27 22:15:03;0;0;;Validado Manual;;;
MVD:WeatherObserved:00006;Estación Meteorológica - Centro;2025-02-27 22:20:03;0;0;;Validado Manual;;;
MVD:WeatherObserved:00006;Estación Meteorológica - Centro;2025-02-27 22:25:03;0;0;;Validado Manual;;;
MVD:WeatherObserved:00006;Estación Meteorológica - Centro;2025-02-27 22:30:03;0;0;;Validado Manual;;;
MVD:WeatherObserved:00006;Estación Meteorológica - Centro;2025-02-27 22:35:03;0;0;;Validado Manual;;;
MVD:WeatherObserved:00006;Estación Meteorológica - Centro;2025-02-27 22:40:03;0;0;;Validado Manual;;;
MVD:WeatherObserved:00006;Estación Meteorológica - Centro;2025-02-27 22:45:03;0;0;;Validado Manual;;;
MVD:WeatherObserved:00006;Estación Meteorológica - Centro;2025-02-27 22:50:03;0;0;;Validado Manual;;;
MVD:WeatherObserved:00006;Estación Meteorológica - Centro;2025-02-27 22:55:03;0;0;;Validado Manual;;;
MVD:WeatherObserved:00006;Estación Meteorológica - Centro;2025-02-27 23:00:03;0;0;;Validado Manual;;;
MVD:WeatherObserved:00006;Estación Meteorológica - Centro;2025-02-27 23:05:03;0;0;;Validado Manual;;;
MVD:WeatherObserved:00006;Estación Meteorológica - Centro;2025-02-27 23:10:03;0;0;;Validado Manual;;;
MVD:WeatherObserved:00006;Estación Meteorológica - Centro;2025-02-27 23:15:04;0;0;;Validado Manual;;;
MVD:WeatherObserved:00006;Estación Meteorológica - Centro;2025-02-27 23:20:04;0;0;;Validado Manual;;;
MVD:WeatherObserved:00006;Estación Meteorológica - Centro;2025-02-27 23:25:04;0;0;;Validado Manual;;;
MVD:WeatherObserved:00006;Estación Meteorológica - Centro;2025-02-27 23:30:04;0;0;;Validado Manual;;;
MVD:WeatherObserved:00006;Estación Meteorológica - Centro;2025-02-27 23:35:04;0;0;;Validado Manual;;;
MVD:WeatherObserved:00006;Estación Meteorológica - Centro;2025-02-27 23:40:04;0;0;;Validado Manual;;;
MVD:WeatherObserved:00006;Estación Meteorológica - Centro;2025-02-27 23:45:04;0;0;;Validado Manual;;;
MVD:WeatherObserved:00006;Estación Meteorológica - Centro;2025-02-27 23:50:04;0;0;;Validado Manual;;;
MVD:WeatherObserved:00006;Estación Meteorológica - Centro;2025-02-27 23:55:04;0;0;;Validado Manual;;;
MVD:WeatherObserved:00006;Estación Meteorológica - Centro;2025-02-28 00:00:04;0;0;;Validado Manual;;;
MVD:WeatherObserved:00006;Estación Meteorológica - Centro;2025-02-28 00:05:04;0;0;;Validado Manual;;;
MVD:WeatherObserved:00006;Estación Meteorológica - Centro;2025-02-28 00:10:04;0;0;;Validado Manual;;;
MVD:WeatherObserved:00006;Estación Meteorológica - Centro;2025-02-28 00:15:04;0;0;;Validado Manual;;;
MVD:WeatherObserved:00006;Estación Meteorológica - Centro;2025-02-28 00:20:04;0;0;;Validado Manual;;;
MVD:WeatherObserved:00006;Estación Meteorológica - Centro;2025-02-28 00:25:05;0;0;;Validado Manual;;;
MVD:WeatherObserved:00006;Estación Meteorológica - Centro;2025-02-28 00:30:05;0;0;;Validado Manual;;;
MVD:WeatherObserved:00006;Estación Meteorológica - Centro;2025-02-28 00:35:05;0;0;;Validado Manual;;;
MVD:WeatherObserved:00006;Estación Meteorológica - Centro;2025-02-28 00:40:05;0;0;;Validado Manual;;;
MVD:WeatherObserved:00006;Estación Meteorológica - Centro;2025-02-28 00:45:05;0;0;;Validado Manual;;;
MVD:WeatherObserved:00006;Estación Meteorológica - Centro;2025-02-28 00:50:05;0;0;;Validado Manual;;;
MVD:WeatherObserved:00006;Estación Meteorológica - Centro;2025-02-28 00:55:05;0;0;;Validado Manual;;;
MVD:WeatherObserved:00006;Estación Meteorológica - Centro;2025-02-28 01:00:05;0;0;;Validado Manual;;;
MVD:WeatherObserved:00006;Estación Meteorológica - Centro;2025-02-28 01:05:05;0;0;;Validado Manual;;;
MVD:WeatherObserved:00006;Estación Meteorológica - Centro;2025-02-28 01:10:05;0;0;;Validado Manual;;;
MVD:WeatherObserved:00006;Estación Meteorológica - Centro;2025-02-28 01:15:05;0;0;;Validado Manual;;;
MVD:WeatherObserved:00006;Estación Meteorológica - Centro;2025-02-28 01:20:05;0;0;;Validado Manual;;;
MVD:WeatherObserved:00006;Estación Meteorológica - Centro;2025-02-28 01:25:05;0;0;;Validado Manual;;;
MVD:WeatherObserved:00006;Estación Meteorológica - Centro;2025-02-28 01:30:05;0;0;;Validado Manual;;;
MVD:WeatherObserved:00006;Estación Meteorológica - Centro;2025-02-28 01:35:05;0;0;;Validado Manual;;;
MVD:WeatherObserved:00006;Estación Meteorológica - Centro;2025-02-28 01:40:05;0;0;;Validado Manual;;;
MVD:WeatherObserved:00006;Estación Meteorológica - Centro;2025-02-28 01:45:06;0;0;;Validado Manual;;;
MVD:WeatherObserved:00006;Estación Meteorológica - Centro;2025-02-28 01:50:06;0;0;;Validado Manual;;;
MVD:WeatherObserved:00006;Estación Meteorológica - Centro;2025-02-28 01:55:06;0;0;;Validado Manual;;;
MVD:WeatherObserved:00006;Estación Meteorológica - Centro;2025-02-28 02:00:06;0;0;;Validado Manual;;;
MVD:WeatherObserved:00006;Estación Meteorológica - Centro;2025-02-28 02:05:06;0;0;;Validado Manual;;;
MVD:WeatherObserved:00006;Estación Meteorológica - Centro;2025-02-28 02:10:06;0;0;;Validado Manual;;;
MVD:WeatherObserved:00006;Estación Meteorológica - Centro;2025-02-28 02:15:06;0;0;;Validado Manual;;;
MVD:WeatherObserved:00006;Estación Meteorológica - Centro;2025-02-28 02:20:06;0;0;;Validado Manual;;;
MVD:WeatherObserved:00006;Estación Meteorológica - Centro;2025-02-28 02:25:06;0;0;;Validado Manual;;;
MVD:WeatherObserved:00006;Estación Meteorológica - Centro;2025-02-28 02:30:06;0;0;;Validado Manual;;;
MVD:WeatherObserved:00006;Estación Meteorológica - Centro;2025-02-28 02:35:06;0;0;;Validado Manual;;;
MVD:WeatherObserved:00006;Estación Meteorológica - Centro;2025-02-28 02:40:06;0;0;;Validado Manual;;;
MVD:WeatherObserved:00006;Estación Meteorológica - Centro;2025-02-28 02:45:06;0;0;;Validado Manual;;;
MVD:WeatherObserved:00006;Estación Meteorológica - Centro;2025-02-28 02:50:06;0;0;;Validado Manual;;;
MVD:WeatherObserved:00006;Estación Meteorológica - Centro;2025-02-28 02:55:06;0;0;;Validado Manual;;;
MVD:WeatherObserved:00006;Estación Meteorológica - Centro;2025-02-28 03:00:06;0;0;;Validado Manual;;;
MVD:WeatherObserved:00006;Estación Meteorológica - Centro;2025-02-28 03:05:06;0;0;;Validado Manual;;;
MVD:WeatherObserved:00006;Estación Meteorológica - Centro;2025-02-28 03:10:07;0;0;;Validado Manual;;;
MVD:WeatherObserved:00006;Estación Meteorológica - Centro;2025-02-28 03:15:07;0;0;;Validado Manual;;;
MVD:WeatherObserved:00006;Estación Meteorológica - Centro;2025-02-28 03:20:07;0;0;;Validado Manual;;;
MVD:WeatherObserved:00006;Estación Meteorológica - Centro;2025-02-28 03:25:07;0;0;;Validado Manual;;;
MVD:WeatherObserved:00006;Estación Meteorológica - Centro;2025-02-28 03:30:07;0;0;;Validado Manual;;;
MVD:WeatherObserved:00006;Estación Meteorológica - Centro;2025-02-28 03:35:07;0;0;;Validado Manual;;;
MVD:WeatherObserved:00006;Estación Meteorológica - Centro;2025-02-28 03:40:07;0;0;;Validado Manual;;;
MVD:WeatherObserved:00006;Estación Meteorológica - Centro;2025-02-28 03:45:07;0;0;;Validado Manual;;;
MVD:WeatherObserved:00006;Estación Meteorológica - Centro;2025-02-28 03:50:07;0;0;;Validado Manual;;;
MVD:WeatherObserved:00006;Estación Meteorológica - Centro;2025-02-28 03:55:07;0;0;;Validado Manual;;;
MVD:WeatherObserved:00006;Estación Meteorológica - Centro;2025-02-28 04:00:07;0;0;;Validado Manual;;;
MVD:WeatherObserved:00006;Estación Meteorológica - Centro;2025-02-28 04:05:07;0;0;;Validado Manual;;;
MVD:WeatherObserved:00006;Estación Meteorológica - Centro;2025-02-28 04:10:07;0;0;;Validado Manual;;;
MVD:WeatherObserved:00006;Estación Meteorológica - Centro;2025-02-28 04:15:07;0;0;;Validado Manual;;;
MVD:WeatherObserved:00006;Estación Meteorológica - Centro;2025-02-28 04:20:08;0;0;;Validado Manual;;;
MVD:WeatherObserved:00006;Estación Meteorológica - Centro;2025-02-28 04:25:08;0;0;;Validado Manual;;;
MVD:WeatherObserved:00006;Estación Meteorológica - Centro;2025-02-28 04:30:08;0;0;;Validado Manual;;;
MVD:WeatherObserved:00006;Estación Meteorológica - Centro;2025-02-28 04:35:08;0;0;;Validado Manual;;;
MVD:WeatherObserved:00006;Estación Meteorológica - Centro;2025-02-28 04:40:08;0;0;;Validado Manual;;;
MVD:WeatherObserved:00006;Estación Meteorológica - Centro;2025-02-28 04:45:08;0;0;;Validado Manual;;;
MVD:WeatherObserved:00006;Estación Meteorológica - Centro;2025-02-28 04:50:08;0;0;;Validado Manual;;;
MVD:WeatherObserved:00006;Estación Meteorológica - Centro;2025-02-28 04:55:08;0;0;;Validado Manual;;;
MVD:WeatherObserved:00006;Estación Meteorológica - Centro;2025-02-28 05:00:08;0;0;;Validado Manual;;;
MVD:WeatherObserved:00006;Estación Meteorológica - Centro;2025-02-28 05:05:08;0;0;;Validado Manual;;;
MVD:WeatherObserved:00006;Estación Meteorológica - Centro;2025-02-28 05:10:08;0;0;;Validado Manual;;;
MVD:WeatherObserved:00006;Estación Meteorológica - Centro;2025-02-28 05:15:08;0;0;;Validado Manual;;;
MVD:WeatherObserved:00006;Estación Meteorológica - Centro;2025-02-28 05:20:08;0;0;;Validado Manual;;;
MVD:WeatherObserved:00006;Estación Meteorológica - Centro;2025-02-28 05:25:08;0;0;;Validado Manual;;;
MVD:WeatherObserved:00006;Estación Meteorológica - Centro;2025-02-28 05:30:09;0;0;;Validado Manual;;;
MVD:WeatherObserved:00006;Estación Meteorológica - Centro;2025-02-28 05:35:09;0;0;;Validado Manual;;;
MVD:WeatherObserved:00006;Estación Meteorológica - Centro;2025-02-28 05:40:09;0;0;;Validado Manual;;;
MVD:WeatherObserved:00006;Estación Meteorológica - Centro;2025-02-28 05:45:09;0;0;;Validado Manual;;;
MVD:WeatherObserved:00006;Estación Meteorológica - Centro;2025-02-28 05:50:09;0;0;;Validado Manual;;;
MVD:WeatherObserved:00006;Estación Meteorológica - Centro;2025-02-28 05:55:09;0;0;;Validado Manual;;;
MVD:WeatherObserved:00006;Estación Meteorológica - Centro;2025-02-28 06:00:09;0;0;;Validado Manual;;;
MVD:WeatherObserved:00006;Estación Meteorológica - Centro;2025-02-28 06:05:09;0;0;;Validado Manual;;;
MVD:WeatherObserved:00006;Estación Meteorológica - Centro;2025-02-28 06:10:09;0;0;;Validado Manual;;;
MVD:WeatherObserved:00006;Estación Meteorológica - Centro;2025-02-28 06:15:09;0;0;;Validado Manual;;;
MVD:WeatherObserved:00006;Estación Meteorológica - Centro;2025-02-28 06:20:09;0;0;;Validado Manual;;;
MVD:WeatherObserved:00006;Estación Meteorológica - Centro;2025-02-28 06:25:09;0;0;;Validado Manual;;;
MVD:WeatherObserved:00006;Estación Meteorológica - Centro;2025-02-28 06:30:09;0;0;;Validado Manual;;;
MVD:WeatherObserved:00006;Estación Meteorológica - Centro;2025-02-28 06:35:10;0;0;;Validado Manual;;;
MVD:WeatherObserved:00006;Estación Meteorológica - Centro;2025-02-28 06:40:10;0;0;;Validado Manual;;;
MVD:WeatherObserved:00006;Estación Meteorológica - Centro;2025-02-28 06:45:10;0;0;;Validado Manual;;;
MVD:WeatherObserved:00006;Estación Meteorológica - Centro;2025-02-28 06:50:10;0;0;;Validado Manual;;;
MVD:WeatherObserved:00006;Estación Meteorológica - Centro;2025-02-28 06:55:10;0;0;;Validado Manual;;;
MVD:WeatherObserved:00006;Estación Meteorológica - Centro;2025-02-28 07:00:10;0;0;;Validado Manual;;;
MVD:WeatherObserved:00006;Estación Meteorológica - Centro;2025-02-28 07:05:10;0;0;;Validado Manual;;;
MVD:WeatherObserved:00006;Estación Meteorológica - Centro;2025-02-28 07:10:10;0;0;;Validado Manual;;;
MVD:WeatherObserved:00006;Estación Meteorológica - Centro;2025-02-28 07:15:10;0;0;;Validado Manual;;;
MVD:WeatherObserved:00006;Estación Meteorológica - Centro;2025-02-28 07:20:10;0;0;;Validado Manual;;;
MVD:WeatherObserved:00006;Estación Meteorológica - Centro;2025-02-28 07:25:10;0;0;;Validado Manual;;;
MVD:WeatherObserved:00006;Estación Meteorológica - Centro;2025-02-28 07:30:10;0;0;;Validado Manual;;;
MVD:WeatherObserved:00006;Estación Meteorológica - Centro;2025-02-28 07:35:10;0;0;;Validado Manual;;;
MVD:WeatherObserved:00006;Estación Meteorológica - Centro;2025-02-28 07:40:11;0;0;;Validado Manual;;;
MVD:WeatherObserved:00006;Estación Meteorológica - Centro;2025-02-28 07:45:11;0;0;;Validado Manual;;;
MVD:WeatherObserved:00006;Estación Meteorológica - Centro;2025-02-28 07:50:11;0;0;;Validado Manual;;;
MVD:WeatherObserved:00006;Estación Meteorológica - Centro;2025-02-28 07:55:11;0;0;;Validado Manual;;;
MVD:WeatherObserved:00006;Estación Meteorológica - Centro;2025-02-28 08:00:11;0;0;;Validado Manual;;;
MVD:WeatherObserved:00006;Estación Meteorológica - Centro;2025-02-28 08:05:11;0;0;;Validado Manual;;;
MVD:WeatherObserved:00006;Estación Meteorológica - Centro;2025-02-28 08:10:11;0;0;;Validado Manual;;;
MVD:WeatherObserved:00006;Estación Meteorológica - Centro;2025-02-28 08:15:11;0;0;;Validado Manual;;;
MVD:WeatherObserved:00006;Estación Meteorológica - Centro;2025-02-28 08:20:11;0;0;;Validado Manual;;;
MVD:WeatherObserved:00006;Estación Meteorológica - Centro;2025-02-28 08:25:11;0;0;;Validado Manual;;;
MVD:WeatherObserved:00006;Estación Meteorológica - Centro;2025-02-28 08:30:11;0;0;;Validado Manual;;;
MVD:WeatherObserved:00006;Estación Meteorológica - Centro;2025-02-28 08:35:11;0;0;;Validado Manual;;;
MVD:WeatherObserved:00006;Estación Meteorológica - Centro;2025-02-28 08:40:11;0;0;;Validado Manual;;;
MVD:WeatherObserved:00006;Estación Meteorológica - Centro;2025-02-28 08:45:11;0;0;;Validado Manual;;;
MVD:WeatherObserved:00006;Estación Meteorológica - Centro;2025-02-28 08:50:12;0;0;;Validado Manual;;;
MVD:WeatherObserved:00006;Estación Meteorológica - Centro;2025-02-28 08:55:12;0;0;;Validado Manual;;;
MVD:WeatherObserved:00006;Estación Meteorológica - Centro;2025-02-28 09:00:12;0;0;;Validado Manual;;;
MVD:WeatherObserved:00006;Estación Meteorológica - Centro;2025-02-28 09:05:12;0;0;;Validado Manual;;;
MVD:WeatherObserved:00006;Estación Meteorológica - Centro;2025-02-28 09:10:12;0;0;;Validado Manual;;;
MVD:WeatherObserved:00006;Estación Meteorológica - Centro;2025-02-28 09:15:12;0;0;;Validado Manual;;;
MVD:WeatherObserved:00006;Estación Meteorológica - Centro;2025-02-28 09:20:12;0;0;;Validado Manual;;;
MVD:WeatherObserved:00006;Estación Meteorológica - Centro;2025-02-28 09:25:12;0;0;;Validado Manual;;;
MVD:WeatherObserved:00006;Estación Meteorológica - Centro;2025-02-28 09:30:12;0;0;;Validado Manual;;;
MVD:WeatherObserved:00006;Estación Meteorológica - Centro;2025-02-28 09:35:12;0;0;;Validado Manual;;;
MVD:WeatherObserved:00006;Estación Meteorológica - Centro;2025-02-28 09:40:12;0;0;;Validado Manual;;;
MVD:WeatherObserved:00006;Estación Meteorológica - Centro;2025-02-28 09:45:12;0;0;;Validado Manual;;;
MVD:WeatherObserved:00006;Estación Meteorológica - Centro;2025-02-28 09:50:12;0;0;;Validado Manual;;;
MVD:WeatherObserved:00006;Estación Meteorológica - Centro;2025-02-28 09:55:12;0;0;;Validado Manual;;;
MVD:WeatherObserved:00006;Estación Meteorológica - Centro;2025-02-28 10:00:12;0;0;;Validado Manual;;;
MVD:WeatherObserved:00006;Estación Meteorológica - Centro;2025-02-28 10:05:12;0;0;;Validado Manual;;;
MVD:WeatherObserved:00006;Estación Meteorológica - Centro;2025-02-28 10:10:13;0;0;;Validado Manual;;;
MVD:WeatherObserved:00006;Estación Meteorológica - Centro;2025-02-28 10:15:13;0;0;;Validado Manual;;;
MVD:WeatherObserved:00006;Estación Meteorológica - Centro;2025-02-28 10:20:14;0;0;;Validado Manual;;;
MVD:WeatherObserved:00006;Estación Meteorológica - Centro;2025-02-28 10:25:13;0;0;;Validado Manual;;;
MVD:WeatherObserved:00006;Estación Meteorológica - Centro;2025-02-28 10:30:13;0;0;;Validado Manual;;;
MVD:WeatherObserved:00006;Estación Meteorológica - Centro;2025-02-28 10:35:13;0;0;;Validado Manual;;;
MVD:WeatherObserved:00006;Estación Meteorológica - Centro;2025-02-28 10:40:13;0;0;;Validado Manual;;;
MVD:WeatherObserved:00006;Estación Meteorológica - Centro;2025-02-28 10:45:13;0;0;;Validado Manual;;;
MVD:WeatherObserved:00006;Estación Meteorológica - Centro;2025-02-28 10:50:13;0;0;;Validado Manual;;;
MVD:WeatherObserved:00006;Estación Meteorológica - Centro;2025-02-28 10:55:13;0;0;;Validado Manual;;;
MVD:WeatherObserved:00006;Estación Meteorológica - Centro;2025-02-28 11:00:13;0;0;;Validado Manual;;;
MVD:WeatherObserved:00006;Estación Meteorológica - Centro;2025-02-28 11:05:13;0;0;;Validado Manual;;;
MVD:WeatherObserved:00006;Estación Meteorológica - Centro;2025-02-28 11:10:13;0;0;;Validado Manual;;;
MVD:WeatherObserved:00006;Estación Meteorológica - Centro;2025-02-28 11:15:13;0;0;;Validado Manual;;;
MVD:WeatherObserved:00006;Estación Meteorológica - Centro;2025-02-28 11:20:13;0;0;;Validado Manual;;;
MVD:WeatherObserved:00006;Estación Meteorológica - Centro;2025-02-28 11:25:14;0;0;;Validado Manual;;;
MVD:WeatherObserved:00006;Estación Meteorológica - Centro;2025-02-28 11:30:14;0;0;;Validado Manual;;;
MVD:WeatherObserved:00006;Estación Meteorológica - Centro;2025-02-28 11:35:14;0;0;;Validado Manual;;;
MVD:WeatherObserved:00006;Estación Meteorológica - Centro;2025-02-28 11:40:14;0;0;;Validado Manual;;;
MVD:WeatherObserved:00006;Estación Meteorológica - Centro;2025-02-28 11:45:14;0;0;;Validado Manual;;;
MVD:WeatherObserved:00006;Estación Meteorológica - Centro;2025-02-28 11:50:14;0;0;;Validado Manual;;;
MVD:WeatherObserved:00006;Estación Meteorológica - Centro;2025-02-28 11:55:14;0;0;;Validado Manual;;;
MVD:WeatherObserved:00006;Estación Meteorológica - Centro;2025-02-28 12:00:14;0;0;;Validado Manual;;;
MVD:WeatherObserved:00006;Estación Meteorológica - Centro;2025-02-28 12:05:14;0;0;;Validado Manual;;;
MVD:WeatherObserved:00006;Estación Meteorológica - Centro;2025-02-28 12:10:14;0;0;;Validado Manual;;;
MVD:WeatherObserved:00006;Estación Meteorológica - Centro;2025-02-28 12:15:14;0;0;;Validado Manual;;;
MVD:WeatherObserved:00006;Estación Meteorológica - Centro;2025-02-28 12:20:14;0;0;;Validado Manual;;;
MVD:WeatherObserved:00006;Estación Meteorológica - Centro;2025-02-28 12:25:14;0;0;;Validado Manual;;;
MVD:WeatherObserved:00006;Estación Meteorológica - Centro;2025-02-28 12:30:14;0;0;;Validado Manual;;;
MVD:WeatherObserved:00006;Estación Meteorológica - Centro;2025-02-28 12:35:14;0;0;;Validado Manual;;;
MVD:WeatherObserved:00006;Estación Meteorológica - Centro;2025-02-28 12:40:14;0;0;;Validado Manual;;;
MVD:WeatherObserved:00006;Estación Meteorológica - Centro;2025-02-28 12:45:15;0;0;;Validado Manual;;;
MVD:WeatherObserved:00006;Estación Meteorológica - Centro;2025-02-28 12:50:15;0;0;;Validado Manual;;;
MVD:WeatherObserved:00006;Estación Meteorológica - Centro;2025-02-28 12:55:15;0;0;;Validado Manual;;;
MVD:WeatherObserved:00006;Estación Meteorológica - Centro;2025-02-28 13:00:15;0;0;;Validado Manual;;;
MVD:WeatherObserved:00006;Estación Meteorológica - Centro;2025-02-28 13:05:15;0;0;;Validado Manual;;;
MVD:WeatherObserved:00006;Estación Meteorológica - Centro;2025-02-28 13:10:15;0;0;;Validado Manual;;;
MVD:WeatherObserved:00006;Estación Meteorológica - Centro;2025-02-28 13:15:15;0;0;;Validado Manual;;;
MVD:WeatherObserved:00006;Estación Meteorológica - Centro;2025-02-28 13:20:15;0;0;;Validado Manual;;;
MVD:WeatherObserved:00006;Estación Meteorológica - Centro;2025-02-28 13:25:15;0;0;;Validado Manual;;;
MVD:WeatherObserved:00006;Estación Meteorológica - Centro;2025-02-28 13:30:15;0;0;;Validado Manual;;;
MVD:WeatherObserved:00006;Estación Meteorológica - Centro;2025-02-28 13:35:15;0;0;;Validado Manual;;;
MVD:WeatherObserved:00006;Estación Meteorológica - Centro;2025-02-28 13:40:15;0;0;;Validado Manual;;;
MVD:WeatherObserved:00006;Estación Meteorológica - Centro;2025-02-28 13:45:15;0;0;;Validado Manual;;;
MVD:WeatherObserved:00006;Estación Meteorológica - Centro;2025-02-28 13:50:15;0;0;;Validado Manual;;;
MVD:WeatherObserved:00006;Estación Meteorológica - Centro;2025-02-28 13:55:15;0;0;;Validado Manual;;;
MVD:WeatherObserved:00006;Estación Meteorológica - Centro;2025-02-28 14:00:15;0;0;;Validado Manual;;;
MVD:WeatherObserved:00006;Estación Meteorológica - Centro;2025-02-28 14:05:16;0;0;;Validado Manual;;;
MVD:WeatherObserved:00006;Estación Meteorológica - Centro;2025-02-28 14:10:16;0;0;;Validado Manual;;;
MVD:WeatherObserved:00006;Estación Meteorológica - Centro;2025-02-28 14:15:16;0;0;;Validado Manual;;;
MVD:WeatherObserved:00006;Estación Meteorológica - Centro;2025-02-28 14:20:16;0;0;;Validado Manual;;;
MVD:WeatherObserved:00006;Estación Meteorológica - Centro;2025-02-28 14:25:16;0;0;;Validado Manual;;;
MVD:WeatherObserved:00006;Estación Meteorológica - Centro;2025-02-28 14:30:16;0;0;;Validado Manual;;;
MVD:WeatherObserved:00006;Estación Meteorológica - Centro;2025-02-28 14:35:16;0;0;;Validado Manual;;;
MVD:WeatherObserved:00006;Estación Meteorológica - Centro;2025-02-28 14:40:16;0;0;;Validado Manual;;;
MVD:WeatherObserved:00006;Estación Meteorológica - Centro;2025-02-28 14:45:16;0;0;;Validado Manual;;;
MVD:WeatherObserved:00006;Estación Meteorológica - Centro;2025-02-28 14:50:16;0;0;;Validado Manual;;;
MVD:WeatherObserved:00006;Estación Meteorológica - Centro;2025-02-28 14:55:16;0;0;;Validado Manual;;;
MVD:WeatherObserved:00006;Estación Meteorológica - Centro;2025-02-28 15:00:16;0;0;;Validado Manual;;;
MVD:WeatherObserved:00006;Estación Meteorológica - Centro;2025-02-28 15:05:17;0;0;;Validado Manual;;;
MVD:WeatherObserved:00006;Estación Meteorológica - Centro;2025-02-28 15:10:17;0;0;;Validado Manual;;;
MVD:WeatherObserved:00006;Estación Meteorológica - Centro;2025-02-28 15:15:17;0;0;;Validado Manual;;;
MVD:WeatherObserved:00006;Estación Meteorológica - Centro;2025-02-28 15:20:17;0;0;;Validado Manual;;;
MVD:WeatherObserved:00006;Estación Meteorológica - Centro;2025-02-28 15:25:17;0;0;;Validado Manual;;;
MVD:WeatherObserved:00006;Estación Meteorológica - Centro;2025-02-28 15:30:17;0;0;;Validado Manual;;;
MVD:WeatherObserved:00006;Estación Meteorológica - Centro;2025-02-28 15:35:17;0;0;;Validado Manual;;;
MVD:WeatherObserved:00006;Estación Meteorológica - Centro;2025-02-28 15:40:17;0;0;;Validado Manual;;;
MVD:WeatherObserved:00006;Estación Meteorológica - Centro;2025-02-28 15:45:17;0;0;;Validado Manual;;;
MVD:WeatherObserved:00006;Estación Meteorológica - Centro;2025-02-28 15:50:17;0;0;;Validado Manual;;;
MVD:WeatherObserved:00006;Estación Meteorológica - Centro;2025-02-28 15:55:17;0;0;;Validado Manual;;;
MVD:WeatherObserved:00006;Estación Meteorológica - Centro;2025-02-28 16:00:17;0;0;;Validado Manual;;;
MVD:WeatherObserved:00006;Estación Meteorológica - Centro;2025-02-28 16:05:17;0;0;;Validado Manual;;;
MVD:WeatherObserved:00006;Estación Meteorológica - Centro;2025-02-28 16:10:17;0;0;;Validado Manual;;;
MVD:WeatherObserved:00006;Estación Meteorológica - Centro;2025-02-28 16:15:18;0;0;;Validado Manual;;;
MVD:WeatherObserved:00006;Estación Meteorológica - Centro;2025-02-28 16:20:18;0,25;0,25;0,25;Validado Manual;;;
MVD:WeatherObserved:00006;Estación Meteorológica - Centro;2025-02-28 16:25:18;0,51;0,51;0,51;Validado Manual;;;
MVD:WeatherObserved:00006;Estación Meteorológica - Centro;2025-02-28 16:30:18;0,76;0,76;0,76;Validado Manual;;;
MVD:WeatherObserved:00006;Estación Meteorológica - Centro;2025-02-28 16:35:18;1,02;1,02;1,02;Validado Manual;;;
MVD:WeatherObserved:00006;Estación Meteorológica - Centro;2025-02-28 16:40:18;1,02;1,02;1,02;Validado Manual;;;
MVD:WeatherObserved:00006;Estación Meteorológica - Centro;2025-02-28 16:45:18;1,02;1,02;1,02;Validado Manual;;;
MVD:WeatherObserved:00006;Estación Meteorológica - Centro;2025-02-28 16:50:18;1,02;1,02;1,02;Validado Manual;;;
MVD:WeatherObserved:00006;Estación Meteorológica - Centro;2025-02-28 16:55:18;1,02;1,02;1,02;Validado Manual;;;
MVD:WeatherObserved:00006;Estación Meteorológica - Centro;2025-02-28 17:00:18;1,02;1,02;1,02;Validado Manual;;;
MVD:WeatherObserved:00006;Estación Meteorológica - Centro;2025-02-28 17:05:18;1,02;1,02;1,02;Validado Manual;;;
MVD:WeatherObserved:00006;Estación Meteorológica - Centro;2025-02-28 17:10:18;1,02;1,02;1,02;Validado Manual;;;
MVD:WeatherObserved:00006;Estación Meteorológica - Centro;2025-02-28 17:15:18;1,02;1,02;1,02;Validado Manual;;;
MVD:WeatherObserved:00006;Estación Meteorológica - Centro;2025-02-28 17:20:18;1,02;1,02;1,02;Validado Manual;;;
MVD:WeatherObserved:00006;Estación Meteorológica - Centro;2025-02-28 17:25:18;1,02;1,02;1,02;Validado Manual;;;
MVD:WeatherObserved:00006;Estación Meteorológica - Centro;2025-02-28 17:30:19;1,02;1,02;1,02;Validado Manual;;;
MVD:WeatherObserved:00006;Estación Meteorológica - Centro;2025-02-28 17:35:19;1,02;1,02;1,02;Validado Manual;;;
MVD:WeatherObserved:00006;Estación Meteorológica - Centro;2025-02-28 17:40:19;1,02;1,02;1,02;Validado Manual;;;
MVD:WeatherObserved:00006;Estación Meteorológica - Centro;2025-02-28 17:45:19;1,27;1,27;1,27;Validado Manual;;;
MVD:WeatherObserved:00006;Estación Meteorológica - Centro;2025-02-28 17:50:19;1,27;1,27;1,27;Validado Manual;;;
MVD:WeatherObserved:00006;Estación Meteorológica - Centro;2025-02-28 17:55:19;1,27;1,27;1,27;Validado Manual;;;
MVD:WeatherObserved:00006;Estación Meteorológica - Centro;2025-02-28 18:00:19;1,27;1,27;1,27;Validado Manual;;;
MVD:WeatherObserved:00006;Estación Meteorológica - Centro;2025-02-28 18:05:19;1,27;1,27;1,27;Validado Manual;;;
MVD:WeatherObserved:00006;Estación Meteorológica - Centro;2025-02-28 18:10:19;1,27;1,27;1,27;Validado Manual;;;
MVD:WeatherObserved:00006;Estación Meteorológica - Centro;2025-02-28 18:15:19;1,27;1,27;1,27;Validado Manual;;;
MVD:WeatherObserved:00006;Estación Meteorológica - Centro;2025-02-28 18:20:19;1,27;1,27;1,27;Validado Manual;;;
MVD:WeatherObserved:00006;Estación Meteorológica - Centro;2025-02-28 18:25:19;1,27;1,27;1,27;Validado Manual;;;
MVD:WeatherObserved:00006;Estación Meteorológica - Centro;2025-02-28 18:30:19;1,27;1,27;1,27;Validado Manual;;;
MVD:WeatherObserved:00006;Estación Meteorológica - Centro;2025-02-28 18:35:19;1,27;1,27;1,27;Validado Manual;;;
MVD:WeatherObserved:00006;Estación Meteorológica - Centro;2025-02-28 18:40:19;1,27;1,27;1,27;Validado Manual;;;
MVD:WeatherObserved:00006;Estación Meteorológica - Centro;2025-02-28 18:45:19;1,27;1,27;1,27;Validado Manual;;;
MVD:WeatherObserved:00006;Estación Meteorológica - Centro;2025-02-28 18:50:19;1,27;1,27;1,27;Validado Manual;;;
MVD:WeatherObserved:00006;Estación Meteorológica - Centro;2025-02-28 18:55:20;1,27;1,27;1,27;Validado Manual;;;
MVD:WeatherObserved:00006;Estación Meteorológica - Centro;2025-02-28 19:00:20;1,27;1,27;1,27;Validado Manual;;;
MVD:WeatherObserved:00006;Estación Meteorológica - Centro;2025-02-28 19:05:20;1,27;1,27;1,27;Validado Manual;;;
MVD:WeatherObserved:00006;Estación Meteorológica - Centro;2025-02-28 19:10:20;1,27;1,27;1,27;Validado Manual;;;
MVD:WeatherObserved:00006;Estación Meteorológica - Centro;2025-02-28 19:15:20;1,27;1,27;1,27;Validado Manual;;;
MVD:WeatherObserved:00006;Estación Meteorológica - Centro;2025-02-28 19:20:20;1,27;1,27;1,27;Validado Manual;;;
MVD:WeatherObserved:00006;Estación Meteorológica - Centro;2025-02-28 19:25:20;1,27;1,27;1,27;Validado Manual;;;
MVD:WeatherObserved:00006;Estación Meteorológica - Centro;2025-02-28 19:30:20;1,27;1,27;1,27;Validado Manual;;;
MVD:WeatherObserved:00006;Estación Meteorológica - Centro;2025-02-28 19:35:20;1,27;1,27;1,27;Validado Manual;;;
MVD:WeatherObserved:00006;Estación Meteorológica - Centro;2025-02-28 19:40:20;1,27;1,27;1,27;Validado Manual;;;
MVD:WeatherObserved:00006;Estación Meteorológica - Centro;2025-02-28 19:45:20;1,27;1,27;1,27;Validado Manual;;;
MVD:WeatherObserved:00006;Estación Meteorológica - Centro;2025-02-28 19:50:20;1,27;1,27;1,27;Validado Manual;;;
MVD:WeatherObserved:00006;Estación Meteorológica - Centro;2025-02-28 19:55:20;1,27;1,27;1,27;Validado Manual;;;
MVD:WeatherObserved:00006;Estación Meteorológica - Centro;2025-02-28 20:00:20;1,52;1,52;1,52;Validado Manual;;;
MVD:WeatherObserved:00006;Estación Meteorológica - Centro;2025-02-28 20:05:21;1,52;1,52;1,52;Validado Manual;;;
MVD:WeatherObserved:00006;Estación Meteorológica - Centro;2025-02-28 20:10:21;1,52;1,52;1,52;Validado Manual;;;
MVD:WeatherObserved:00006;Estación Meteorológica - Centro;2025-02-28 20:15:21;1,52;1,52;1,52;Validado Manual;;;
MVD:WeatherObserved:00006;Estación Meteorológica - Centro;2025-02-28 20:20:21;1,52;1,52;1,52;Validado Manual;;;
MVD:WeatherObserved:00006;Estación Meteorológica - Centro;2025-02-28 20:25:21;1,52;1,52;1,52;Validado Manual;;;
MVD:WeatherObserved:00006;Estación Meteorológica - Centro;2025-02-28 20:30:21;1,52;1,52;1,52;Validado Manual;;;
MVD:WeatherObserved:00006;Estación Meteorológica - Centro;2025-02-28 20:35:21;1,52;1,52;1,52;Validado Manual;;;
MVD:WeatherObserved:00006;Estación Meteorológica - Centro;2025-02-28 20:40:21;1,52;1,52;1,52;Validado Manual;;;
MVD:WeatherObserved:00006;Estación Meteorológica - Centro;2025-02-28 20:45:21;1,52;1,52;1,52;Validado Manual;;;
MVD:WeatherObserved:00006;Estación Meteorológica - Centro;2025-02-28 20:50:21;1,52;1,52;1,52;Validado Manual;;;
MVD:WeatherObserved:00006;Estación Meteorológica - Centro;2025-02-28 20:55:21;1,52;1,52;1,52;Validado Manual;;;
MVD:WeatherObserved:00006;Estación Meteorológica - Centro;2025-02-28 21:00:21;1,52;1,52;1,52;Validado Manual;;;
MVD:WeatherObserved:00006;Estación Meteorológica - Centro;2025-02-28 21:05:21;1,52;1,52;1,52;Validado Manual;;;
MVD:WeatherObserved:00006;Estación Meteorológica - Centro;2025-02-28 21:10:21;1,52;1,52;1,52;Validado Manual;;;
MVD:WeatherObserved:00006;Estación Meteorológica - Centro;2025-02-28 21:15:21;1,52;1,52;1,52;Validado Manual;;;
MVD:WeatherObserved:00006;Estación Meteorológica - Centro;2025-02-28 21:20:21;1,52;1,52;1,52;Validado Manual;;;
MVD:WeatherObserved:00006;Estación Meteorológica - Centro;2025-02-28 21:25:21;1,52;1,52;1,52;Validado Manual;;;
MVD:WeatherObserved:00006;Estación Meteorológica - Centro;2025-02-28 21:30:21;1,78;1,78;1,78;Validado Manual;;;
MVD:WeatherObserved:00006;Estación Meteorológica - Centro;2025-02-28 21:35:22;1,78;1,78;1,78;Validado Manual;;;
MVD:WeatherObserved:00006;Estación Meteorológica - Centro;2025-02-28 21:40:22;2,03;2,03;2,03;Validado Manual;;;
MVD:WeatherObserved:00006;Estación Meteorológica - Centro;2025-02-28 21:45:22;2,03;2,03;2,03;Validado Manual;;;
MVD:WeatherObserved:00006;Estación Meteorológica - Centro;2025-02-28 21:50:22;2,29;2,29;2,29;Validado Manual;;;
MVD:WeatherObserved:00006;Estación Meteorológica - Centro;2025-02-28 21:55:22;2,29;2,29;2,29;Validado Manual;;;
MVD:WeatherObserved:00006;Estación Meteorológica - Centro;2025-02-28 22:00:22;2,54;2,54;2,54;Validado Manual;;;
MVD:WeatherObserved:00006;Estación Meteorológica - Centro;2025-02-28 22:05:22;2,54;2,54;2,54;Validado Manual;;;
MVD:WeatherObserved:00006;Estación Meteorológica - Centro;2025-02-28 22:10:22;2,79;2,79;2,79;Validado Manual;;;
MVD:WeatherObserved:00006;Estación Meteorológica - Centro;2025-02-28 22:15:22;3,05;3,05;3,05;Validado Manual;;;
MVD:WeatherObserved:00006;Estación Meteorológica - Centro;2025-02-28 22:20:22;3,05;3,05;3,05;Validado Manual;;;
MVD:WeatherObserved:00006;Estación Meteorológica - Centro;2025-02-28 22:25:22;3,3;3,3;3,3;Validado Manual;;;
MVD:WeatherObserved:00006;Estación Meteorológica - Centro;2025-02-28 22:30:22;3,3;3,3;3,3;Validado Manual;;;
MVD:WeatherObserved:00006;Estación Meteorológica - Centro;2025-02-28 22:35:22;3,3;3,3;3,3;Validado Manual;;;
MVD:WeatherObserved:00006;Estación Meteorológica - Centro;2025-02-28 22:40:23;3,56;3,56;3,56;Validado Manual;;;
MVD:WeatherObserved:00006;Estación Meteorológica - Centro;2025-02-28 22:45:23;3,81;3,81;3,81;Validado Manual;;;
MVD:WeatherObserved:00006;Estación Meteorológica - Centro;2025-02-28 22:50:23;4,06;4,06;4,06;Validado Manual;;;
MVD:WeatherObserved:00006;Estación Meteorológica - Centro;2025-02-28 22:55:23;4,32;4,32;4,32;Validado Manual;;;
MVD:WeatherObserved:00006;Estación Meteorológica - Centro;2025-02-28 23:00:23;4,57;4,57;4,57;Validado Manual;;;
MVD:WeatherObserved:00006;Estación Meteorológica - Centro;2025-02-28 23:05:23;4,57;4,57;4,57;Validado Manual;;;
MVD:WeatherObserved:00006;Estación Meteorológica - Centro;2025-02-28 23:10:23;5,08;5,08;5,08;Validado Manual;;;
MVD:WeatherObserved:00006;Estación Meteorológica - Centro;2025-02-28 23:15:23;5,08;5,08;5,08;Validado Manual;;;
MVD:WeatherObserved:00006;Estación Meteorológica - Centro;2025-02-28 23:20:23;5,33;5,33;5,33;Validado Manual;;;
MVD:WeatherObserved:00006;Estación Meteorológica - Centro;2025-02-28 23:25:23;5,59;5,59;5,59;Validado Manual;;;
MVD:WeatherObserved:00006;Estación Meteorológica - Centro;2025-02-28 23:30:23;5,59;5,59;5,59;Validado Manual;;;
MVD:WeatherObserved:00006;Estación Meteorológica - Centro;2025-02-28 23:35:23;5,59;5,59;5,59;Validado Manual;;;
MVD:WeatherObserved:00006;Estación Meteorológica - Centro;2025-02-28 23:40:23;5,59;5,59;5,59;Validado Manual;;;
MVD:WeatherObserved:00006;Estación Meteorológica - Centro;2025-02-28 23:45:24;5,59;5,59;5,59;Validado Manual;;;
MVD:WeatherObserved:00006;Estación Meteorológica - Centro;2025-02-28 23:50:24;5,59;5,59;5,59;Validado Manual;;;
MVD:WeatherObserved:00006;Estación Meteorológica - Centro;2025-02-28 23:55:24;5,59;5,59;5,59;Validado Manual;;;